tahun,wilayah,kategori_kendaraan,jumlah_kendaraan,kode_wilayah_encoded,lag_1,lag_2,growth
2021,KABUPATEN BANDUNG,0,119820.0,0,0.0,0.0,0.0
2021,KABUPATEN BANDUNG,0,119820.0,0,119820.0,0.0,0.0
2021,KABUPATEN BANDUNG,0,119820.0,0,119820.0,119820.0,0.0
2021,KABUPATEN BANDUNG,0,119820.0,0,119820.0,119820.0,0.0
2021,KABUPATEN BANDUNG,0,119820.0,0,119820.0,119820.0,0.0
2021,KABUPATEN BANDUNG,0,119820.0,0,119820.0,119820.0,0.0
2021,KABUPATEN BANDUNG,0,119820.0,0,119820.0,119820.0,0.0
2021,KABUPATEN BANDUNG,0,119820.0,0,119820.0,119820.0,0.0
2021,KABUPATEN BANDUNG,0,119820.0,0,119820.0,119820.0,0.0
2021,KABUPATEN BANDUNG,0,119820.0,0,119820.0,119820.0,0.0
2021,KABUPATEN BANDUNG,0,119820.0,0,119820.0,119820.0,0.0
2022,KABUPATEN BANDUNG,0,125496.0,0,119820.0,119820.0,0.0
2022,KABUPATEN BANDUNG,0,125496.0,0,125496.0,119820.0,0.047371056584877315
2022,KABUPATEN BANDUNG,0,125496.0,0,125496.0,125496.0,0.0
2023,KABUPATEN BANDUNG,0,130443.0,0,125496.0,125496.0,0.0
2023,KABUPATEN BANDUNG,0,130443.0,0,130443.0,125496.0,0.03941958309428189
2023,KABUPATEN BANDUNG,0,130443.0,0,130443.0,130443.0,0.0
2023,KABUPATEN BANDUNG,0,130443.0,0,130443.0,130443.0,0.0
2023,KABUPATEN BANDUNG,0,130443.0,0,130443.0,130443.0,0.0
2023,KABUPATEN BANDUNG,0,130443.0,0,130443.0,130443.0,0.0
2023,KABUPATEN BANDUNG,0,130443.0,0,130443.0,130443.0,0.0
2023,KABUPATEN BANDUNG,0,130443.0,0,130443.0,130443.0,0.0
2023,KABUPATEN BANDUNG,0,130443.0,0,130443.0,130443.0,0.0
2023,KABUPATEN BANDUNG,0,130443.0,0,130443.0,130443.0,0.0
2023,KABUPATEN BANDUNG,0,130443.0,0,130443.0,130443.0,0.0
2023,KABUPATEN BANDUNG,0,130443.0,0,130443.0,130443.0,0.0
2023,KABUPATEN BANDUNG,0,130443.0,0,130443.0,130443.0,0.0
2023,KABUPATEN BANDUNG,0,130443.0,0,130443.0,130443.0,0.0
2023,KABUPATEN BANDUNG,0,130443.0,0,130443.0,130443.0,0.0
2024,KABUPATEN BANDUNG,0,133007.0,0,130443.0,130443.0,0.0
2024,KABUPATEN BANDUNG,0,133007.0,0,133007.0,130443.0,0.019656094999348374
2024,KABUPATEN BANDUNG,0,133007.0,0,133007.0,133007.0,0.0
2024,KABUPATEN BANDUNG,0,133007.0,0,133007.0,133007.0,0.0
2024,KABUPATEN BANDUNG,0,133007.0,0,133007.0,133007.0,0.0
2024,KABUPATEN BANDUNG,0,133007.0,0,133007.0,133007.0,0.0
2024,KABUPATEN BANDUNG,0,133007.0,0,133007.0,133007.0,0.0
2024,KABUPATEN BANDUNG,0,133007.0,0,133007.0,133007.0,0.0
2021,KABUPATEN BANDUNG,1,944465.0,0,0.0,0.0,0.0
2021,KABUPATEN BANDUNG,1,944465.0,0,944465.0,0.0,0.0
2021,KABUPATEN BANDUNG,1,944465.0,0,944465.0,944465.0,0.0
2021,KABUPATEN BANDUNG,1,944465.0,0,944465.0,944465.0,0.0
2021,KABUPATEN BANDUNG,1,944465.0,0,944465.0,944465.0,0.0
2021,KABUPATEN BANDUNG,1,944465.0,0,944465.0,944465.0,0.0
2021,KABUPATEN BANDUNG,1,944465.0,0,944465.0,944465.0,0.0
2021,KABUPATEN BANDUNG,1,944465.0,0,944465.0,944465.0,0.0
2021,KABUPATEN BANDUNG,1,944465.0,0,944465.0,944465.0,0.0
2021,KABUPATEN BANDUNG,1,944465.0,0,944465.0,944465.0,0.0
2021,KABUPATEN BANDUNG,1,944465.0,0,944465.0,944465.0,0.0
2022,KABUPATEN BANDUNG,1,957033.0,0,944465.0,944465.0,0.0
2022,KABUPATEN BANDUNG,1,957033.0,0,957033.0,944465.0,0.013307004494608058
2022,KABUPATEN BANDUNG,1,957033.0,0,957033.0,957033.0,0.0
2023,KABUPATEN BANDUNG,1,973384.0,0,957033.0,957033.0,0.0
2023,KABUPATEN BANDUNG,1,973384.0,0,973384.0,957033.0,0.017085095289295145
2023,KABUPATEN BANDUNG,1,973384.0,0,973384.0,973384.0,0.0
2023,KABUPATEN BANDUNG,1,973384.0,0,973384.0,973384.0,0.0
2023,KABUPATEN BANDUNG,1,973384.0,0,973384.0,973384.0,0.0
2023,KABUPATEN BANDUNG,1,973384.0,0,973384.0,973384.0,0.0
2023,KABUPATEN BANDUNG,1,973384.0,0,973384.0,973384.0,0.0
2023,KABUPATEN BANDUNG,1,973384.0,0,973384.0,973384.0,0.0
2023,KABUPATEN BANDUNG,1,973384.0,0,973384.0,973384.0,0.0
2023,KABUPATEN BANDUNG,1,973384.0,0,973384.0,973384.0,0.0
2023,KABUPATEN BANDUNG,1,973384.0,0,973384.0,973384.0,0.0
2023,KABUPATEN BANDUNG,1,973384.0,0,973384.0,973384.0,0.0
2023,KABUPATEN BANDUNG,1,973384.0,0,973384.0,973384.0,0.0
2023,KABUPATEN BANDUNG,1,973384.0,0,973384.0,973384.0,0.0
2023,KABUPATEN BANDUNG,1,973384.0,0,973384.0,973384.0,0.0
2024,KABUPATEN BANDUNG,1,975892.0,0,973384.0,973384.0,0.0
2024,KABUPATEN BANDUNG,1,975892.0,0,975892.0,973384.0,0.002576578205518069
2024,KABUPATEN BANDUNG,1,975892.0,0,975892.0,975892.0,0.0
2024,KABUPATEN BANDUNG,1,975892.0,0,975892.0,975892.0,0.0
2024,KABUPATEN BANDUNG,1,975892.0,0,975892.0,975892.0,0.0
2024,KABUPATEN BANDUNG,1,975892.0,0,975892.0,975892.0,0.0
2024,KABUPATEN BANDUNG,1,975892.0,0,975892.0,975892.0,0.0
2024,KABUPATEN BANDUNG,1,975892.0,0,975892.0,975892.0,0.0
2021,KABUPATEN BANDUNG,2,964.0,0,0.0,0.0,0.0
2021,KABUPATEN BANDUNG,2,964.0,0,964.0,0.0,0.0
2021,KABUPATEN BANDUNG,2,964.0,0,964.0,964.0,0.0
2021,KABUPATEN BANDUNG,2,964.0,0,964.0,964.0,0.0
2021,KABUPATEN BANDUNG,2,964.0,0,964.0,964.0,0.0
2021,KABUPATEN BANDUNG,2,964.0,0,964.0,964.0,0.0
2021,KABUPATEN BANDUNG,2,964.0,0,964.0,964.0,0.0
2021,KABUPATEN BANDUNG,2,964.0,0,964.0,964.0,0.0
2021,KABUPATEN BANDUNG,2,964.0,0,964.0,964.0,0.0
2021,KABUPATEN BANDUNG,2,964.0,0,964.0,964.0,0.0
2021,KABUPATEN BANDUNG,2,964.0,0,964.0,964.0,0.0
2022,KABUPATEN BANDUNG,2,982.0,0,964.0,964.0,0.0
2022,KABUPATEN BANDUNG,2,982.0,0,982.0,964.0,0.01867219917012448
2022,KABUPATEN BANDUNG,2,982.0,0,982.0,982.0,0.0
2023,KABUPATEN BANDUNG,2,984.0,0,982.0,982.0,0.0
2023,KABUPATEN BANDUNG,2,984.0,0,984.0,982.0,0.002036659877800407
2023,KABUPATEN BANDUNG,2,984.0,0,984.0,984.0,0.0
2023,KABUPATEN BANDUNG,2,984.0,0,984.0,984.0,0.0
2023,KABUPATEN BANDUNG,2,984.0,0,984.0,984.0,0.0
2023,KABUPATEN BANDUNG,2,984.0,0,984.0,984.0,0.0
2023,KABUPATEN BANDUNG,2,984.0,0,984.0,984.0,0.0
2023,KABUPATEN BANDUNG,2,984.0,0,984.0,984.0,0.0
2023,KABUPATEN BANDUNG,2,984.0,0,984.0,984.0,0.0
2023,KABUPATEN BANDUNG,2,984.0,0,984.0,984.0,0.0
2023,KABUPATEN BANDUNG,2,984.0,0,984.0,984.0,0.0
2023,KABUPATEN BANDUNG,2,984.0,0,984.0,984.0,0.0
2023,KABUPATEN BANDUNG,2,984.0,0,984.0,984.0,0.0
2023,KABUPATEN BANDUNG,2,984.0,0,984.0,984.0,0.0
2023,KABUPATEN BANDUNG,2,984.0,0,984.0,984.0,0.0
2024,KABUPATEN BANDUNG,2,1023.0,0,984.0,984.0,0.0
2024,KABUPATEN BANDUNG,2,1023.0,0,1023.0,984.0,0.039634146341463415
2024,KABUPATEN BANDUNG,2,1023.0,0,1023.0,1023.0,0.0
2024,KABUPATEN BANDUNG,2,1023.0,0,1023.0,1023.0,0.0
2024,KABUPATEN BANDUNG,2,1023.0,0,1023.0,1023.0,0.0
2024,KABUPATEN BANDUNG,2,1023.0,0,1023.0,1023.0,0.0
2024,KABUPATEN BANDUNG,2,1023.0,0,1023.0,1023.0,0.0
2024,KABUPATEN BANDUNG,2,1023.0,0,1023.0,1023.0,0.0
2021,KABUPATEN BANDUNG,3,36697.0,0,0.0,0.0,0.0
2021,KABUPATEN BANDUNG,3,36697.0,0,36697.0,0.0,0.0
2021,KABUPATEN BANDUNG,3,36697.0,0,36697.0,36697.0,0.0
2021,KABUPATEN BANDUNG,3,36697.0,0,36697.0,36697.0,0.0
2021,KABUPATEN BANDUNG,3,36697.0,0,36697.0,36697.0,0.0
2021,KABUPATEN BANDUNG,3,36697.0,0,36697.0,36697.0,0.0
2021,KABUPATEN BANDUNG,3,36697.0,0,36697.0,36697.0,0.0
2021,KABUPATEN BANDUNG,3,36697.0,0,36697.0,36697.0,0.0
2021,KABUPATEN BANDUNG,3,36697.0,0,36697.0,36697.0,0.0
2021,KABUPATEN BANDUNG,3,36697.0,0,36697.0,36697.0,0.0
2021,KABUPATEN BANDUNG,3,36697.0,0,36697.0,36697.0,0.0
2022,KABUPATEN BANDUNG,3,37762.0,0,36697.0,36697.0,0.0
2022,KABUPATEN BANDUNG,3,37762.0,0,37762.0,36697.0,0.02902144589475979
2022,KABUPATEN BANDUNG,3,37762.0,0,37762.0,37762.0,0.0
2023,KABUPATEN BANDUNG,3,38386.0,0,37762.0,37762.0,0.0
2023,KABUPATEN BANDUNG,3,38386.0,0,38386.0,37762.0,0.016524548487897885
2023,KABUPATEN BANDUNG,3,38386.0,0,38386.0,38386.0,0.0
2023,KABUPATEN BANDUNG,3,38386.0,0,38386.0,38386.0,0.0
2023,KABUPATEN BANDUNG,3,38386.0,0,38386.0,38386.0,0.0
2023,KABUPATEN BANDUNG,3,38386.0,0,38386.0,38386.0,0.0
2023,KABUPATEN BANDUNG,3,38386.0,0,38386.0,38386.0,0.0
2023,KABUPATEN BANDUNG,3,38386.0,0,38386.0,38386.0,0.0
2023,KABUPATEN BANDUNG,3,38386.0,0,38386.0,38386.0,0.0
2023,KABUPATEN BANDUNG,3,38386.0,0,38386.0,38386.0,0.0
2023,KABUPATEN BANDUNG,3,38386.0,0,38386.0,38386.0,0.0
2023,KABUPATEN BANDUNG,3,38386.0,0,38386.0,38386.0,0.0
2023,KABUPATEN BANDUNG,3,38386.0,0,38386.0,38386.0,0.0
2023,KABUPATEN BANDUNG,3,38386.0,0,38386.0,38386.0,0.0
2023,KABUPATEN BANDUNG,3,38386.0,0,38386.0,38386.0,0.0
2024,KABUPATEN BANDUNG,3,38026.0,0,38386.0,38386.0,0.0
2024,KABUPATEN BANDUNG,3,38026.0,0,38026.0,38386.0,-0.009378419215338926
2024,KABUPATEN BANDUNG,3,38026.0,0,38026.0,38026.0,0.0
2024,KABUPATEN BANDUNG,3,38026.0,0,38026.0,38026.0,0.0
2024,KABUPATEN BANDUNG,3,38026.0,0,38026.0,38026.0,0.0
2024,KABUPATEN BANDUNG,3,38026.0,0,38026.0,38026.0,0.0
2024,KABUPATEN BANDUNG,3,38026.0,0,38026.0,38026.0,0.0
2024,KABUPATEN BANDUNG,3,38026.0,0,38026.0,38026.0,0.0
2021,KABUPATEN BANDUNG BARAT,0,66197.0,1,0.0,0.0,0.0
2021,KABUPATEN BANDUNG BARAT,0,66197.0,1,66197.0,0.0,0.0
2021,KABUPATEN BANDUNG BARAT,0,66197.0,1,66197.0,66197.0,0.0
2021,KABUPATEN BANDUNG BARAT,0,66197.0,1,66197.0,66197.0,0.0
2021,KABUPATEN BANDUNG BARAT,0,66197.0,1,66197.0,66197.0,0.0
2021,KABUPATEN BANDUNG BARAT,0,66197.0,1,66197.0,66197.0,0.0
2021,KABUPATEN BANDUNG BARAT,0,66197.0,1,66197.0,66197.0,0.0
2021,KABUPATEN BANDUNG BARAT,0,66197.0,1,66197.0,66197.0,0.0
2021,KABUPATEN BANDUNG BARAT,0,66197.0,1,66197.0,66197.0,0.0
2021,KABUPATEN BANDUNG BARAT,0,66197.0,1,66197.0,66197.0,0.0
2021,KABUPATEN BANDUNG BARAT,0,66197.0,1,66197.0,66197.0,0.0
2021,KABUPATEN BANDUNG BARAT,0,66197.0,1,66197.0,66197.0,0.0
2021,KABUPATEN BANDUNG BARAT,0,66197.0,1,66197.0,66197.0,0.0
2022,KABUPATEN BANDUNG BARAT,0,69830.0,1,66197.0,66197.0,0.0
2022,KABUPATEN BANDUNG BARAT,0,69830.0,1,69830.0,66197.0,0.05488164116198619
2022,KABUPATEN BANDUNG BARAT,0,69830.0,1,69830.0,69830.0,0.0
2022,KABUPATEN BANDUNG BARAT,0,69830.0,1,69830.0,69830.0,0.0
2022,KABUPATEN BANDUNG BARAT,0,69830.0,1,69830.0,69830.0,0.0
2022,KABUPATEN BANDUNG BARAT,0,69830.0,1,69830.0,69830.0,0.0
2022,KABUPATEN BANDUNG BARAT,0,69830.0,1,69830.0,69830.0,0.0
2022,KABUPATEN BANDUNG BARAT,0,69830.0,1,69830.0,69830.0,0.0
2022,KABUPATEN BANDUNG BARAT,0,69830.0,1,69830.0,69830.0,0.0
2023,KABUPATEN BANDUNG BARAT,0,72948.0,1,69830.0,69830.0,0.0
2023,KABUPATEN BANDUNG BARAT,0,72948.0,1,72948.0,69830.0,0.04465129600458256
2023,KABUPATEN BANDUNG BARAT,0,72948.0,1,72948.0,72948.0,0.0
2023,KABUPATEN BANDUNG BARAT,0,72948.0,1,72948.0,72948.0,0.0
2023,KABUPATEN BANDUNG BARAT,0,72948.0,1,72948.0,72948.0,0.0
2023,KABUPATEN BANDUNG BARAT,0,72948.0,1,72948.0,72948.0,0.0
2024,KABUPATEN BANDUNG BARAT,0,74820.0,1,72948.0,72948.0,0.0
2024,KABUPATEN BANDUNG BARAT,0,74820.0,1,74820.0,72948.0,0.02566211547951966
2024,KABUPATEN BANDUNG BARAT,0,74820.0,1,74820.0,74820.0,0.0
2024,KABUPATEN BANDUNG BARAT,0,74820.0,1,74820.0,74820.0,0.0
2024,KABUPATEN BANDUNG BARAT,0,74820.0,1,74820.0,74820.0,0.0
2024,KABUPATEN BANDUNG BARAT,0,74820.0,1,74820.0,74820.0,0.0
2024,KABUPATEN BANDUNG BARAT,0,74820.0,1,74820.0,74820.0,0.0
2021,KABUPATEN BANDUNG BARAT,1,535359.0,1,0.0,0.0,0.0
2021,KABUPATEN BANDUNG BARAT,1,535359.0,1,535359.0,0.0,0.0
2021,KABUPATEN BANDUNG BARAT,1,535359.0,1,535359.0,535359.0,0.0
2021,KABUPATEN BANDUNG BARAT,1,535359.0,1,535359.0,535359.0,0.0
2021,KABUPATEN BANDUNG BARAT,1,535359.0,1,535359.0,535359.0,0.0
2021,KABUPATEN BANDUNG BARAT,1,535359.0,1,535359.0,535359.0,0.0
2021,KABUPATEN BANDUNG BARAT,1,535359.0,1,535359.0,535359.0,0.0
2021,KABUPATEN BANDUNG BARAT,1,535359.0,1,535359.0,535359.0,0.0
2021,KABUPATEN BANDUNG BARAT,1,535359.0,1,535359.0,535359.0,0.0
2021,KABUPATEN BANDUNG BARAT,1,535359.0,1,535359.0,535359.0,0.0
2021,KABUPATEN BANDUNG BARAT,1,535359.0,1,535359.0,535359.0,0.0
2021,KABUPATEN BANDUNG BARAT,1,535359.0,1,535359.0,535359.0,0.0
2021,KABUPATEN BANDUNG BARAT,1,535359.0,1,535359.0,535359.0,0.0
2022,KABUPATEN BANDUNG BARAT,1,541983.0,1,535359.0,535359.0,0.0
2022,KABUPATEN BANDUNG BARAT,1,541983.0,1,541983.0,535359.0,0.012373005777431592
2022,KABUPATEN BANDUNG BARAT,1,541983.0,1,541983.0,541983.0,0.0
2022,KABUPATEN BANDUNG BARAT,1,541983.0,1,541983.0,541983.0,0.0
2022,KABUPATEN BANDUNG BARAT,1,541983.0,1,541983.0,541983.0,0.0
2022,KABUPATEN BANDUNG BARAT,1,541983.0,1,541983.0,541983.0,0.0
2022,KABUPATEN BANDUNG BARAT,1,541983.0,1,541983.0,541983.0,0.0
2022,KABUPATEN BANDUNG BARAT,1,541983.0,1,541983.0,541983.0,0.0
2022,KABUPATEN BANDUNG BARAT,1,541983.0,1,541983.0,541983.0,0.0
2023,KABUPATEN BANDUNG BARAT,1,554116.0,1,541983.0,541983.0,0.0
2023,KABUPATEN BANDUNG BARAT,1,554116.0,1,554116.0,541983.0,0.022386311009754918
2023,KABUPATEN BANDUNG BARAT,1,554116.0,1,554116.0,554116.0,0.0
2023,KABUPATEN BANDUNG BARAT,1,554116.0,1,554116.0,554116.0,0.0
2023,KABUPATEN BANDUNG BARAT,1,554116.0,1,554116.0,554116.0,0.0
2023,KABUPATEN BANDUNG BARAT,1,554116.0,1,554116.0,554116.0,0.0
2024,KABUPATEN BANDUNG BARAT,1,561092.0,1,554116.0,554116.0,0.0
2024,KABUPATEN BANDUNG BARAT,1,561092.0,1,561092.0,554116.0,0.012589421709533744
2024,KABUPATEN BANDUNG BARAT,1,561092.0,1,561092.0,561092.0,0.0
2024,KABUPATEN BANDUNG BARAT,1,561092.0,1,561092.0,561092.0,0.0
2024,KABUPATEN BANDUNG BARAT,1,561092.0,1,561092.0,561092.0,0.0
2024,KABUPATEN BANDUNG BARAT,1,561092.0,1,561092.0,561092.0,0.0
2024,KABUPATEN BANDUNG BARAT,1,561092.0,1,561092.0,561092.0,0.0
2021,KABUPATEN BANDUNG BARAT,2,502.0,1,0.0,0.0,0.0
2021,KABUPATEN BANDUNG BARAT,2,502.0,1,502.0,0.0,0.0
2021,KABUPATEN BANDUNG BARAT,2,502.0,1,502.0,502.0,0.0
2021,KABUPATEN BANDUNG BARAT,2,502.0,1,502.0,502.0,0.0
2021,KABUPATEN BANDUNG BARAT,2,502.0,1,502.0,502.0,0.0
2021,KABUPATEN BANDUNG BARAT,2,502.0,1,502.0,502.0,0.0
2021,KABUPATEN BANDUNG BARAT,2,502.0,1,502.0,502.0,0.0
2021,KABUPATEN BANDUNG BARAT,2,502.0,1,502.0,502.0,0.0
2021,KABUPATEN BANDUNG BARAT,2,502.0,1,502.0,502.0,0.0
2021,KABUPATEN BANDUNG BARAT,2,502.0,1,502.0,502.0,0.0
2021,KABUPATEN BANDUNG BARAT,2,502.0,1,502.0,502.0,0.0
2021,KABUPATEN BANDUNG BARAT,2,502.0,1,502.0,502.0,0.0
2021,KABUPATEN BANDUNG BARAT,2,502.0,1,502.0,502.0,0.0
2022,KABUPATEN BANDUNG BARAT,2,516.0,1,502.0,502.0,0.0
2022,KABUPATEN BANDUNG BARAT,2,516.0,1,516.0,502.0,0.027888446215139442
2022,KABUPATEN BANDUNG BARAT,2,516.0,1,516.0,516.0,0.0
2022,KABUPATEN BANDUNG BARAT,2,516.0,1,516.0,516.0,0.0
2022,KABUPATEN BANDUNG BARAT,2,516.0,1,516.0,516.0,0.0
2022,KABUPATEN BANDUNG BARAT,2,516.0,1,516.0,516.0,0.0
2022,KABUPATEN BANDUNG BARAT,2,516.0,1,516.0,516.0,0.0
2022,KABUPATEN BANDUNG BARAT,2,516.0,1,516.0,516.0,0.0
2022,KABUPATEN BANDUNG BARAT,2,516.0,1,516.0,516.0,0.0
2023,KABUPATEN BANDUNG BARAT,2,518.0,1,516.0,516.0,0.0
2023,KABUPATEN BANDUNG BARAT,2,518.0,1,518.0,516.0,0.003875968992248062
2023,KABUPATEN BANDUNG BARAT,2,518.0,1,518.0,518.0,0.0
2023,KABUPATEN BANDUNG BARAT,2,518.0,1,518.0,518.0,0.0
2023,KABUPATEN BANDUNG BARAT,2,518.0,1,518.0,518.0,0.0
2023,KABUPATEN BANDUNG BARAT,2,518.0,1,518.0,518.0,0.0
2024,KABUPATEN BANDUNG BARAT,2,546.0,1,518.0,518.0,0.0
2024,KABUPATEN BANDUNG BARAT,2,546.0,1,546.0,518.0,0.05405405405405406
2024,KABUPATEN BANDUNG BARAT,2,546.0,1,546.0,546.0,0.0
2024,KABUPATEN BANDUNG BARAT,2,546.0,1,546.0,546.0,0.0
2024,KABUPATEN BANDUNG BARAT,2,546.0,1,546.0,546.0,0.0
2024,KABUPATEN BANDUNG BARAT,2,546.0,1,546.0,546.0,0.0
2024,KABUPATEN BANDUNG BARAT,2,546.0,1,546.0,546.0,0.0
2021,KABUPATEN BANDUNG BARAT,3,20851.0,1,0.0,0.0,0.0
2021,KABUPATEN BANDUNG BARAT,3,20851.0,1,20851.0,0.0,0.0
2021,KABUPATEN BANDUNG BARAT,3,20851.0,1,20851.0,20851.0,0.0
2021,KABUPATEN BANDUNG BARAT,3,20851.0,1,20851.0,20851.0,0.0
2021,KABUPATEN BANDUNG BARAT,3,20851.0,1,20851.0,20851.0,0.0
2021,KABUPATEN BANDUNG BARAT,3,20851.0,1,20851.0,20851.0,0.0
2021,KABUPATEN BANDUNG BARAT,3,20851.0,1,20851.0,20851.0,0.0
2021,KABUPATEN BANDUNG BARAT,3,20851.0,1,20851.0,20851.0,0.0
2021,KABUPATEN BANDUNG BARAT,3,20851.0,1,20851.0,20851.0,0.0
2021,KABUPATEN BANDUNG BARAT,3,20851.0,1,20851.0,20851.0,0.0
2021,KABUPATEN BANDUNG BARAT,3,20851.0,1,20851.0,20851.0,0.0
2021,KABUPATEN BANDUNG BARAT,3,20851.0,1,20851.0,20851.0,0.0
2021,KABUPATEN BANDUNG BARAT,3,20851.0,1,20851.0,20851.0,0.0
2022,KABUPATEN BANDUNG BARAT,3,21395.0,1,20851.0,20851.0,0.0
2022,KABUPATEN BANDUNG BARAT,3,21395.0,1,21395.0,20851.0,0.026089875785334036
2022,KABUPATEN BANDUNG BARAT,3,21395.0,1,21395.0,21395.0,0.0
2022,KABUPATEN BANDUNG BARAT,3,21395.0,1,21395.0,21395.0,0.0
2022,KABUPATEN BANDUNG BARAT,3,21395.0,1,21395.0,21395.0,0.0
2022,KABUPATEN BANDUNG BARAT,3,21395.0,1,21395.0,21395.0,0.0
2022,KABUPATEN BANDUNG BARAT,3,21395.0,1,21395.0,21395.0,0.0
2022,KABUPATEN BANDUNG BARAT,3,21395.0,1,21395.0,21395.0,0.0
2022,KABUPATEN BANDUNG BARAT,3,21395.0,1,21395.0,21395.0,0.0
2023,KABUPATEN BANDUNG BARAT,3,21730.0,1,21395.0,21395.0,0.0
2023,KABUPATEN BANDUNG BARAT,3,21730.0,1,21730.0,21395.0,0.01565786398691283
2023,KABUPATEN BANDUNG BARAT,3,21730.0,1,21730.0,21730.0,0.0
2023,KABUPATEN BANDUNG BARAT,3,21730.0,1,21730.0,21730.0,0.0
2023,KABUPATEN BANDUNG BARAT,3,21730.0,1,21730.0,21730.0,0.0
2023,KABUPATEN BANDUNG BARAT,3,21730.0,1,21730.0,21730.0,0.0
2024,KABUPATEN BANDUNG BARAT,3,21732.0,1,21730.0,21730.0,0.0
2024,KABUPATEN BANDUNG BARAT,3,21732.0,1,21732.0,21730.0,9.203865623561896e-05
2024,KABUPATEN BANDUNG BARAT,3,21732.0,1,21732.0,21732.0,0.0
2024,KABUPATEN BANDUNG BARAT,3,21732.0,1,21732.0,21732.0,0.0
2024,KABUPATEN BANDUNG BARAT,3,21732.0,1,21732.0,21732.0,0.0
2024,KABUPATEN BANDUNG BARAT,3,21732.0,1,21732.0,21732.0,0.0
2024,KABUPATEN BANDUNG BARAT,3,21732.0,1,21732.0,21732.0,0.0
2021,KABUPATEN BEKASI,0,212563.0,2,0.0,0.0,0.0
2021,KABUPATEN BEKASI,0,212563.0,2,212563.0,0.0,0.0
2021,KABUPATEN BEKASI,0,212563.0,2,212563.0,212563.0,0.0
2021,KABUPATEN BEKASI,0,212563.0,2,212563.0,212563.0,0.0
2021,KABUPATEN BEKASI,0,212563.0,2,212563.0,212563.0,0.0
2021,KABUPATEN BEKASI,0,212563.0,2,212563.0,212563.0,0.0
2021,KABUPATEN BEKASI,0,212563.0,2,212563.0,212563.0,0.0
2021,KABUPATEN BEKASI,0,212563.0,2,212563.0,212563.0,0.0
2021,KABUPATEN BEKASI,0,212563.0,2,212563.0,212563.0,0.0
2021,KABUPATEN BEKASI,0,212563.0,2,212563.0,212563.0,0.0
2021,KABUPATEN BEKASI,0,212563.0,2,212563.0,212563.0,0.0
2021,KABUPATEN BEKASI,0,212563.0,2,212563.0,212563.0,0.0
2021,KABUPATEN BEKASI,0,212563.0,2,212563.0,212563.0,0.0
2022,KABUPATEN BEKASI,0,300651.0,2,212563.0,212563.0,0.0
2022,KABUPATEN BEKASI,0,300651.0,2,300651.0,212563.0,0.4144089046541496
2022,KABUPATEN BEKASI,0,300651.0,2,300651.0,300651.0,0.0
2022,KABUPATEN BEKASI,0,300651.0,2,300651.0,300651.0,0.0
2022,KABUPATEN BEKASI,0,300651.0,2,300651.0,300651.0,0.0
2023,KABUPATEN BEKASI,0,233260.0,2,300651.0,300651.0,0.0
2023,KABUPATEN BEKASI,0,233260.0,2,233260.0,300651.0,-0.22415026060116214
2023,KABUPATEN BEKASI,0,233260.0,2,233260.0,233260.0,0.0
2023,KABUPATEN BEKASI,0,233260.0,2,233260.0,233260.0,0.0
2023,KABUPATEN BEKASI,0,233260.0,2,233260.0,233260.0,0.0
2023,KABUPATEN BEKASI,0,233260.0,2,233260.0,233260.0,0.0
2024,KABUPATEN BEKASI,0,241387.0,2,233260.0,233260.0,0.0
2024,KABUPATEN BEKASI,0,241387.0,2,241387.0,233260.0,0.03484095001286119
2024,KABUPATEN BEKASI,0,241387.0,2,241387.0,241387.0,0.0
2024,KABUPATEN BEKASI,0,241387.0,2,241387.0,241387.0,0.0
2024,KABUPATEN BEKASI,0,241387.0,2,241387.0,241387.0,0.0
2024,KABUPATEN BEKASI,0,241387.0,2,241387.0,241387.0,0.0
2024,KABUPATEN BEKASI,0,241387.0,2,241387.0,241387.0,0.0
2024,KABUPATEN BEKASI,0,241387.0,2,241387.0,241387.0,0.0
2024,KABUPATEN BEKASI,0,241387.0,2,241387.0,241387.0,0.0
2021,KABUPATEN BEKASI,1,1220358.0,2,0.0,0.0,0.0
2021,KABUPATEN BEKASI,1,1220358.0,2,1220358.0,0.0,0.0
2021,KABUPATEN BEKASI,1,1220358.0,2,1220358.0,1220358.0,0.0
2021,KABUPATEN BEKASI,1,1220358.0,2,1220358.0,1220358.0,0.0
2021,KABUPATEN BEKASI,1,1220358.0,2,1220358.0,1220358.0,0.0
2021,KABUPATEN BEKASI,1,1220358.0,2,1220358.0,1220358.0,0.0
2021,KABUPATEN BEKASI,1,1220358.0,2,1220358.0,1220358.0,0.0
2021,KABUPATEN BEKASI,1,1220358.0,2,1220358.0,1220358.0,0.0
2021,KABUPATEN BEKASI,1,1220358.0,2,1220358.0,1220358.0,0.0
2021,KABUPATEN BEKASI,1,1220358.0,2,1220358.0,1220358.0,0.0
2021,KABUPATEN BEKASI,1,1220358.0,2,1220358.0,1220358.0,0.0
2021,KABUPATEN BEKASI,1,1220358.0,2,1220358.0,1220358.0,0.0
2021,KABUPATEN BEKASI,1,1220358.0,2,1220358.0,1220358.0,0.0
2022,KABUPATEN BEKASI,1,1147706.0,2,1220358.0,1220358.0,0.0
2022,KABUPATEN BEKASI,1,1147706.0,2,1147706.0,1220358.0,-0.0595333500497395
2022,KABUPATEN BEKASI,1,1147706.0,2,1147706.0,1147706.0,0.0
2022,KABUPATEN BEKASI,1,1147706.0,2,1147706.0,1147706.0,0.0
2022,KABUPATEN BEKASI,1,1147706.0,2,1147706.0,1147706.0,0.0
2023,KABUPATEN BEKASI,1,1258080.0,2,1147706.0,1147706.0,0.0
2023,KABUPATEN BEKASI,1,1258080.0,2,1258080.0,1147706.0,0.09616922800786962
2023,KABUPATEN BEKASI,1,1258080.0,2,1258080.0,1258080.0,0.0
2023,KABUPATEN BEKASI,1,1258080.0,2,1258080.0,1258080.0,0.0
2023,KABUPATEN BEKASI,1,1258080.0,2,1258080.0,1258080.0,0.0
2023,KABUPATEN BEKASI,1,1258080.0,2,1258080.0,1258080.0,0.0
2024,KABUPATEN BEKASI,1,1268448.0,2,1258080.0,1258080.0,0.0
2024,KABUPATEN BEKASI,1,1268448.0,2,1268448.0,1258080.0,0.008241129339946585
2024,KABUPATEN BEKASI,1,1268448.0,2,1268448.0,1268448.0,0.0
2024,KABUPATEN BEKASI,1,1268448.0,2,1268448.0,1268448.0,0.0
2024,KABUPATEN BEKASI,1,1268448.0,2,1268448.0,1268448.0,0.0
2024,KABUPATEN BEKASI,1,1268448.0,2,1268448.0,1268448.0,0.0
2024,KABUPATEN BEKASI,1,1268448.0,2,1268448.0,1268448.0,0.0
2024,KABUPATEN BEKASI,1,1268448.0,2,1268448.0,1268448.0,0.0
2024,KABUPATEN BEKASI,1,1268448.0,2,1268448.0,1268448.0,0.0
2021,KABUPATEN BEKASI,2,3367.0,2,0.0,0.0,0.0
2021,KABUPATEN BEKASI,2,3367.0,2,3367.0,0.0,0.0
2021,KABUPATEN BEKASI,2,3367.0,2,3367.0,3367.0,0.0
2021,KABUPATEN BEKASI,2,3367.0,2,3367.0,3367.0,0.0
2021,KABUPATEN BEKASI,2,3367.0,2,3367.0,3367.0,0.0
2021,KABUPATEN BEKASI,2,3367.0,2,3367.0,3367.0,0.0
2021,KABUPATEN BEKASI,2,3367.0,2,3367.0,3367.0,0.0
2021,KABUPATEN BEKASI,2,3367.0,2,3367.0,3367.0,0.0
2021,KABUPATEN BEKASI,2,3367.0,2,3367.0,3367.0,0.0
2021,KABUPATEN BEKASI,2,3367.0,2,3367.0,3367.0,0.0
2021,KABUPATEN BEKASI,2,3367.0,2,3367.0,3367.0,0.0
2021,KABUPATEN BEKASI,2,3367.0,2,3367.0,3367.0,0.0
2021,KABUPATEN BEKASI,2,3367.0,2,3367.0,3367.0,0.0
2022,KABUPATEN BEKASI,2,2331.0,2,3367.0,3367.0,0.0
2022,KABUPATEN BEKASI,2,2331.0,2,2331.0,3367.0,-0.3076923076923077
2022,KABUPATEN BEKASI,2,2331.0,2,2331.0,2331.0,0.0
2022,KABUPATEN BEKASI,2,2331.0,2,2331.0,2331.0,0.0
2022,KABUPATEN BEKASI,2,2331.0,2,2331.0,2331.0,0.0
2023,KABUPATEN BEKASI,2,3545.0,2,2331.0,2331.0,0.0
2023,KABUPATEN BEKASI,2,3545.0,2,3545.0,2331.0,0.5208065208065208
2023,KABUPATEN BEKASI,2,3545.0,2,3545.0,3545.0,0.0
2023,KABUPATEN BEKASI,2,3545.0,2,3545.0,3545.0,0.0
2023,KABUPATEN BEKASI,2,3545.0,2,3545.0,3545.0,0.0
2023,KABUPATEN BEKASI,2,3545.0,2,3545.0,3545.0,0.0
2024,KABUPATEN BEKASI,2,3696.0,2,3545.0,3545.0,0.0
2024,KABUPATEN BEKASI,2,3696.0,2,3696.0,3545.0,0.042595204513399154
2024,KABUPATEN BEKASI,2,3696.0,2,3696.0,3696.0,0.0
2024,KABUPATEN BEKASI,2,3696.0,2,3696.0,3696.0,0.0
2024,KABUPATEN BEKASI,2,3696.0,2,3696.0,3696.0,0.0
2024,KABUPATEN BEKASI,2,3696.0,2,3696.0,3696.0,0.0
2024,KABUPATEN BEKASI,2,3696.0,2,3696.0,3696.0,0.0
2024,KABUPATEN BEKASI,2,3696.0,2,3696.0,3696.0,0.0
2024,KABUPATEN BEKASI,2,3696.0,2,3696.0,3696.0,0.0
2021,KABUPATEN BEKASI,3,58017.0,2,0.0,0.0,0.0
2021,KABUPATEN BEKASI,3,58017.0,2,58017.0,0.0,0.0
2021,KABUPATEN BEKASI,3,58017.0,2,58017.0,58017.0,0.0
2021,KABUPATEN BEKASI,3,58017.0,2,58017.0,58017.0,0.0
2021,KABUPATEN BEKASI,3,58017.0,2,58017.0,58017.0,0.0
2021,KABUPATEN BEKASI,3,58017.0,2,58017.0,58017.0,0.0
2021,KABUPATEN BEKASI,3,58017.0,2,58017.0,58017.0,0.0
2021,KABUPATEN BEKASI,3,58017.0,2,58017.0,58017.0,0.0
2021,KABUPATEN BEKASI,3,58017.0,2,58017.0,58017.0,0.0
2021,KABUPATEN BEKASI,3,58017.0,2,58017.0,58017.0,0.0
2021,KABUPATEN BEKASI,3,58017.0,2,58017.0,58017.0,0.0
2021,KABUPATEN BEKASI,3,58017.0,2,58017.0,58017.0,0.0
2021,KABUPATEN BEKASI,3,58017.0,2,58017.0,58017.0,0.0
2022,KABUPATEN BEKASI,3,51445.0,2,58017.0,58017.0,0.0
2022,KABUPATEN BEKASI,3,51445.0,2,51445.0,58017.0,-0.1132771429063895
2022,KABUPATEN BEKASI,3,51445.0,2,51445.0,51445.0,0.0
2022,KABUPATEN BEKASI,3,51445.0,2,51445.0,51445.0,0.0
2022,KABUPATEN BEKASI,3,51445.0,2,51445.0,51445.0,0.0
2023,KABUPATEN BEKASI,3,61401.0,2,51445.0,51445.0,0.0
2023,KABUPATEN BEKASI,3,61401.0,2,61401.0,51445.0,0.193527067742249
2023,KABUPATEN BEKASI,3,61401.0,2,61401.0,61401.0,0.0
2023,KABUPATEN BEKASI,3,61401.0,2,61401.0,61401.0,0.0
2023,KABUPATEN BEKASI,3,61401.0,2,61401.0,61401.0,0.0
2023,KABUPATEN BEKASI,3,61401.0,2,61401.0,61401.0,0.0
2024,KABUPATEN BEKASI,3,62313.0,2,61401.0,61401.0,0.0
2024,KABUPATEN BEKASI,3,62313.0,2,62313.0,61401.0,0.014853178286998583
2024,KABUPATEN BEKASI,3,62313.0,2,62313.0,62313.0,0.0
2024,KABUPATEN BEKASI,3,62313.0,2,62313.0,62313.0,0.0
2024,KABUPATEN BEKASI,3,62313.0,2,62313.0,62313.0,0.0
2024,KABUPATEN BEKASI,3,62313.0,2,62313.0,62313.0,0.0
2024,KABUPATEN BEKASI,3,62313.0,2,62313.0,62313.0,0.0
2024,KABUPATEN BEKASI,3,62313.0,2,62313.0,62313.0,0.0
2024,KABUPATEN BEKASI,3,62313.0,2,62313.0,62313.0,0.0
2021,KABUPATEN BOGOR,0,174391.0,3,0.0,0.0,0.0
2021,KABUPATEN BOGOR,0,174391.0,3,174391.0,0.0,0.0
2021,KABUPATEN BOGOR,0,174391.0,3,174391.0,174391.0,0.0
2021,KABUPATEN BOGOR,0,174391.0,3,174391.0,174391.0,0.0
2021,KABUPATEN BOGOR,0,174391.0,3,174391.0,174391.0,0.0
2021,KABUPATEN BOGOR,0,174391.0,3,174391.0,174391.0,0.0
2021,KABUPATEN BOGOR,0,174391.0,3,174391.0,174391.0,0.0
2021,KABUPATEN BOGOR,0,174391.0,3,174391.0,174391.0,0.0
2021,KABUPATEN BOGOR,0,174391.0,3,174391.0,174391.0,0.0
2021,KABUPATEN BOGOR,0,174391.0,3,174391.0,174391.0,0.0
2021,KABUPATEN BOGOR,0,174391.0,3,174391.0,174391.0,0.0
2021,KABUPATEN BOGOR,0,174391.0,3,174391.0,174391.0,0.0
2021,KABUPATEN BOGOR,0,174391.0,3,174391.0,174391.0,0.0
2021,KABUPATEN BOGOR,0,174391.0,3,174391.0,174391.0,0.0
2022,KABUPATEN BOGOR,0,184107.0,3,174391.0,174391.0,0.0
2022,KABUPATEN BOGOR,0,184107.0,3,184107.0,174391.0,0.05571388431742464
2022,KABUPATEN BOGOR,0,184107.0,3,184107.0,184107.0,0.0
2022,KABUPATEN BOGOR,0,184107.0,3,184107.0,184107.0,0.0
2022,KABUPATEN BOGOR,0,184107.0,3,184107.0,184107.0,0.0
2022,KABUPATEN BOGOR,0,184107.0,3,184107.0,184107.0,0.0
2022,KABUPATEN BOGOR,0,184107.0,3,184107.0,184107.0,0.0
2022,KABUPATEN BOGOR,0,184107.0,3,184107.0,184107.0,0.0
2023,KABUPATEN BOGOR,0,193502.0,3,184107.0,184107.0,0.0
2023,KABUPATEN BOGOR,0,193502.0,3,193502.0,184107.0,0.051030107491838984
2023,KABUPATEN BOGOR,0,193502.0,3,193502.0,193502.0,0.0
2023,KABUPATEN BOGOR,0,193502.0,3,193502.0,193502.0,0.0
2023,KABUPATEN BOGOR,0,193502.0,3,193502.0,193502.0,0.0
2023,KABUPATEN BOGOR,0,193502.0,3,193502.0,193502.0,0.0
2023,KABUPATEN BOGOR,0,193502.0,3,193502.0,193502.0,0.0
2024,KABUPATEN BOGOR,0,198711.0,3,193502.0,193502.0,0.0
2024,KABUPATEN BOGOR,0,198711.0,3,198711.0,193502.0,0.026919618401876982
2024,KABUPATEN BOGOR,0,198711.0,3,198711.0,198711.0,0.0
2024,KABUPATEN BOGOR,0,198711.0,3,198711.0,198711.0,0.0
2024,KABUPATEN BOGOR,0,198711.0,3,198711.0,198711.0,0.0
2024,KABUPATEN BOGOR,0,198711.0,3,198711.0,198711.0,0.0
2024,KABUPATEN BOGOR,0,198711.0,3,198711.0,198711.0,0.0
2021,KABUPATEN BOGOR,1,1420066.0,3,0.0,0.0,0.0
2021,KABUPATEN BOGOR,1,1420066.0,3,1420066.0,0.0,0.0
2021,KABUPATEN BOGOR,1,1420066.0,3,1420066.0,1420066.0,0.0
2021,KABUPATEN BOGOR,1,1420066.0,3,1420066.0,1420066.0,0.0
2021,KABUPATEN BOGOR,1,1420066.0,3,1420066.0,1420066.0,0.0
2021,KABUPATEN BOGOR,1,1420066.0,3,1420066.0,1420066.0,0.0
2021,KABUPATEN BOGOR,1,1420066.0,3,1420066.0,1420066.0,0.0
2021,KABUPATEN BOGOR,1,1420066.0,3,1420066.0,1420066.0,0.0
2021,KABUPATEN BOGOR,1,1420066.0,3,1420066.0,1420066.0,0.0
2021,KABUPATEN BOGOR,1,1420066.0,3,1420066.0,1420066.0,0.0
2021,KABUPATEN BOGOR,1,1420066.0,3,1420066.0,1420066.0,0.0
2021,KABUPATEN BOGOR,1,1420066.0,3,1420066.0,1420066.0,0.0
2021,KABUPATEN BOGOR,1,1420066.0,3,1420066.0,1420066.0,0.0
2021,KABUPATEN BOGOR,1,1420066.0,3,1420066.0,1420066.0,0.0
2022,KABUPATEN BOGOR,1,1433350.0,3,1420066.0,1420066.0,0.0
2022,KABUPATEN BOGOR,1,1433350.0,3,1433350.0,1420066.0,0.009354494791087175
2022,KABUPATEN BOGOR,1,1433350.0,3,1433350.0,1433350.0,0.0
2022,KABUPATEN BOGOR,1,1433350.0,3,1433350.0,1433350.0,0.0
2022,KABUPATEN BOGOR,1,1433350.0,3,1433350.0,1433350.0,0.0
2022,KABUPATEN BOGOR,1,1433350.0,3,1433350.0,1433350.0,0.0
2022,KABUPATEN BOGOR,1,1433350.0,3,1433350.0,1433350.0,0.0
2022,KABUPATEN BOGOR,1,1433350.0,3,1433350.0,1433350.0,0.0
2023,KABUPATEN BOGOR,1,1485781.0,3,1433350.0,1433350.0,0.0
2023,KABUPATEN BOGOR,1,1485781.0,3,1485781.0,1433350.0,0.03657934210067325
2023,KABUPATEN BOGOR,1,1485781.0,3,1485781.0,1485781.0,0.0
2023,KABUPATEN BOGOR,1,1485781.0,3,1485781.0,1485781.0,0.0
2023,KABUPATEN BOGOR,1,1485781.0,3,1485781.0,1485781.0,0.0
2023,KABUPATEN BOGOR,1,1485781.0,3,1485781.0,1485781.0,0.0
2023,KABUPATEN BOGOR,1,1485781.0,3,1485781.0,1485781.0,0.0
2024,KABUPATEN BOGOR,1,1513233.0,3,1485781.0,1485781.0,0.0
2024,KABUPATEN BOGOR,1,1513233.0,3,1513233.0,1485781.0,0.018476478027380887
2024,KABUPATEN BOGOR,1,1513233.0,3,1513233.0,1513233.0,0.0
2024,KABUPATEN BOGOR,1,1513233.0,3,1513233.0,1513233.0,0.0
2024,KABUPATEN BOGOR,1,1513233.0,3,1513233.0,1513233.0,0.0
2024,KABUPATEN BOGOR,1,1513233.0,3,1513233.0,1513233.0,0.0
2024,KABUPATEN BOGOR,1,1513233.0,3,1513233.0,1513233.0,0.0
2021,KABUPATEN BOGOR,2,971.0,3,0.0,0.0,0.0
2021,KABUPATEN BOGOR,2,971.0,3,971.0,0.0,0.0
2021,KABUPATEN BOGOR,2,971.0,3,971.0,971.0,0.0
2021,KABUPATEN BOGOR,2,971.0,3,971.0,971.0,0.0
2021,KABUPATEN BOGOR,2,971.0,3,971.0,971.0,0.0
2021,KABUPATEN BOGOR,2,971.0,3,971.0,971.0,0.0
2021,KABUPATEN BOGOR,2,971.0,3,971.0,971.0,0.0
2021,KABUPATEN BOGOR,2,971.0,3,971.0,971.0,0.0
2021,KABUPATEN BOGOR,2,971.0,3,971.0,971.0,0.0
2021,KABUPATEN BOGOR,2,971.0,3,971.0,971.0,0.0
2021,KABUPATEN BOGOR,2,971.0,3,971.0,971.0,0.0
2021,KABUPATEN BOGOR,2,971.0,3,971.0,971.0,0.0
2021,KABUPATEN BOGOR,2,971.0,3,971.0,971.0,0.0
2021,KABUPATEN BOGOR,2,971.0,3,971.0,971.0,0.0
2022,KABUPATEN BOGOR,2,973.0,3,971.0,971.0,0.0
2022,KABUPATEN BOGOR,2,973.0,3,973.0,971.0,0.0020597322348094747
2022,KABUPATEN BOGOR,2,973.0,3,973.0,973.0,0.0
2022,KABUPATEN BOGOR,2,973.0,3,973.0,973.0,0.0
2022,KABUPATEN BOGOR,2,973.0,3,973.0,973.0,0.0
2022,KABUPATEN BOGOR,2,973.0,3,973.0,973.0,0.0
2022,KABUPATEN BOGOR,2,973.0,3,973.0,973.0,0.0
2022,KABUPATEN BOGOR,2,973.0,3,973.0,973.0,0.0
2023,KABUPATEN BOGOR,2,1016.0,3,973.0,973.0,0.0
2023,KABUPATEN BOGOR,2,1016.0,3,1016.0,973.0,0.044193216855087356
2023,KABUPATEN BOGOR,2,1016.0,3,1016.0,1016.0,0.0
2023,KABUPATEN BOGOR,2,1016.0,3,1016.0,1016.0,0.0
2023,KABUPATEN BOGOR,2,1016.0,3,1016.0,1016.0,0.0
2023,KABUPATEN BOGOR,2,1016.0,3,1016.0,1016.0,0.0
2023,KABUPATEN BOGOR,2,1016.0,3,1016.0,1016.0,0.0
2024,KABUPATEN BOGOR,2,1091.0,3,1016.0,1016.0,0.0
2024,KABUPATEN BOGOR,2,1091.0,3,1091.0,1016.0,0.07381889763779527
2024,KABUPATEN BOGOR,2,1091.0,3,1091.0,1091.0,0.0
2024,KABUPATEN BOGOR,2,1091.0,3,1091.0,1091.0,0.0
2024,KABUPATEN BOGOR,2,1091.0,3,1091.0,1091.0,0.0
2024,KABUPATEN BOGOR,2,1091.0,3,1091.0,1091.0,0.0
2024,KABUPATEN BOGOR,2,1091.0,3,1091.0,1091.0,0.0
2021,KABUPATEN BOGOR,3,46175.0,3,0.0,0.0,0.0
2021,KABUPATEN BOGOR,3,46175.0,3,46175.0,0.0,0.0
2021,KABUPATEN BOGOR,3,46175.0,3,46175.0,46175.0,0.0
2021,KABUPATEN BOGOR,3,46175.0,3,46175.0,46175.0,0.0
2021,KABUPATEN BOGOR,3,46175.0,3,46175.0,46175.0,0.0
2021,KABUPATEN BOGOR,3,46175.0,3,46175.0,46175.0,0.0
2021,KABUPATEN BOGOR,3,46175.0,3,46175.0,46175.0,0.0
2021,KABUPATEN BOGOR,3,46175.0,3,46175.0,46175.0,0.0
2021,KABUPATEN BOGOR,3,46175.0,3,46175.0,46175.0,0.0
2021,KABUPATEN BOGOR,3,46175.0,3,46175.0,46175.0,0.0
2021,KABUPATEN BOGOR,3,46175.0,3,46175.0,46175.0,0.0
2021,KABUPATEN BOGOR,3,46175.0,3,46175.0,46175.0,0.0
2021,KABUPATEN BOGOR,3,46175.0,3,46175.0,46175.0,0.0
2021,KABUPATEN BOGOR,3,46175.0,3,46175.0,46175.0,0.0
2022,KABUPATEN BOGOR,3,48429.0,3,46175.0,46175.0,0.0
2022,KABUPATEN BOGOR,3,48429.0,3,48429.0,46175.0,0.04881429344883595
2022,KABUPATEN BOGOR,3,48429.0,3,48429.0,48429.0,0.0
2022,KABUPATEN BOGOR,3,48429.0,3,48429.0,48429.0,0.0
2022,KABUPATEN BOGOR,3,48429.0,3,48429.0,48429.0,0.0
2022,KABUPATEN BOGOR,3,48429.0,3,48429.0,48429.0,0.0
2022,KABUPATEN BOGOR,3,48429.0,3,48429.0,48429.0,0.0
2022,KABUPATEN BOGOR,3,48429.0,3,48429.0,48429.0,0.0
2023,KABUPATEN BOGOR,3,49868.0,3,48429.0,48429.0,0.0
2023,KABUPATEN BOGOR,3,49868.0,3,49868.0,48429.0,0.029713601354560283
2023,KABUPATEN BOGOR,3,49868.0,3,49868.0,49868.0,0.0
2023,KABUPATEN BOGOR,3,49868.0,3,49868.0,49868.0,0.0
2023,KABUPATEN BOGOR,3,49868.0,3,49868.0,49868.0,0.0
2023,KABUPATEN BOGOR,3,49868.0,3,49868.0,49868.0,0.0
2023,KABUPATEN BOGOR,3,49868.0,3,49868.0,49868.0,0.0
2024,KABUPATEN BOGOR,3,50206.0,3,49868.0,49868.0,0.0
2024,KABUPATEN BOGOR,3,50206.0,3,50206.0,49868.0,0.006777893639207508
2024,KABUPATEN BOGOR,3,50206.0,3,50206.0,50206.0,0.0
2024,KABUPATEN BOGOR,3,50206.0,3,50206.0,50206.0,0.0
2024,KABUPATEN BOGOR,3,50206.0,3,50206.0,50206.0,0.0
2024,KABUPATEN BOGOR,3,50206.0,3,50206.0,50206.0,0.0
2024,KABUPATEN BOGOR,3,50206.0,3,50206.0,50206.0,0.0
2021,KABUPATEN CIAMIS,0,22074.0,4,0.0,0.0,0.0
2021,KABUPATEN CIAMIS,0,22074.0,4,22074.0,0.0,0.0
2021,KABUPATEN CIAMIS,0,22074.0,4,22074.0,22074.0,0.0
2021,KABUPATEN CIAMIS,0,22074.0,4,22074.0,22074.0,0.0
2021,KABUPATEN CIAMIS,0,22074.0,4,22074.0,22074.0,0.0
2021,KABUPATEN CIAMIS,0,22074.0,4,22074.0,22074.0,0.0
2021,KABUPATEN CIAMIS,0,22074.0,4,22074.0,22074.0,0.0
2022,KABUPATEN CIAMIS,0,23554.0,4,22074.0,22074.0,0.0
2022,KABUPATEN CIAMIS,0,23554.0,4,23554.0,22074.0,0.06704720485639214
2022,KABUPATEN CIAMIS,0,23554.0,4,23554.0,23554.0,0.0
2022,KABUPATEN CIAMIS,0,23554.0,4,23554.0,23554.0,0.0
2022,KABUPATEN CIAMIS,0,23554.0,4,23554.0,23554.0,0.0
2022,KABUPATEN CIAMIS,0,23554.0,4,23554.0,23554.0,0.0
2022,KABUPATEN CIAMIS,0,23554.0,4,23554.0,23554.0,0.0
2022,KABUPATEN CIAMIS,0,23554.0,4,23554.0,23554.0,0.0
2023,KABUPATEN CIAMIS,0,24733.0,4,23554.0,23554.0,0.0
2023,KABUPATEN CIAMIS,0,24733.0,4,24733.0,23554.0,0.0500551923240214
2023,KABUPATEN CIAMIS,0,24733.0,4,24733.0,24733.0,0.0
2023,KABUPATEN CIAMIS,0,24733.0,4,24733.0,24733.0,0.0
2023,KABUPATEN CIAMIS,0,24733.0,4,24733.0,24733.0,0.0
2023,KABUPATEN CIAMIS,0,24733.0,4,24733.0,24733.0,0.0
2023,KABUPATEN CIAMIS,0,24733.0,4,24733.0,24733.0,0.0
2023,KABUPATEN CIAMIS,0,24733.0,4,24733.0,24733.0,0.0
2023,KABUPATEN CIAMIS,0,24733.0,4,24733.0,24733.0,0.0
2023,KABUPATEN CIAMIS,0,24733.0,4,24733.0,24733.0,0.0
2023,KABUPATEN CIAMIS,0,24733.0,4,24733.0,24733.0,0.0
2024,KABUPATEN CIAMIS,0,25541.0,4,24733.0,24733.0,0.0
2024,KABUPATEN CIAMIS,0,25541.0,4,25541.0,24733.0,0.03266890389358347
2024,KABUPATEN CIAMIS,0,25541.0,4,25541.0,25541.0,0.0
2024,KABUPATEN CIAMIS,0,25541.0,4,25541.0,25541.0,0.0
2024,KABUPATEN CIAMIS,0,25541.0,4,25541.0,25541.0,0.0
2024,KABUPATEN CIAMIS,0,25541.0,4,25541.0,25541.0,0.0
2024,KABUPATEN CIAMIS,0,25541.0,4,25541.0,25541.0,0.0
2024,KABUPATEN CIAMIS,0,25541.0,4,25541.0,25541.0,0.0
2021,KABUPATEN CIAMIS,1,248261.0,4,0.0,0.0,0.0
2021,KABUPATEN CIAMIS,1,248261.0,4,248261.0,0.0,0.0
2021,KABUPATEN CIAMIS,1,248261.0,4,248261.0,248261.0,0.0
2021,KABUPATEN CIAMIS,1,248261.0,4,248261.0,248261.0,0.0
2021,KABUPATEN CIAMIS,1,248261.0,4,248261.0,248261.0,0.0
2021,KABUPATEN CIAMIS,1,248261.0,4,248261.0,248261.0,0.0
2021,KABUPATEN CIAMIS,1,248261.0,4,248261.0,248261.0,0.0
2022,KABUPATEN CIAMIS,1,247921.0,4,248261.0,248261.0,0.0
2022,KABUPATEN CIAMIS,1,247921.0,4,247921.0,248261.0,-0.0013695264258179898
2022,KABUPATEN CIAMIS,1,247921.0,4,247921.0,247921.0,0.0
2022,KABUPATEN CIAMIS,1,247921.0,4,247921.0,247921.0,0.0
2022,KABUPATEN CIAMIS,1,247921.0,4,247921.0,247921.0,0.0
2022,KABUPATEN CIAMIS,1,247921.0,4,247921.0,247921.0,0.0
2022,KABUPATEN CIAMIS,1,247921.0,4,247921.0,247921.0,0.0
2022,KABUPATEN CIAMIS,1,247921.0,4,247921.0,247921.0,0.0
2023,KABUPATEN CIAMIS,1,248580.0,4,247921.0,247921.0,0.0
2023,KABUPATEN CIAMIS,1,248580.0,4,248580.0,247921.0,0.002658104799512748
2023,KABUPATEN CIAMIS,1,248580.0,4,248580.0,248580.0,0.0
2023,KABUPATEN CIAMIS,1,248580.0,4,248580.0,248580.0,0.0
2023,KABUPATEN CIAMIS,1,248580.0,4,248580.0,248580.0,0.0
2023,KABUPATEN CIAMIS,1,248580.0,4,248580.0,248580.0,0.0
2023,KABUPATEN CIAMIS,1,248580.0,4,248580.0,248580.0,0.0
2023,KABUPATEN CIAMIS,1,248580.0,4,248580.0,248580.0,0.0
2023,KABUPATEN CIAMIS,1,248580.0,4,248580.0,248580.0,0.0
2023,KABUPATEN CIAMIS,1,248580.0,4,248580.0,248580.0,0.0
2023,KABUPATEN CIAMIS,1,248580.0,4,248580.0,248580.0,0.0
2024,KABUPATEN CIAMIS,1,247576.0,4,248580.0,248580.0,0.0
2024,KABUPATEN CIAMIS,1,247576.0,4,247576.0,248580.0,-0.004038941185936117
2024,KABUPATEN CIAMIS,1,247576.0,4,247576.0,247576.0,0.0
2024,KABUPATEN CIAMIS,1,247576.0,4,247576.0,247576.0,0.0
2024,KABUPATEN CIAMIS,1,247576.0,4,247576.0,247576.0,0.0
2024,KABUPATEN CIAMIS,1,247576.0,4,247576.0,247576.0,0.0
2024,KABUPATEN CIAMIS,1,247576.0,4,247576.0,247576.0,0.0
2024,KABUPATEN CIAMIS,1,247576.0,4,247576.0,247576.0,0.0
2021,KABUPATEN CIAMIS,2,930.0,4,0.0,0.0,0.0
2021,KABUPATEN CIAMIS,2,930.0,4,930.0,0.0,0.0
2021,KABUPATEN CIAMIS,2,930.0,4,930.0,930.0,0.0
2021,KABUPATEN CIAMIS,2,930.0,4,930.0,930.0,0.0
2021,KABUPATEN CIAMIS,2,930.0,4,930.0,930.0,0.0
2021,KABUPATEN CIAMIS,2,930.0,4,930.0,930.0,0.0
2021,KABUPATEN CIAMIS,2,930.0,4,930.0,930.0,0.0
2022,KABUPATEN CIAMIS,2,925.0,4,930.0,930.0,0.0
2022,KABUPATEN CIAMIS,2,925.0,4,925.0,930.0,-0.005376344086021506
2022,KABUPATEN CIAMIS,2,925.0,4,925.0,925.0,0.0
2022,KABUPATEN CIAMIS,2,925.0,4,925.0,925.0,0.0
2022,KABUPATEN CIAMIS,2,925.0,4,925.0,925.0,0.0
2022,KABUPATEN CIAMIS,2,925.0,4,925.0,925.0,0.0
2022,KABUPATEN CIAMIS,2,925.0,4,925.0,925.0,0.0
2022,KABUPATEN CIAMIS,2,925.0,4,925.0,925.0,0.0
2023,KABUPATEN CIAMIS,2,867.0,4,925.0,925.0,0.0
2023,KABUPATEN CIAMIS,2,867.0,4,867.0,925.0,-0.0627027027027027
2023,KABUPATEN CIAMIS,2,867.0,4,867.0,867.0,0.0
2023,KABUPATEN CIAMIS,2,867.0,4,867.0,867.0,0.0
2023,KABUPATEN CIAMIS,2,867.0,4,867.0,867.0,0.0
2023,KABUPATEN CIAMIS,2,867.0,4,867.0,867.0,0.0
2023,KABUPATEN CIAMIS,2,867.0,4,867.0,867.0,0.0
2023,KABUPATEN CIAMIS,2,867.0,4,867.0,867.0,0.0
2023,KABUPATEN CIAMIS,2,867.0,4,867.0,867.0,0.0
2023,KABUPATEN CIAMIS,2,867.0,4,867.0,867.0,0.0
2023,KABUPATEN CIAMIS,2,867.0,4,867.0,867.0,0.0
2024,KABUPATEN CIAMIS,2,831.0,4,867.0,867.0,0.0
2024,KABUPATEN CIAMIS,2,831.0,4,831.0,867.0,-0.04152249134948097
2024,KABUPATEN CIAMIS,2,831.0,4,831.0,831.0,0.0
2024,KABUPATEN CIAMIS,2,831.0,4,831.0,831.0,0.0
2024,KABUPATEN CIAMIS,2,831.0,4,831.0,831.0,0.0
2024,KABUPATEN CIAMIS,2,831.0,4,831.0,831.0,0.0
2024,KABUPATEN CIAMIS,2,831.0,4,831.0,831.0,0.0
2024,KABUPATEN CIAMIS,2,831.0,4,831.0,831.0,0.0
2021,KABUPATEN CIAMIS,3,11123.0,4,0.0,0.0,0.0
2021,KABUPATEN CIAMIS,3,11123.0,4,11123.0,0.0,0.0
2021,KABUPATEN CIAMIS,3,11123.0,4,11123.0,11123.0,0.0
2021,KABUPATEN CIAMIS,3,11123.0,4,11123.0,11123.0,0.0
2021,KABUPATEN CIAMIS,3,11123.0,4,11123.0,11123.0,0.0
2021,KABUPATEN CIAMIS,3,11123.0,4,11123.0,11123.0,0.0
2021,KABUPATEN CIAMIS,3,11123.0,4,11123.0,11123.0,0.0
2022,KABUPATEN CIAMIS,3,11436.0,4,11123.0,11123.0,0.0
2022,KABUPATEN CIAMIS,3,11436.0,4,11436.0,11123.0,0.028139890317360423
2022,KABUPATEN CIAMIS,3,11436.0,4,11436.0,11436.0,0.0
2022,KABUPATEN CIAMIS,3,11436.0,4,11436.0,11436.0,0.0
2022,KABUPATEN CIAMIS,3,11436.0,4,11436.0,11436.0,0.0
2022,KABUPATEN CIAMIS,3,11436.0,4,11436.0,11436.0,0.0
2022,KABUPATEN CIAMIS,3,11436.0,4,11436.0,11436.0,0.0
2022,KABUPATEN CIAMIS,3,11436.0,4,11436.0,11436.0,0.0
2023,KABUPATEN CIAMIS,3,11538.0,4,11436.0,11436.0,0.0
2023,KABUPATEN CIAMIS,3,11538.0,4,11538.0,11436.0,0.008919202518363064
2023,KABUPATEN CIAMIS,3,11538.0,4,11538.0,11538.0,0.0
2023,KABUPATEN CIAMIS,3,11538.0,4,11538.0,11538.0,0.0
2023,KABUPATEN CIAMIS,3,11538.0,4,11538.0,11538.0,0.0
2023,KABUPATEN CIAMIS,3,11538.0,4,11538.0,11538.0,0.0
2023,KABUPATEN CIAMIS,3,11538.0,4,11538.0,11538.0,0.0
2023,KABUPATEN CIAMIS,3,11538.0,4,11538.0,11538.0,0.0
2023,KABUPATEN CIAMIS,3,11538.0,4,11538.0,11538.0,0.0
2023,KABUPATEN CIAMIS,3,11538.0,4,11538.0,11538.0,0.0
2023,KABUPATEN CIAMIS,3,11538.0,4,11538.0,11538.0,0.0
2024,KABUPATEN CIAMIS,3,11544.0,4,11538.0,11538.0,0.0
2024,KABUPATEN CIAMIS,3,11544.0,4,11544.0,11538.0,0.0005200208008320333
2024,KABUPATEN CIAMIS,3,11544.0,4,11544.0,11544.0,0.0
2024,KABUPATEN CIAMIS,3,11544.0,4,11544.0,11544.0,0.0
2024,KABUPATEN CIAMIS,3,11544.0,4,11544.0,11544.0,0.0
2024,KABUPATEN CIAMIS,3,11544.0,4,11544.0,11544.0,0.0
2024,KABUPATEN CIAMIS,3,11544.0,4,11544.0,11544.0,0.0
2024,KABUPATEN CIAMIS,3,11544.0,4,11544.0,11544.0,0.0
2021,KABUPATEN CIANJUR,0,38217.0,5,0.0,0.0,0.0
2021,KABUPATEN CIANJUR,0,38217.0,5,38217.0,0.0,0.0
2021,KABUPATEN CIANJUR,0,38217.0,5,38217.0,38217.0,0.0
2021,KABUPATEN CIANJUR,0,38217.0,5,38217.0,38217.0,0.0
2021,KABUPATEN CIANJUR,0,38217.0,5,38217.0,38217.0,0.0
2021,KABUPATEN CIANJUR,0,38217.0,5,38217.0,38217.0,0.0
2021,KABUPATEN CIANJUR,0,38217.0,5,38217.0,38217.0,0.0
2021,KABUPATEN CIANJUR,0,38217.0,5,38217.0,38217.0,0.0
2021,KABUPATEN CIANJUR,0,38217.0,5,38217.0,38217.0,0.0
2021,KABUPATEN CIANJUR,0,38217.0,5,38217.0,38217.0,0.0
2021,KABUPATEN CIANJUR,0,38217.0,5,38217.0,38217.0,0.0
2022,KABUPATEN CIANJUR,0,40053.0,5,38217.0,38217.0,0.0
2022,KABUPATEN CIANJUR,0,40053.0,5,40053.0,38217.0,0.04804144752335348
2022,KABUPATEN CIANJUR,0,40053.0,5,40053.0,40053.0,0.0
2022,KABUPATEN CIANJUR,0,40053.0,5,40053.0,40053.0,0.0
2022,KABUPATEN CIANJUR,0,40053.0,5,40053.0,40053.0,0.0
2022,KABUPATEN CIANJUR,0,40053.0,5,40053.0,40053.0,0.0
2022,KABUPATEN CIANJUR,0,40053.0,5,40053.0,40053.0,0.0
2022,KABUPATEN CIANJUR,0,40053.0,5,40053.0,40053.0,0.0
2022,KABUPATEN CIANJUR,0,40053.0,5,40053.0,40053.0,0.0
2022,KABUPATEN CIANJUR,0,40053.0,5,40053.0,40053.0,0.0
2023,KABUPATEN CIANJUR,0,41747.0,5,40053.0,40053.0,0.0
2023,KABUPATEN CIANJUR,0,41747.0,5,41747.0,40053.0,0.04229396050233441
2023,KABUPATEN CIANJUR,0,41747.0,5,41747.0,41747.0,0.0
2023,KABUPATEN CIANJUR,0,41747.0,5,41747.0,41747.0,0.0
2023,KABUPATEN CIANJUR,0,41747.0,5,41747.0,41747.0,0.0
2023,KABUPATEN CIANJUR,0,41747.0,5,41747.0,41747.0,0.0
2023,KABUPATEN CIANJUR,0,41747.0,5,41747.0,41747.0,0.0
2023,KABUPATEN CIANJUR,0,41747.0,5,41747.0,41747.0,0.0
2024,KABUPATEN CIANJUR,0,42856.0,5,41747.0,41747.0,0.0
2024,KABUPATEN CIANJUR,0,42856.0,5,42856.0,41747.0,0.026564783098186696
2024,KABUPATEN CIANJUR,0,42856.0,5,42856.0,42856.0,0.0
2024,KABUPATEN CIANJUR,0,42856.0,5,42856.0,42856.0,0.0
2024,KABUPATEN CIANJUR,0,42856.0,5,42856.0,42856.0,0.0
2024,KABUPATEN CIANJUR,0,42856.0,5,42856.0,42856.0,0.0
2024,KABUPATEN CIANJUR,0,42856.0,5,42856.0,42856.0,0.0
2021,KABUPATEN CIANJUR,1,407425.0,5,0.0,0.0,0.0
2021,KABUPATEN CIANJUR,1,407425.0,5,407425.0,0.0,0.0
2021,KABUPATEN CIANJUR,1,407425.0,5,407425.0,407425.0,0.0
2021,KABUPATEN CIANJUR,1,407425.0,5,407425.0,407425.0,0.0
2021,KABUPATEN CIANJUR,1,407425.0,5,407425.0,407425.0,0.0
2021,KABUPATEN CIANJUR,1,407425.0,5,407425.0,407425.0,0.0
2021,KABUPATEN CIANJUR,1,407425.0,5,407425.0,407425.0,0.0
2021,KABUPATEN CIANJUR,1,407425.0,5,407425.0,407425.0,0.0
2021,KABUPATEN CIANJUR,1,407425.0,5,407425.0,407425.0,0.0
2021,KABUPATEN CIANJUR,1,407425.0,5,407425.0,407425.0,0.0
2021,KABUPATEN CIANJUR,1,407425.0,5,407425.0,407425.0,0.0
2022,KABUPATEN CIANJUR,1,410835.0,5,407425.0,407425.0,0.0
2022,KABUPATEN CIANJUR,1,410835.0,5,410835.0,407425.0,0.008369638583788428
2022,KABUPATEN CIANJUR,1,410835.0,5,410835.0,410835.0,0.0
2022,KABUPATEN CIANJUR,1,410835.0,5,410835.0,410835.0,0.0
2022,KABUPATEN CIANJUR,1,410835.0,5,410835.0,410835.0,0.0
2022,KABUPATEN CIANJUR,1,410835.0,5,410835.0,410835.0,0.0
2022,KABUPATEN CIANJUR,1,410835.0,5,410835.0,410835.0,0.0
2022,KABUPATEN CIANJUR,1,410835.0,5,410835.0,410835.0,0.0
2022,KABUPATEN CIANJUR,1,410835.0,5,410835.0,410835.0,0.0
2022,KABUPATEN CIANJUR,1,410835.0,5,410835.0,410835.0,0.0
2023,KABUPATEN CIANJUR,1,422844.0,5,410835.0,410835.0,0.0
2023,KABUPATEN CIANJUR,1,422844.0,5,422844.0,410835.0,0.029230713059987586
2023,KABUPATEN CIANJUR,1,422844.0,5,422844.0,422844.0,0.0
2023,KABUPATEN CIANJUR,1,422844.0,5,422844.0,422844.0,0.0
2023,KABUPATEN CIANJUR,1,422844.0,5,422844.0,422844.0,0.0
2023,KABUPATEN CIANJUR,1,422844.0,5,422844.0,422844.0,0.0
2023,KABUPATEN CIANJUR,1,422844.0,5,422844.0,422844.0,0.0
2023,KABUPATEN CIANJUR,1,422844.0,5,422844.0,422844.0,0.0
2024,KABUPATEN CIANJUR,1,431472.0,5,422844.0,422844.0,0.0
2024,KABUPATEN CIANJUR,1,431472.0,5,431472.0,422844.0,0.020404688253824105
2024,KABUPATEN CIANJUR,1,431472.0,5,431472.0,431472.0,0.0
2024,KABUPATEN CIANJUR,1,431472.0,5,431472.0,431472.0,0.0
2024,KABUPATEN CIANJUR,1,431472.0,5,431472.0,431472.0,0.0
2024,KABUPATEN CIANJUR,1,431472.0,5,431472.0,431472.0,0.0
2024,KABUPATEN CIANJUR,1,431472.0,5,431472.0,431472.0,0.0
2021,KABUPATEN CIANJUR,2,647.0,5,0.0,0.0,0.0
2021,KABUPATEN CIANJUR,2,647.0,5,647.0,0.0,0.0
2021,KABUPATEN CIANJUR,2,647.0,5,647.0,647.0,0.0
2021,KABUPATEN CIANJUR,2,647.0,5,647.0,647.0,0.0
2021,KABUPATEN CIANJUR,2,647.0,5,647.0,647.0,0.0
2021,KABUPATEN CIANJUR,2,647.0,5,647.0,647.0,0.0
2021,KABUPATEN CIANJUR,2,647.0,5,647.0,647.0,0.0
2021,KABUPATEN CIANJUR,2,647.0,5,647.0,647.0,0.0
2021,KABUPATEN CIANJUR,2,647.0,5,647.0,647.0,0.0
2021,KABUPATEN CIANJUR,2,647.0,5,647.0,647.0,0.0
2021,KABUPATEN CIANJUR,2,647.0,5,647.0,647.0,0.0
2022,KABUPATEN CIANJUR,2,641.0,5,647.0,647.0,0.0
2022,KABUPATEN CIANJUR,2,641.0,5,641.0,647.0,-0.00927357032457496
2022,KABUPATEN CIANJUR,2,641.0,5,641.0,641.0,0.0
2022,KABUPATEN CIANJUR,2,641.0,5,641.0,641.0,0.0
2022,KABUPATEN CIANJUR,2,641.0,5,641.0,641.0,0.0
2022,KABUPATEN CIANJUR,2,641.0,5,641.0,641.0,0.0
2022,KABUPATEN CIANJUR,2,641.0,5,641.0,641.0,0.0
2022,KABUPATEN CIANJUR,2,641.0,5,641.0,641.0,0.0
2022,KABUPATEN CIANJUR,2,641.0,5,641.0,641.0,0.0
2022,KABUPATEN CIANJUR,2,641.0,5,641.0,641.0,0.0
2023,KABUPATEN CIANJUR,2,639.0,5,641.0,641.0,0.0
2023,KABUPATEN CIANJUR,2,639.0,5,639.0,641.0,-0.0031201248049922
2023,KABUPATEN CIANJUR,2,639.0,5,639.0,639.0,0.0
2023,KABUPATEN CIANJUR,2,639.0,5,639.0,639.0,0.0
2023,KABUPATEN CIANJUR,2,639.0,5,639.0,639.0,0.0
2023,KABUPATEN CIANJUR,2,639.0,5,639.0,639.0,0.0
2023,KABUPATEN CIANJUR,2,639.0,5,639.0,639.0,0.0
2023,KABUPATEN CIANJUR,2,639.0,5,639.0,639.0,0.0
2024,KABUPATEN CIANJUR,2,626.0,5,639.0,639.0,0.0
2024,KABUPATEN CIANJUR,2,626.0,5,626.0,639.0,-0.02034428794992175
2024,KABUPATEN CIANJUR,2,626.0,5,626.0,626.0,0.0
2024,KABUPATEN CIANJUR,2,626.0,5,626.0,626.0,0.0
2024,KABUPATEN CIANJUR,2,626.0,5,626.0,626.0,0.0
2024,KABUPATEN CIANJUR,2,626.0,5,626.0,626.0,0.0
2024,KABUPATEN CIANJUR,2,626.0,5,626.0,626.0,0.0
2021,KABUPATEN CIANJUR,3,18949.0,5,0.0,0.0,0.0
2021,KABUPATEN CIANJUR,3,18949.0,5,18949.0,0.0,0.0
2021,KABUPATEN CIANJUR,3,18949.0,5,18949.0,18949.0,0.0
2021,KABUPATEN CIANJUR,3,18949.0,5,18949.0,18949.0,0.0
2021,KABUPATEN CIANJUR,3,18949.0,5,18949.0,18949.0,0.0
2021,KABUPATEN CIANJUR,3,18949.0,5,18949.0,18949.0,0.0
2021,KABUPATEN CIANJUR,3,18949.0,5,18949.0,18949.0,0.0
2021,KABUPATEN CIANJUR,3,18949.0,5,18949.0,18949.0,0.0
2021,KABUPATEN CIANJUR,3,18949.0,5,18949.0,18949.0,0.0
2021,KABUPATEN CIANJUR,3,18949.0,5,18949.0,18949.0,0.0
2021,KABUPATEN CIANJUR,3,18949.0,5,18949.0,18949.0,0.0
2022,KABUPATEN CIANJUR,3,19337.0,5,18949.0,18949.0,0.0
2022,KABUPATEN CIANJUR,3,19337.0,5,19337.0,18949.0,0.020476014565412422
2022,KABUPATEN CIANJUR,3,19337.0,5,19337.0,19337.0,0.0
2022,KABUPATEN CIANJUR,3,19337.0,5,19337.0,19337.0,0.0
2022,KABUPATEN CIANJUR,3,19337.0,5,19337.0,19337.0,0.0
2022,KABUPATEN CIANJUR,3,19337.0,5,19337.0,19337.0,0.0
2022,KABUPATEN CIANJUR,3,19337.0,5,19337.0,19337.0,0.0
2022,KABUPATEN CIANJUR,3,19337.0,5,19337.0,19337.0,0.0
2022,KABUPATEN CIANJUR,3,19337.0,5,19337.0,19337.0,0.0
2022,KABUPATEN CIANJUR,3,19337.0,5,19337.0,19337.0,0.0
2023,KABUPATEN CIANJUR,3,19490.0,5,19337.0,19337.0,0.0
2023,KABUPATEN CIANJUR,3,19490.0,5,19490.0,19337.0,0.00791229249625071
2023,KABUPATEN CIANJUR,3,19490.0,5,19490.0,19490.0,0.0
2023,KABUPATEN CIANJUR,3,19490.0,5,19490.0,19490.0,0.0
2023,KABUPATEN CIANJUR,3,19490.0,5,19490.0,19490.0,0.0
2023,KABUPATEN CIANJUR,3,19490.0,5,19490.0,19490.0,0.0
2023,KABUPATEN CIANJUR,3,19490.0,5,19490.0,19490.0,0.0
2023,KABUPATEN CIANJUR,3,19490.0,5,19490.0,19490.0,0.0
2024,KABUPATEN CIANJUR,3,19233.0,5,19490.0,19490.0,0.0
2024,KABUPATEN CIANJUR,3,19233.0,5,19233.0,19490.0,-0.01318624935864546
2024,KABUPATEN CIANJUR,3,19233.0,5,19233.0,19233.0,0.0
2024,KABUPATEN CIANJUR,3,19233.0,5,19233.0,19233.0,0.0
2024,KABUPATEN CIANJUR,3,19233.0,5,19233.0,19233.0,0.0
2024,KABUPATEN CIANJUR,3,19233.0,5,19233.0,19233.0,0.0
2024,KABUPATEN CIANJUR,3,19233.0,5,19233.0,19233.0,0.0
2021,KABUPATEN CIREBON,0,53290.0,6,0.0,0.0,0.0
2021,KABUPATEN CIREBON,0,53290.0,6,53290.0,0.0,0.0
2021,KABUPATEN CIREBON,0,53290.0,6,53290.0,53290.0,0.0
2021,KABUPATEN CIREBON,0,53290.0,6,53290.0,53290.0,0.0
2021,KABUPATEN CIREBON,0,53290.0,6,53290.0,53290.0,0.0
2021,KABUPATEN CIREBON,0,53290.0,6,53290.0,53290.0,0.0
2021,KABUPATEN CIREBON,0,53290.0,6,53290.0,53290.0,0.0
2021,KABUPATEN CIREBON,0,53290.0,6,53290.0,53290.0,0.0
2021,KABUPATEN CIREBON,0,53290.0,6,53290.0,53290.0,0.0
2021,KABUPATEN CIREBON,0,53290.0,6,53290.0,53290.0,0.0
2022,KABUPATEN CIREBON,0,56054.0,6,53290.0,53290.0,0.0
2022,KABUPATEN CIREBON,0,56054.0,6,56054.0,53290.0,0.051867142052917994
2022,KABUPATEN CIREBON,0,56054.0,6,56054.0,56054.0,0.0
2022,KABUPATEN CIREBON,0,56054.0,6,56054.0,56054.0,0.0
2022,KABUPATEN CIREBON,0,56054.0,6,56054.0,56054.0,0.0
2022,KABUPATEN CIREBON,0,56054.0,6,56054.0,56054.0,0.0
2022,KABUPATEN CIREBON,0,56054.0,6,56054.0,56054.0,0.0
2022,KABUPATEN CIREBON,0,56054.0,6,56054.0,56054.0,0.0
2022,KABUPATEN CIREBON,0,56054.0,6,56054.0,56054.0,0.0
2022,KABUPATEN CIREBON,0,56054.0,6,56054.0,56054.0,0.0
2022,KABUPATEN CIREBON,0,56054.0,6,56054.0,56054.0,0.0
2023,KABUPATEN CIREBON,0,58368.0,6,56054.0,56054.0,0.0
2023,KABUPATEN CIREBON,0,58368.0,6,58368.0,56054.0,0.04128162129375245
2023,KABUPATEN CIREBON,0,58368.0,6,58368.0,58368.0,0.0
2023,KABUPATEN CIREBON,0,58368.0,6,58368.0,58368.0,0.0
2023,KABUPATEN CIREBON,0,58368.0,6,58368.0,58368.0,0.0
2023,KABUPATEN CIREBON,0,58368.0,6,58368.0,58368.0,0.0
2023,KABUPATEN CIREBON,0,58368.0,6,58368.0,58368.0,0.0
2023,KABUPATEN CIREBON,0,58368.0,6,58368.0,58368.0,0.0
2023,KABUPATEN CIREBON,0,58368.0,6,58368.0,58368.0,0.0
2023,KABUPATEN CIREBON,0,58368.0,6,58368.0,58368.0,0.0
2023,KABUPATEN CIREBON,0,58368.0,6,58368.0,58368.0,0.0
2023,KABUPATEN CIREBON,0,58368.0,6,58368.0,58368.0,0.0
2024,KABUPATEN CIREBON,0,59374.0,6,58368.0,58368.0,0.0
2024,KABUPATEN CIREBON,0,59374.0,6,59374.0,58368.0,0.01723547149122807
2024,KABUPATEN CIREBON,0,59374.0,6,59374.0,59374.0,0.0
2024,KABUPATEN CIREBON,0,59374.0,6,59374.0,59374.0,0.0
2024,KABUPATEN CIREBON,0,59374.0,6,59374.0,59374.0,0.0
2024,KABUPATEN CIREBON,0,59374.0,6,59374.0,59374.0,0.0
2024,KABUPATEN CIREBON,0,59374.0,6,59374.0,59374.0,0.0
2024,KABUPATEN CIREBON,0,59374.0,6,59374.0,59374.0,0.0
2024,KABUPATEN CIREBON,0,59374.0,6,59374.0,59374.0,0.0
2024,KABUPATEN CIREBON,0,59374.0,6,59374.0,59374.0,0.0
2024,KABUPATEN CIREBON,0,59374.0,6,59374.0,59374.0,0.0
2024,KABUPATEN CIREBON,0,59374.0,6,59374.0,59374.0,0.0
2024,KABUPATEN CIREBON,0,59374.0,6,59374.0,59374.0,0.0
2024,KABUPATEN CIREBON,0,59374.0,6,59374.0,59374.0,0.0
2024,KABUPATEN CIREBON,0,59374.0,6,59374.0,59374.0,0.0
2024,KABUPATEN CIREBON,0,59374.0,6,59374.0,59374.0,0.0
2021,KABUPATEN CIREBON,1,649864.0,6,0.0,0.0,0.0
2021,KABUPATEN CIREBON,1,649864.0,6,649864.0,0.0,0.0
2021,KABUPATEN CIREBON,1,649864.0,6,649864.0,649864.0,0.0
2021,KABUPATEN CIREBON,1,649864.0,6,649864.0,649864.0,0.0
2021,KABUPATEN CIREBON,1,649864.0,6,649864.0,649864.0,0.0
2021,KABUPATEN CIREBON,1,649864.0,6,649864.0,649864.0,0.0
2021,KABUPATEN CIREBON,1,649864.0,6,649864.0,649864.0,0.0
2021,KABUPATEN CIREBON,1,649864.0,6,649864.0,649864.0,0.0
2021,KABUPATEN CIREBON,1,649864.0,6,649864.0,649864.0,0.0
2021,KABUPATEN CIREBON,1,649864.0,6,649864.0,649864.0,0.0
2022,KABUPATEN CIREBON,1,658894.0,6,649864.0,649864.0,0.0
2022,KABUPATEN CIREBON,1,658894.0,6,658894.0,649864.0,0.013895214998830525
2022,KABUPATEN CIREBON,1,658894.0,6,658894.0,658894.0,0.0
2022,KABUPATEN CIREBON,1,658894.0,6,658894.0,658894.0,0.0
2022,KABUPATEN CIREBON,1,658894.0,6,658894.0,658894.0,0.0
2022,KABUPATEN CIREBON,1,658894.0,6,658894.0,658894.0,0.0
2022,KABUPATEN CIREBON,1,658894.0,6,658894.0,658894.0,0.0
2022,KABUPATEN CIREBON,1,658894.0,6,658894.0,658894.0,0.0
2022,KABUPATEN CIREBON,1,658894.0,6,658894.0,658894.0,0.0
2022,KABUPATEN CIREBON,1,658894.0,6,658894.0,658894.0,0.0
2022,KABUPATEN CIREBON,1,658894.0,6,658894.0,658894.0,0.0
2023,KABUPATEN CIREBON,1,670694.0,6,658894.0,658894.0,0.0
2023,KABUPATEN CIREBON,1,670694.0,6,670694.0,658894.0,0.017908798683855066
2023,KABUPATEN CIREBON,1,670694.0,6,670694.0,670694.0,0.0
2023,KABUPATEN CIREBON,1,670694.0,6,670694.0,670694.0,0.0
2023,KABUPATEN CIREBON,1,670694.0,6,670694.0,670694.0,0.0
2023,KABUPATEN CIREBON,1,670694.0,6,670694.0,670694.0,0.0
2023,KABUPATEN CIREBON,1,670694.0,6,670694.0,670694.0,0.0
2023,KABUPATEN CIREBON,1,670694.0,6,670694.0,670694.0,0.0
2023,KABUPATEN CIREBON,1,670694.0,6,670694.0,670694.0,0.0
2023,KABUPATEN CIREBON,1,670694.0,6,670694.0,670694.0,0.0
2023,KABUPATEN CIREBON,1,670694.0,6,670694.0,670694.0,0.0
2023,KABUPATEN CIREBON,1,670694.0,6,670694.0,670694.0,0.0
2024,KABUPATEN CIREBON,1,675009.0,6,670694.0,670694.0,0.0
2024,KABUPATEN CIREBON,1,675009.0,6,675009.0,670694.0,0.006433634414501993
2024,KABUPATEN CIREBON,1,675009.0,6,675009.0,675009.0,0.0
2024,KABUPATEN CIREBON,1,675009.0,6,675009.0,675009.0,0.0
2024,KABUPATEN CIREBON,1,675009.0,6,675009.0,675009.0,0.0
2024,KABUPATEN CIREBON,1,675009.0,6,675009.0,675009.0,0.0
2024,KABUPATEN CIREBON,1,675009.0,6,675009.0,675009.0,0.0
2024,KABUPATEN CIREBON,1,675009.0,6,675009.0,675009.0,0.0
2024,KABUPATEN CIREBON,1,675009.0,6,675009.0,675009.0,0.0
2024,KABUPATEN CIREBON,1,675009.0,6,675009.0,675009.0,0.0
2024,KABUPATEN CIREBON,1,675009.0,6,675009.0,675009.0,0.0
2024,KABUPATEN CIREBON,1,675009.0,6,675009.0,675009.0,0.0
2024,KABUPATEN CIREBON,1,675009.0,6,675009.0,675009.0,0.0
2024,KABUPATEN CIREBON,1,675009.0,6,675009.0,675009.0,0.0
2024,KABUPATEN CIREBON,1,675009.0,6,675009.0,675009.0,0.0
2024,KABUPATEN CIREBON,1,675009.0,6,675009.0,675009.0,0.0
2021,KABUPATEN CIREBON,2,1255.0,6,0.0,0.0,0.0
2021,KABUPATEN CIREBON,2,1255.0,6,1255.0,0.0,0.0
2021,KABUPATEN CIREBON,2,1255.0,6,1255.0,1255.0,0.0
2021,KABUPATEN CIREBON,2,1255.0,6,1255.0,1255.0,0.0
2021,KABUPATEN CIREBON,2,1255.0,6,1255.0,1255.0,0.0
2021,KABUPATEN CIREBON,2,1255.0,6,1255.0,1255.0,0.0
2021,KABUPATEN CIREBON,2,1255.0,6,1255.0,1255.0,0.0
2021,KABUPATEN CIREBON,2,1255.0,6,1255.0,1255.0,0.0
2021,KABUPATEN CIREBON,2,1255.0,6,1255.0,1255.0,0.0
2021,KABUPATEN CIREBON,2,1255.0,6,1255.0,1255.0,0.0
2022,KABUPATEN CIREBON,2,1263.0,6,1255.0,1255.0,0.0
2022,KABUPATEN CIREBON,2,1263.0,6,1263.0,1255.0,0.006374501992031873
2022,KABUPATEN CIREBON,2,1263.0,6,1263.0,1263.0,0.0
2022,KABUPATEN CIREBON,2,1263.0,6,1263.0,1263.0,0.0
2022,KABUPATEN CIREBON,2,1263.0,6,1263.0,1263.0,0.0
2022,KABUPATEN CIREBON,2,1263.0,6,1263.0,1263.0,0.0
2022,KABUPATEN CIREBON,2,1263.0,6,1263.0,1263.0,0.0
2022,KABUPATEN CIREBON,2,1263.0,6,1263.0,1263.0,0.0
2022,KABUPATEN CIREBON,2,1263.0,6,1263.0,1263.0,0.0
2022,KABUPATEN CIREBON,2,1263.0,6,1263.0,1263.0,0.0
2022,KABUPATEN CIREBON,2,1263.0,6,1263.0,1263.0,0.0
2023,KABUPATEN CIREBON,2,1336.0,6,1263.0,1263.0,0.0
2023,KABUPATEN CIREBON,2,1336.0,6,1336.0,1263.0,0.05779889152810768
2023,KABUPATEN CIREBON,2,1336.0,6,1336.0,1336.0,0.0
2023,KABUPATEN CIREBON,2,1336.0,6,1336.0,1336.0,0.0
2023,KABUPATEN CIREBON,2,1336.0,6,1336.0,1336.0,0.0
2023,KABUPATEN CIREBON,2,1336.0,6,1336.0,1336.0,0.0
2023,KABUPATEN CIREBON,2,1336.0,6,1336.0,1336.0,0.0
2023,KABUPATEN CIREBON,2,1336.0,6,1336.0,1336.0,0.0
2023,KABUPATEN CIREBON,2,1336.0,6,1336.0,1336.0,0.0
2023,KABUPATEN CIREBON,2,1336.0,6,1336.0,1336.0,0.0
2023,KABUPATEN CIREBON,2,1336.0,6,1336.0,1336.0,0.0
2023,KABUPATEN CIREBON,2,1336.0,6,1336.0,1336.0,0.0
2024,KABUPATEN CIREBON,2,1403.0,6,1336.0,1336.0,0.0
2024,KABUPATEN CIREBON,2,1403.0,6,1403.0,1336.0,0.050149700598802395
2024,KABUPATEN CIREBON,2,1403.0,6,1403.0,1403.0,0.0
2024,KABUPATEN CIREBON,2,1403.0,6,1403.0,1403.0,0.0
2024,KABUPATEN CIREBON,2,1403.0,6,1403.0,1403.0,0.0
2024,KABUPATEN CIREBON,2,1403.0,6,1403.0,1403.0,0.0
2024,KABUPATEN CIREBON,2,1403.0,6,1403.0,1403.0,0.0
2024,KABUPATEN CIREBON,2,1403.0,6,1403.0,1403.0,0.0
2024,KABUPATEN CIREBON,2,1403.0,6,1403.0,1403.0,0.0
2024,KABUPATEN CIREBON,2,1403.0,6,1403.0,1403.0,0.0
2024,KABUPATEN CIREBON,2,1403.0,6,1403.0,1403.0,0.0
2024,KABUPATEN CIREBON,2,1403.0,6,1403.0,1403.0,0.0
2024,KABUPATEN CIREBON,2,1403.0,6,1403.0,1403.0,0.0
2024,KABUPATEN CIREBON,2,1403.0,6,1403.0,1403.0,0.0
2024,KABUPATEN CIREBON,2,1403.0,6,1403.0,1403.0,0.0
2024,KABUPATEN CIREBON,2,1403.0,6,1403.0,1403.0,0.0
2021,KABUPATEN CIREBON,3,23831.0,6,0.0,0.0,0.0
2021,KABUPATEN CIREBON,3,23831.0,6,23831.0,0.0,0.0
2021,KABUPATEN CIREBON,3,23831.0,6,23831.0,23831.0,0.0
2021,KABUPATEN CIREBON,3,23831.0,6,23831.0,23831.0,0.0
2021,KABUPATEN CIREBON,3,23831.0,6,23831.0,23831.0,0.0
2021,KABUPATEN CIREBON,3,23831.0,6,23831.0,23831.0,0.0
2021,KABUPATEN CIREBON,3,23831.0,6,23831.0,23831.0,0.0
2021,KABUPATEN CIREBON,3,23831.0,6,23831.0,23831.0,0.0
2021,KABUPATEN CIREBON,3,23831.0,6,23831.0,23831.0,0.0
2021,KABUPATEN CIREBON,3,23831.0,6,23831.0,23831.0,0.0
2022,KABUPATEN CIREBON,3,24539.0,6,23831.0,23831.0,0.0
2022,KABUPATEN CIREBON,3,24539.0,6,24539.0,23831.0,0.02970920229952583
2022,KABUPATEN CIREBON,3,24539.0,6,24539.0,24539.0,0.0
2022,KABUPATEN CIREBON,3,24539.0,6,24539.0,24539.0,0.0
2022,KABUPATEN CIREBON,3,24539.0,6,24539.0,24539.0,0.0
2022,KABUPATEN CIREBON,3,24539.0,6,24539.0,24539.0,0.0
2022,KABUPATEN CIREBON,3,24539.0,6,24539.0,24539.0,0.0
2022,KABUPATEN CIREBON,3,24539.0,6,24539.0,24539.0,0.0
2022,KABUPATEN CIREBON,3,24539.0,6,24539.0,24539.0,0.0
2022,KABUPATEN CIREBON,3,24539.0,6,24539.0,24539.0,0.0
2022,KABUPATEN CIREBON,3,24539.0,6,24539.0,24539.0,0.0
2023,KABUPATEN CIREBON,3,25006.0,6,24539.0,24539.0,0.0
2023,KABUPATEN CIREBON,3,25006.0,6,25006.0,24539.0,0.019030930355760218
2023,KABUPATEN CIREBON,3,25006.0,6,25006.0,25006.0,0.0
2023,KABUPATEN CIREBON,3,25006.0,6,25006.0,25006.0,0.0
2023,KABUPATEN CIREBON,3,25006.0,6,25006.0,25006.0,0.0
2023,KABUPATEN CIREBON,3,25006.0,6,25006.0,25006.0,0.0
2023,KABUPATEN CIREBON,3,25006.0,6,25006.0,25006.0,0.0
2023,KABUPATEN CIREBON,3,25006.0,6,25006.0,25006.0,0.0
2023,KABUPATEN CIREBON,3,25006.0,6,25006.0,25006.0,0.0
2023,KABUPATEN CIREBON,3,25006.0,6,25006.0,25006.0,0.0
2023,KABUPATEN CIREBON,3,25006.0,6,25006.0,25006.0,0.0
2023,KABUPATEN CIREBON,3,25006.0,6,25006.0,25006.0,0.0
2024,KABUPATEN CIREBON,3,24531.0,6,25006.0,25006.0,0.0
2024,KABUPATEN CIREBON,3,24531.0,6,24531.0,25006.0,-0.018995441094137408
2024,KABUPATEN CIREBON,3,24531.0,6,24531.0,24531.0,0.0
2024,KABUPATEN CIREBON,3,24531.0,6,24531.0,24531.0,0.0
2024,KABUPATEN CIREBON,3,24531.0,6,24531.0,24531.0,0.0
2024,KABUPATEN CIREBON,3,24531.0,6,24531.0,24531.0,0.0
2024,KABUPATEN CIREBON,3,24531.0,6,24531.0,24531.0,0.0
2024,KABUPATEN CIREBON,3,24531.0,6,24531.0,24531.0,0.0
2024,KABUPATEN CIREBON,3,24531.0,6,24531.0,24531.0,0.0
2024,KABUPATEN CIREBON,3,24531.0,6,24531.0,24531.0,0.0
2024,KABUPATEN CIREBON,3,24531.0,6,24531.0,24531.0,0.0
2024,KABUPATEN CIREBON,3,24531.0,6,24531.0,24531.0,0.0
2024,KABUPATEN CIREBON,3,24531.0,6,24531.0,24531.0,0.0
2024,KABUPATEN CIREBON,3,24531.0,6,24531.0,24531.0,0.0
2024,KABUPATEN CIREBON,3,24531.0,6,24531.0,24531.0,0.0
2024,KABUPATEN CIREBON,3,24531.0,6,24531.0,24531.0,0.0
2021,KABUPATEN GARUT,0,33352.0,7,0.0,0.0,0.0
2021,KABUPATEN GARUT,0,33352.0,7,33352.0,0.0,0.0
2021,KABUPATEN GARUT,0,33352.0,7,33352.0,33352.0,0.0
2021,KABUPATEN GARUT,0,33352.0,7,33352.0,33352.0,0.0
2021,KABUPATEN GARUT,0,33352.0,7,33352.0,33352.0,0.0
2021,KABUPATEN GARUT,0,33352.0,7,33352.0,33352.0,0.0
2021,KABUPATEN GARUT,0,33352.0,7,33352.0,33352.0,0.0
2021,KABUPATEN GARUT,0,33352.0,7,33352.0,33352.0,0.0
2021,KABUPATEN GARUT,0,33352.0,7,33352.0,33352.0,0.0
2021,KABUPATEN GARUT,0,33352.0,7,33352.0,33352.0,0.0
2022,KABUPATEN GARUT,0,35819.0,7,33352.0,33352.0,0.0
2022,KABUPATEN GARUT,0,35819.0,7,35819.0,33352.0,0.07396857759654593
2022,KABUPATEN GARUT,0,35819.0,7,35819.0,35819.0,0.0
2022,KABUPATEN GARUT,0,35819.0,7,35819.0,35819.0,0.0
2022,KABUPATEN GARUT,0,35819.0,7,35819.0,35819.0,0.0
2022,KABUPATEN GARUT,0,35819.0,7,35819.0,35819.0,0.0
2022,KABUPATEN GARUT,0,35819.0,7,35819.0,35819.0,0.0
2022,KABUPATEN GARUT,0,35819.0,7,35819.0,35819.0,0.0
2022,KABUPATEN GARUT,0,35819.0,7,35819.0,35819.0,0.0
2022,KABUPATEN GARUT,0,35819.0,7,35819.0,35819.0,0.0
2022,KABUPATEN GARUT,0,35819.0,7,35819.0,35819.0,0.0
2022,KABUPATEN GARUT,0,35819.0,7,35819.0,35819.0,0.0
2023,KABUPATEN GARUT,0,38134.0,7,35819.0,35819.0,0.0
2023,KABUPATEN GARUT,0,38134.0,7,38134.0,35819.0,0.06463050336413635
2023,KABUPATEN GARUT,0,38134.0,7,38134.0,38134.0,0.0
2023,KABUPATEN GARUT,0,38134.0,7,38134.0,38134.0,0.0
2023,KABUPATEN GARUT,0,38134.0,7,38134.0,38134.0,0.0
2023,KABUPATEN GARUT,0,38134.0,7,38134.0,38134.0,0.0
2023,KABUPATEN GARUT,0,38134.0,7,38134.0,38134.0,0.0
2023,KABUPATEN GARUT,0,38134.0,7,38134.0,38134.0,0.0
2023,KABUPATEN GARUT,0,38134.0,7,38134.0,38134.0,0.0
2024,KABUPATEN GARUT,0,39787.0,7,38134.0,38134.0,0.0
2024,KABUPATEN GARUT,0,39787.0,7,39787.0,38134.0,0.043347144280694395
2024,KABUPATEN GARUT,0,39787.0,7,39787.0,39787.0,0.0
2024,KABUPATEN GARUT,0,39787.0,7,39787.0,39787.0,0.0
2024,KABUPATEN GARUT,0,39787.0,7,39787.0,39787.0,0.0
2024,KABUPATEN GARUT,0,39787.0,7,39787.0,39787.0,0.0
2024,KABUPATEN GARUT,0,39787.0,7,39787.0,39787.0,0.0
2024,KABUPATEN GARUT,0,39787.0,7,39787.0,39787.0,0.0
2024,KABUPATEN GARUT,0,39787.0,7,39787.0,39787.0,0.0
2024,KABUPATEN GARUT,0,39787.0,7,39787.0,39787.0,0.0
2024,KABUPATEN GARUT,0,39787.0,7,39787.0,39787.0,0.0
2021,KABUPATEN GARUT,1,385236.0,7,0.0,0.0,0.0
2021,KABUPATEN GARUT,1,385236.0,7,385236.0,0.0,0.0
2021,KABUPATEN GARUT,1,385236.0,7,385236.0,385236.0,0.0
2021,KABUPATEN GARUT,1,385236.0,7,385236.0,385236.0,0.0
2021,KABUPATEN GARUT,1,385236.0,7,385236.0,385236.0,0.0
2021,KABUPATEN GARUT,1,385236.0,7,385236.0,385236.0,0.0
2021,KABUPATEN GARUT,1,385236.0,7,385236.0,385236.0,0.0
2021,KABUPATEN GARUT,1,385236.0,7,385236.0,385236.0,0.0
2021,KABUPATEN GARUT,1,385236.0,7,385236.0,385236.0,0.0
2021,KABUPATEN GARUT,1,385236.0,7,385236.0,385236.0,0.0
2022,KABUPATEN GARUT,1,388271.0,7,385236.0,385236.0,0.0
2022,KABUPATEN GARUT,1,388271.0,7,388271.0,385236.0,0.007878287595136488
2022,KABUPATEN GARUT,1,388271.0,7,388271.0,388271.0,0.0
2022,KABUPATEN GARUT,1,388271.0,7,388271.0,388271.0,0.0
2022,KABUPATEN GARUT,1,388271.0,7,388271.0,388271.0,0.0
2022,KABUPATEN GARUT,1,388271.0,7,388271.0,388271.0,0.0
2022,KABUPATEN GARUT,1,388271.0,7,388271.0,388271.0,0.0
2022,KABUPATEN GARUT,1,388271.0,7,388271.0,388271.0,0.0
2022,KABUPATEN GARUT,1,388271.0,7,388271.0,388271.0,0.0
2022,KABUPATEN GARUT,1,388271.0,7,388271.0,388271.0,0.0
2022,KABUPATEN GARUT,1,388271.0,7,388271.0,388271.0,0.0
2022,KABUPATEN GARUT,1,388271.0,7,388271.0,388271.0,0.0
2023,KABUPATEN GARUT,1,396769.0,7,388271.0,388271.0,0.0
2023,KABUPATEN GARUT,1,396769.0,7,396769.0,388271.0,0.02188677495872728
2023,KABUPATEN GARUT,1,396769.0,7,396769.0,396769.0,0.0
2023,KABUPATEN GARUT,1,396769.0,7,396769.0,396769.0,0.0
2023,KABUPATEN GARUT,1,396769.0,7,396769.0,396769.0,0.0
2023,KABUPATEN GARUT,1,396769.0,7,396769.0,396769.0,0.0
2023,KABUPATEN GARUT,1,396769.0,7,396769.0,396769.0,0.0
2023,KABUPATEN GARUT,1,396769.0,7,396769.0,396769.0,0.0
2023,KABUPATEN GARUT,1,396769.0,7,396769.0,396769.0,0.0
2024,KABUPATEN GARUT,1,403226.0,7,396769.0,396769.0,0.0
2024,KABUPATEN GARUT,1,403226.0,7,403226.0,396769.0,0.016273952854179635
2024,KABUPATEN GARUT,1,403226.0,7,403226.0,403226.0,0.0
2024,KABUPATEN GARUT,1,403226.0,7,403226.0,403226.0,0.0
2024,KABUPATEN GARUT,1,403226.0,7,403226.0,403226.0,0.0
2024,KABUPATEN GARUT,1,403226.0,7,403226.0,403226.0,0.0
2024,KABUPATEN GARUT,1,403226.0,7,403226.0,403226.0,0.0
2024,KABUPATEN GARUT,1,403226.0,7,403226.0,403226.0,0.0
2024,KABUPATEN GARUT,1,403226.0,7,403226.0,403226.0,0.0
2024,KABUPATEN GARUT,1,403226.0,7,403226.0,403226.0,0.0
2024,KABUPATEN GARUT,1,403226.0,7,403226.0,403226.0,0.0
2021,KABUPATEN GARUT,2,916.0,7,0.0,0.0,0.0
2021,KABUPATEN GARUT,2,916.0,7,916.0,0.0,0.0
2021,KABUPATEN GARUT,2,916.0,7,916.0,916.0,0.0
2021,KABUPATEN GARUT,2,916.0,7,916.0,916.0,0.0
2021,KABUPATEN GARUT,2,916.0,7,916.0,916.0,0.0
2021,KABUPATEN GARUT,2,916.0,7,916.0,916.0,0.0
2021,KABUPATEN GARUT,2,916.0,7,916.0,916.0,0.0
2021,KABUPATEN GARUT,2,916.0,7,916.0,916.0,0.0
2021,KABUPATEN GARUT,2,916.0,7,916.0,916.0,0.0
2021,KABUPATEN GARUT,2,916.0,7,916.0,916.0,0.0
2022,KABUPATEN GARUT,2,915.0,7,916.0,916.0,0.0
2022,KABUPATEN GARUT,2,915.0,7,915.0,916.0,-0.001091703056768559
2022,KABUPATEN GARUT,2,915.0,7,915.0,915.0,0.0
2022,KABUPATEN GARUT,2,915.0,7,915.0,915.0,0.0
2022,KABUPATEN GARUT,2,915.0,7,915.0,915.0,0.0
2022,KABUPATEN GARUT,2,915.0,7,915.0,915.0,0.0
2022,KABUPATEN GARUT,2,915.0,7,915.0,915.0,0.0
2022,KABUPATEN GARUT,2,915.0,7,915.0,915.0,0.0
2022,KABUPATEN GARUT,2,915.0,7,915.0,915.0,0.0
2022,KABUPATEN GARUT,2,915.0,7,915.0,915.0,0.0
2022,KABUPATEN GARUT,2,915.0,7,915.0,915.0,0.0
2022,KABUPATEN GARUT,2,915.0,7,915.0,915.0,0.0
2023,KABUPATEN GARUT,2,886.0,7,915.0,915.0,0.0
2023,KABUPATEN GARUT,2,886.0,7,886.0,915.0,-0.03169398907103825
2023,KABUPATEN GARUT,2,886.0,7,886.0,886.0,0.0
2023,KABUPATEN GARUT,2,886.0,7,886.0,886.0,0.0
2023,KABUPATEN GARUT,2,886.0,7,886.0,886.0,0.0
2023,KABUPATEN GARUT,2,886.0,7,886.0,886.0,0.0
2023,KABUPATEN GARUT,2,886.0,7,886.0,886.0,0.0
2023,KABUPATEN GARUT,2,886.0,7,886.0,886.0,0.0
2023,KABUPATEN GARUT,2,886.0,7,886.0,886.0,0.0
2024,KABUPATEN GARUT,2,909.0,7,886.0,886.0,0.0
2024,KABUPATEN GARUT,2,909.0,7,909.0,886.0,0.025959367945823927
2024,KABUPATEN GARUT,2,909.0,7,909.0,909.0,0.0
2024,KABUPATEN GARUT,2,909.0,7,909.0,909.0,0.0
2024,KABUPATEN GARUT,2,909.0,7,909.0,909.0,0.0
2024,KABUPATEN GARUT,2,909.0,7,909.0,909.0,0.0
2024,KABUPATEN GARUT,2,909.0,7,909.0,909.0,0.0
2024,KABUPATEN GARUT,2,909.0,7,909.0,909.0,0.0
2024,KABUPATEN GARUT,2,909.0,7,909.0,909.0,0.0
2024,KABUPATEN GARUT,2,909.0,7,909.0,909.0,0.0
2024,KABUPATEN GARUT,2,909.0,7,909.0,909.0,0.0
2021,KABUPATEN GARUT,3,15799.0,7,0.0,0.0,0.0
2021,KABUPATEN GARUT,3,15799.0,7,15799.0,0.0,0.0
2021,KABUPATEN GARUT,3,15799.0,7,15799.0,15799.0,0.0
2021,KABUPATEN GARUT,3,15799.0,7,15799.0,15799.0,0.0
2021,KABUPATEN GARUT,3,15799.0,7,15799.0,15799.0,0.0
2021,KABUPATEN GARUT,3,15799.0,7,15799.0,15799.0,0.0
2021,KABUPATEN GARUT,3,15799.0,7,15799.0,15799.0,0.0
2021,KABUPATEN GARUT,3,15799.0,7,15799.0,15799.0,0.0
2021,KABUPATEN GARUT,3,15799.0,7,15799.0,15799.0,0.0
2021,KABUPATEN GARUT,3,15799.0,7,15799.0,15799.0,0.0
2022,KABUPATEN GARUT,3,16232.0,7,15799.0,15799.0,0.0
2022,KABUPATEN GARUT,3,16232.0,7,16232.0,15799.0,0.027406797898601176
2022,KABUPATEN GARUT,3,16232.0,7,16232.0,16232.0,0.0
2022,KABUPATEN GARUT,3,16232.0,7,16232.0,16232.0,0.0
2022,KABUPATEN GARUT,3,16232.0,7,16232.0,16232.0,0.0
2022,KABUPATEN GARUT,3,16232.0,7,16232.0,16232.0,0.0
2022,KABUPATEN GARUT,3,16232.0,7,16232.0,16232.0,0.0
2022,KABUPATEN GARUT,3,16232.0,7,16232.0,16232.0,0.0
2022,KABUPATEN GARUT,3,16232.0,7,16232.0,16232.0,0.0
2022,KABUPATEN GARUT,3,16232.0,7,16232.0,16232.0,0.0
2022,KABUPATEN GARUT,3,16232.0,7,16232.0,16232.0,0.0
2022,KABUPATEN GARUT,3,16232.0,7,16232.0,16232.0,0.0
2023,KABUPATEN GARUT,3,16407.0,7,16232.0,16232.0,0.0
2023,KABUPATEN GARUT,3,16407.0,7,16407.0,16232.0,0.010781172991621488
2023,KABUPATEN GARUT,3,16407.0,7,16407.0,16407.0,0.0
2023,KABUPATEN GARUT,3,16407.0,7,16407.0,16407.0,0.0
2023,KABUPATEN GARUT,3,16407.0,7,16407.0,16407.0,0.0
2023,KABUPATEN GARUT,3,16407.0,7,16407.0,16407.0,0.0
2023,KABUPATEN GARUT,3,16407.0,7,16407.0,16407.0,0.0
2023,KABUPATEN GARUT,3,16407.0,7,16407.0,16407.0,0.0
2023,KABUPATEN GARUT,3,16407.0,7,16407.0,16407.0,0.0
2024,KABUPATEN GARUT,3,16475.0,7,16407.0,16407.0,0.0
2024,KABUPATEN GARUT,3,16475.0,7,16475.0,16407.0,0.004144572438593283
2024,KABUPATEN GARUT,3,16475.0,7,16475.0,16475.0,0.0
2024,KABUPATEN GARUT,3,16475.0,7,16475.0,16475.0,0.0
2024,KABUPATEN GARUT,3,16475.0,7,16475.0,16475.0,0.0
2024,KABUPATEN GARUT,3,16475.0,7,16475.0,16475.0,0.0
2024,KABUPATEN GARUT,3,16475.0,7,16475.0,16475.0,0.0
2024,KABUPATEN GARUT,3,16475.0,7,16475.0,16475.0,0.0
2024,KABUPATEN GARUT,3,16475.0,7,16475.0,16475.0,0.0
2024,KABUPATEN GARUT,3,16475.0,7,16475.0,16475.0,0.0
2024,KABUPATEN GARUT,3,16475.0,7,16475.0,16475.0,0.0
2021,KABUPATEN INDRAMAYU,0,35181.0,8,0.0,0.0,0.0
2021,KABUPATEN INDRAMAYU,0,35181.0,8,35181.0,0.0,0.0
2021,KABUPATEN INDRAMAYU,0,35181.0,8,35181.0,35181.0,0.0
2021,KABUPATEN INDRAMAYU,0,35181.0,8,35181.0,35181.0,0.0
2021,KABUPATEN INDRAMAYU,0,35181.0,8,35181.0,35181.0,0.0
2021,KABUPATEN INDRAMAYU,0,35181.0,8,35181.0,35181.0,0.0
2021,KABUPATEN INDRAMAYU,0,35181.0,8,35181.0,35181.0,0.0
2021,KABUPATEN INDRAMAYU,0,35181.0,8,35181.0,35181.0,0.0
2021,KABUPATEN INDRAMAYU,0,35181.0,8,35181.0,35181.0,0.0
2021,KABUPATEN INDRAMAYU,0,35181.0,8,35181.0,35181.0,0.0
2021,KABUPATEN INDRAMAYU,0,35181.0,8,35181.0,35181.0,0.0
2021,KABUPATEN INDRAMAYU,0,35181.0,8,35181.0,35181.0,0.0
2022,KABUPATEN INDRAMAYU,0,37554.0,8,35181.0,35181.0,0.0
2022,KABUPATEN INDRAMAYU,0,37554.0,8,37554.0,35181.0,0.06745118103521787
2022,KABUPATEN INDRAMAYU,0,37554.0,8,37554.0,37554.0,0.0
2022,KABUPATEN INDRAMAYU,0,37554.0,8,37554.0,37554.0,0.0
2022,KABUPATEN INDRAMAYU,0,37554.0,8,37554.0,37554.0,0.0
2022,KABUPATEN INDRAMAYU,0,37554.0,8,37554.0,37554.0,0.0
2022,KABUPATEN INDRAMAYU,0,37554.0,8,37554.0,37554.0,0.0
2022,KABUPATEN INDRAMAYU,0,37554.0,8,37554.0,37554.0,0.0
2022,KABUPATEN INDRAMAYU,0,37554.0,8,37554.0,37554.0,0.0
2022,KABUPATEN INDRAMAYU,0,37554.0,8,37554.0,37554.0,0.0
2022,KABUPATEN INDRAMAYU,0,37554.0,8,37554.0,37554.0,0.0
2023,KABUPATEN INDRAMAYU,0,39598.0,8,37554.0,37554.0,0.0
2023,KABUPATEN INDRAMAYU,0,39598.0,8,39598.0,37554.0,0.05442828992916866
2023,KABUPATEN INDRAMAYU,0,39598.0,8,39598.0,39598.0,0.0
2023,KABUPATEN INDRAMAYU,0,39598.0,8,39598.0,39598.0,0.0
2023,KABUPATEN INDRAMAYU,0,39598.0,8,39598.0,39598.0,0.0
2023,KABUPATEN INDRAMAYU,0,39598.0,8,39598.0,39598.0,0.0
2023,KABUPATEN INDRAMAYU,0,39598.0,8,39598.0,39598.0,0.0
2023,KABUPATEN INDRAMAYU,0,39598.0,8,39598.0,39598.0,0.0
2024,KABUPATEN INDRAMAYU,0,40876.0,8,39598.0,39598.0,0.0
2024,KABUPATEN INDRAMAYU,0,40876.0,8,40876.0,39598.0,0.032274357290772264
2024,KABUPATEN INDRAMAYU,0,40876.0,8,40876.0,40876.0,0.0
2024,KABUPATEN INDRAMAYU,0,40876.0,8,40876.0,40876.0,0.0
2024,KABUPATEN INDRAMAYU,0,40876.0,8,40876.0,40876.0,0.0
2024,KABUPATEN INDRAMAYU,0,40876.0,8,40876.0,40876.0,0.0
2024,KABUPATEN INDRAMAYU,0,40876.0,8,40876.0,40876.0,0.0
2024,KABUPATEN INDRAMAYU,0,40876.0,8,40876.0,40876.0,0.0
2024,KABUPATEN INDRAMAYU,0,40876.0,8,40876.0,40876.0,0.0
2024,KABUPATEN INDRAMAYU,0,40876.0,8,40876.0,40876.0,0.0
2024,KABUPATEN INDRAMAYU,0,40876.0,8,40876.0,40876.0,0.0
2021,KABUPATEN INDRAMAYU,1,476560.0,8,0.0,0.0,0.0
2021,KABUPATEN INDRAMAYU,1,476560.0,8,476560.0,0.0,0.0
2021,KABUPATEN INDRAMAYU,1,476560.0,8,476560.0,476560.0,0.0
2021,KABUPATEN INDRAMAYU,1,476560.0,8,476560.0,476560.0,0.0
2021,KABUPATEN INDRAMAYU,1,476560.0,8,476560.0,476560.0,0.0
2021,KABUPATEN INDRAMAYU,1,476560.0,8,476560.0,476560.0,0.0
2021,KABUPATEN INDRAMAYU,1,476560.0,8,476560.0,476560.0,0.0
2021,KABUPATEN INDRAMAYU,1,476560.0,8,476560.0,476560.0,0.0
2021,KABUPATEN INDRAMAYU,1,476560.0,8,476560.0,476560.0,0.0
2021,KABUPATEN INDRAMAYU,1,476560.0,8,476560.0,476560.0,0.0
2021,KABUPATEN INDRAMAYU,1,476560.0,8,476560.0,476560.0,0.0
2021,KABUPATEN INDRAMAYU,1,476560.0,8,476560.0,476560.0,0.0
2022,KABUPATEN INDRAMAYU,1,478009.0,8,476560.0,476560.0,0.0
2022,KABUPATEN INDRAMAYU,1,478009.0,8,478009.0,476560.0,0.0030405405405405407
2022,KABUPATEN INDRAMAYU,1,478009.0,8,478009.0,478009.0,0.0
2022,KABUPATEN INDRAMAYU,1,478009.0,8,478009.0,478009.0,0.0
2022,KABUPATEN INDRAMAYU,1,478009.0,8,478009.0,478009.0,0.0
2022,KABUPATEN INDRAMAYU,1,478009.0,8,478009.0,478009.0,0.0
2022,KABUPATEN INDRAMAYU,1,478009.0,8,478009.0,478009.0,0.0
2022,KABUPATEN INDRAMAYU,1,478009.0,8,478009.0,478009.0,0.0
2022,KABUPATEN INDRAMAYU,1,478009.0,8,478009.0,478009.0,0.0
2022,KABUPATEN INDRAMAYU,1,478009.0,8,478009.0,478009.0,0.0
2022,KABUPATEN INDRAMAYU,1,478009.0,8,478009.0,478009.0,0.0
2023,KABUPATEN INDRAMAYU,1,481853.0,8,478009.0,478009.0,0.0
2023,KABUPATEN INDRAMAYU,1,481853.0,8,481853.0,478009.0,0.008041689591618568
2023,KABUPATEN INDRAMAYU,1,481853.0,8,481853.0,481853.0,0.0
2023,KABUPATEN INDRAMAYU,1,481853.0,8,481853.0,481853.0,0.0
2023,KABUPATEN INDRAMAYU,1,481853.0,8,481853.0,481853.0,0.0
2023,KABUPATEN INDRAMAYU,1,481853.0,8,481853.0,481853.0,0.0
2023,KABUPATEN INDRAMAYU,1,481853.0,8,481853.0,481853.0,0.0
2023,KABUPATEN INDRAMAYU,1,481853.0,8,481853.0,481853.0,0.0
2024,KABUPATEN INDRAMAYU,1,476930.0,8,481853.0,481853.0,0.0
2024,KABUPATEN INDRAMAYU,1,476930.0,8,476930.0,481853.0,-0.010216808860793644
2024,KABUPATEN INDRAMAYU,1,476930.0,8,476930.0,476930.0,0.0
2024,KABUPATEN INDRAMAYU,1,476930.0,8,476930.0,476930.0,0.0
2024,KABUPATEN INDRAMAYU,1,476930.0,8,476930.0,476930.0,0.0
2024,KABUPATEN INDRAMAYU,1,476930.0,8,476930.0,476930.0,0.0
2024,KABUPATEN INDRAMAYU,1,476930.0,8,476930.0,476930.0,0.0
2024,KABUPATEN INDRAMAYU,1,476930.0,8,476930.0,476930.0,0.0
2024,KABUPATEN INDRAMAYU,1,476930.0,8,476930.0,476930.0,0.0
2024,KABUPATEN INDRAMAYU,1,476930.0,8,476930.0,476930.0,0.0
2024,KABUPATEN INDRAMAYU,1,476930.0,8,476930.0,476930.0,0.0
2021,KABUPATEN INDRAMAYU,2,825.0,8,0.0,0.0,0.0
2021,KABUPATEN INDRAMAYU,2,825.0,8,825.0,0.0,0.0
2021,KABUPATEN INDRAMAYU,2,825.0,8,825.0,825.0,0.0
2021,KABUPATEN INDRAMAYU,2,825.0,8,825.0,825.0,0.0
2021,KABUPATEN INDRAMAYU,2,825.0,8,825.0,825.0,0.0
2021,KABUPATEN INDRAMAYU,2,825.0,8,825.0,825.0,0.0
2021,KABUPATEN INDRAMAYU,2,825.0,8,825.0,825.0,0.0
2021,KABUPATEN INDRAMAYU,2,825.0,8,825.0,825.0,0.0
2021,KABUPATEN INDRAMAYU,2,825.0,8,825.0,825.0,0.0
2021,KABUPATEN INDRAMAYU,2,825.0,8,825.0,825.0,0.0
2021,KABUPATEN INDRAMAYU,2,825.0,8,825.0,825.0,0.0
2021,KABUPATEN INDRAMAYU,2,825.0,8,825.0,825.0,0.0
2022,KABUPATEN INDRAMAYU,2,799.0,8,825.0,825.0,0.0
2022,KABUPATEN INDRAMAYU,2,799.0,8,799.0,825.0,-0.03151515151515152
2022,KABUPATEN INDRAMAYU,2,799.0,8,799.0,799.0,0.0
2022,KABUPATEN INDRAMAYU,2,799.0,8,799.0,799.0,0.0
2022,KABUPATEN INDRAMAYU,2,799.0,8,799.0,799.0,0.0
2022,KABUPATEN INDRAMAYU,2,799.0,8,799.0,799.0,0.0
2022,KABUPATEN INDRAMAYU,2,799.0,8,799.0,799.0,0.0
2022,KABUPATEN INDRAMAYU,2,799.0,8,799.0,799.0,0.0
2022,KABUPATEN INDRAMAYU,2,799.0,8,799.0,799.0,0.0
2022,KABUPATEN INDRAMAYU,2,799.0,8,799.0,799.0,0.0
2022,KABUPATEN INDRAMAYU,2,799.0,8,799.0,799.0,0.0
2023,KABUPATEN INDRAMAYU,2,783.0,8,799.0,799.0,0.0
2023,KABUPATEN INDRAMAYU,2,783.0,8,783.0,799.0,-0.02002503128911139
2023,KABUPATEN INDRAMAYU,2,783.0,8,783.0,783.0,0.0
2023,KABUPATEN INDRAMAYU,2,783.0,8,783.0,783.0,0.0
2023,KABUPATEN INDRAMAYU,2,783.0,8,783.0,783.0,0.0
2023,KABUPATEN INDRAMAYU,2,783.0,8,783.0,783.0,0.0
2023,KABUPATEN INDRAMAYU,2,783.0,8,783.0,783.0,0.0
2023,KABUPATEN INDRAMAYU,2,783.0,8,783.0,783.0,0.0
2024,KABUPATEN INDRAMAYU,2,801.0,8,783.0,783.0,0.0
2024,KABUPATEN INDRAMAYU,2,801.0,8,801.0,783.0,0.022988505747126436
2024,KABUPATEN INDRAMAYU,2,801.0,8,801.0,801.0,0.0
2024,KABUPATEN INDRAMAYU,2,801.0,8,801.0,801.0,0.0
2024,KABUPATEN INDRAMAYU,2,801.0,8,801.0,801.0,0.0
2024,KABUPATEN INDRAMAYU,2,801.0,8,801.0,801.0,0.0
2024,KABUPATEN INDRAMAYU,2,801.0,8,801.0,801.0,0.0
2024,KABUPATEN INDRAMAYU,2,801.0,8,801.0,801.0,0.0
2024,KABUPATEN INDRAMAYU,2,801.0,8,801.0,801.0,0.0
2024,KABUPATEN INDRAMAYU,2,801.0,8,801.0,801.0,0.0
2024,KABUPATEN INDRAMAYU,2,801.0,8,801.0,801.0,0.0
2021,KABUPATEN INDRAMAYU,3,17175.0,8,0.0,0.0,0.0
2021,KABUPATEN INDRAMAYU,3,17175.0,8,17175.0,0.0,0.0
2021,KABUPATEN INDRAMAYU,3,17175.0,8,17175.0,17175.0,0.0
2021,KABUPATEN INDRAMAYU,3,17175.0,8,17175.0,17175.0,0.0
2021,KABUPATEN INDRAMAYU,3,17175.0,8,17175.0,17175.0,0.0
2021,KABUPATEN INDRAMAYU,3,17175.0,8,17175.0,17175.0,0.0
2021,KABUPATEN INDRAMAYU,3,17175.0,8,17175.0,17175.0,0.0
2021,KABUPATEN INDRAMAYU,3,17175.0,8,17175.0,17175.0,0.0
2021,KABUPATEN INDRAMAYU,3,17175.0,8,17175.0,17175.0,0.0
2021,KABUPATEN INDRAMAYU,3,17175.0,8,17175.0,17175.0,0.0
2021,KABUPATEN INDRAMAYU,3,17175.0,8,17175.0,17175.0,0.0
2021,KABUPATEN INDRAMAYU,3,17175.0,8,17175.0,17175.0,0.0
2022,KABUPATEN INDRAMAYU,3,17552.0,8,17175.0,17175.0,0.0
2022,KABUPATEN INDRAMAYU,3,17552.0,8,17552.0,17175.0,0.02195050946142649
2022,KABUPATEN INDRAMAYU,3,17552.0,8,17552.0,17552.0,0.0
2022,KABUPATEN INDRAMAYU,3,17552.0,8,17552.0,17552.0,0.0
2022,KABUPATEN INDRAMAYU,3,17552.0,8,17552.0,17552.0,0.0
2022,KABUPATEN INDRAMAYU,3,17552.0,8,17552.0,17552.0,0.0
2022,KABUPATEN INDRAMAYU,3,17552.0,8,17552.0,17552.0,0.0
2022,KABUPATEN INDRAMAYU,3,17552.0,8,17552.0,17552.0,0.0
2022,KABUPATEN INDRAMAYU,3,17552.0,8,17552.0,17552.0,0.0
2022,KABUPATEN INDRAMAYU,3,17552.0,8,17552.0,17552.0,0.0
2022,KABUPATEN INDRAMAYU,3,17552.0,8,17552.0,17552.0,0.0
2023,KABUPATEN INDRAMAYU,3,17656.0,8,17552.0,17552.0,0.0
2023,KABUPATEN INDRAMAYU,3,17656.0,8,17656.0,17552.0,0.005925250683682771
2023,KABUPATEN INDRAMAYU,3,17656.0,8,17656.0,17656.0,0.0
2023,KABUPATEN INDRAMAYU,3,17656.0,8,17656.0,17656.0,0.0
2023,KABUPATEN INDRAMAYU,3,17656.0,8,17656.0,17656.0,0.0
2023,KABUPATEN INDRAMAYU,3,17656.0,8,17656.0,17656.0,0.0
2023,KABUPATEN INDRAMAYU,3,17656.0,8,17656.0,17656.0,0.0
2023,KABUPATEN INDRAMAYU,3,17656.0,8,17656.0,17656.0,0.0
2024,KABUPATEN INDRAMAYU,3,17308.0,8,17656.0,17656.0,0.0
2024,KABUPATEN INDRAMAYU,3,17308.0,8,17308.0,17656.0,-0.01971001359311282
2024,KABUPATEN INDRAMAYU,3,17308.0,8,17308.0,17308.0,0.0
2024,KABUPATEN INDRAMAYU,3,17308.0,8,17308.0,17308.0,0.0
2024,KABUPATEN INDRAMAYU,3,17308.0,8,17308.0,17308.0,0.0
2024,KABUPATEN INDRAMAYU,3,17308.0,8,17308.0,17308.0,0.0
2024,KABUPATEN INDRAMAYU,3,17308.0,8,17308.0,17308.0,0.0
2024,KABUPATEN INDRAMAYU,3,17308.0,8,17308.0,17308.0,0.0
2024,KABUPATEN INDRAMAYU,3,17308.0,8,17308.0,17308.0,0.0
2024,KABUPATEN INDRAMAYU,3,17308.0,8,17308.0,17308.0,0.0
2024,KABUPATEN INDRAMAYU,3,17308.0,8,17308.0,17308.0,0.0
2021,KABUPATEN KARAWANG,0,89817.0,9,0.0,0.0,0.0
2021,KABUPATEN KARAWANG,0,89817.0,9,89817.0,0.0,0.0
2021,KABUPATEN KARAWANG,0,89817.0,9,89817.0,89817.0,0.0
2021,KABUPATEN KARAWANG,0,89817.0,9,89817.0,89817.0,0.0
2021,KABUPATEN KARAWANG,0,89817.0,9,89817.0,89817.0,0.0
2021,KABUPATEN KARAWANG,0,89817.0,9,89817.0,89817.0,0.0
2021,KABUPATEN KARAWANG,0,89817.0,9,89817.0,89817.0,0.0
2021,KABUPATEN KARAWANG,0,89817.0,9,89817.0,89817.0,0.0
2021,KABUPATEN KARAWANG,0,89817.0,9,89817.0,89817.0,0.0
2022,KABUPATEN KARAWANG,0,95760.0,9,89817.0,89817.0,0.0
2022,KABUPATEN KARAWANG,0,95760.0,9,95760.0,89817.0,0.06616787467851297
2022,KABUPATEN KARAWANG,0,95760.0,9,95760.0,95760.0,0.0
2022,KABUPATEN KARAWANG,0,95760.0,9,95760.0,95760.0,0.0
2022,KABUPATEN KARAWANG,0,95760.0,9,95760.0,95760.0,0.0
2022,KABUPATEN KARAWANG,0,95760.0,9,95760.0,95760.0,0.0
2022,KABUPATEN KARAWANG,0,95760.0,9,95760.0,95760.0,0.0
2022,KABUPATEN KARAWANG,0,95760.0,9,95760.0,95760.0,0.0
2022,KABUPATEN KARAWANG,0,95760.0,9,95760.0,95760.0,0.0
2023,KABUPATEN KARAWANG,0,100847.0,9,95760.0,95760.0,0.0
2023,KABUPATEN KARAWANG,0,100847.0,9,100847.0,95760.0,0.053122389306599835
2023,KABUPATEN KARAWANG,0,100847.0,9,100847.0,100847.0,0.0
2023,KABUPATEN KARAWANG,0,100847.0,9,100847.0,100847.0,0.0
2023,KABUPATEN KARAWANG,0,100847.0,9,100847.0,100847.0,0.0
2023,KABUPATEN KARAWANG,0,100847.0,9,100847.0,100847.0,0.0
2023,KABUPATEN KARAWANG,0,100847.0,9,100847.0,100847.0,0.0
2023,KABUPATEN KARAWANG,0,100847.0,9,100847.0,100847.0,0.0
2023,KABUPATEN KARAWANG,0,100847.0,9,100847.0,100847.0,0.0
2023,KABUPATEN KARAWANG,0,100847.0,9,100847.0,100847.0,0.0
2023,KABUPATEN KARAWANG,0,100847.0,9,100847.0,100847.0,0.0
2023,KABUPATEN KARAWANG,0,100847.0,9,100847.0,100847.0,0.0
2024,KABUPATEN KARAWANG,0,103647.0,9,100847.0,100847.0,0.0
2024,KABUPATEN KARAWANG,0,103647.0,9,103647.0,100847.0,0.02776483187402699
2024,KABUPATEN KARAWANG,0,103647.0,9,103647.0,103647.0,0.0
2024,KABUPATEN KARAWANG,0,103647.0,9,103647.0,103647.0,0.0
2024,KABUPATEN KARAWANG,0,103647.0,9,103647.0,103647.0,0.0
2024,KABUPATEN KARAWANG,0,103647.0,9,103647.0,103647.0,0.0
2024,KABUPATEN KARAWANG,0,103647.0,9,103647.0,103647.0,0.0
2024,KABUPATEN KARAWANG,0,103647.0,9,103647.0,103647.0,0.0
2024,KABUPATEN KARAWANG,0,103647.0,9,103647.0,103647.0,0.0
2024,KABUPATEN KARAWANG,0,103647.0,9,103647.0,103647.0,0.0
2024,KABUPATEN KARAWANG,0,103647.0,9,103647.0,103647.0,0.0
2024,KABUPATEN KARAWANG,0,103647.0,9,103647.0,103647.0,0.0
2024,KABUPATEN KARAWANG,0,103647.0,9,103647.0,103647.0,0.0
2021,KABUPATEN KARAWANG,1,733791.0,9,0.0,0.0,0.0
2021,KABUPATEN KARAWANG,1,733791.0,9,733791.0,0.0,0.0
2021,KABUPATEN KARAWANG,1,733791.0,9,733791.0,733791.0,0.0
2021,KABUPATEN KARAWANG,1,733791.0,9,733791.0,733791.0,0.0
2021,KABUPATEN KARAWANG,1,733791.0,9,733791.0,733791.0,0.0
2021,KABUPATEN KARAWANG,1,733791.0,9,733791.0,733791.0,0.0
2021,KABUPATEN KARAWANG,1,733791.0,9,733791.0,733791.0,0.0
2021,KABUPATEN KARAWANG,1,733791.0,9,733791.0,733791.0,0.0
2021,KABUPATEN KARAWANG,1,733791.0,9,733791.0,733791.0,0.0
2022,KABUPATEN KARAWANG,1,738650.0,9,733791.0,733791.0,0.0
2022,KABUPATEN KARAWANG,1,738650.0,9,738650.0,733791.0,0.006621776500393164
2022,KABUPATEN KARAWANG,1,738650.0,9,738650.0,738650.0,0.0
2022,KABUPATEN KARAWANG,1,738650.0,9,738650.0,738650.0,0.0
2022,KABUPATEN KARAWANG,1,738650.0,9,738650.0,738650.0,0.0
2022,KABUPATEN KARAWANG,1,738650.0,9,738650.0,738650.0,0.0
2022,KABUPATEN KARAWANG,1,738650.0,9,738650.0,738650.0,0.0
2022,KABUPATEN KARAWANG,1,738650.0,9,738650.0,738650.0,0.0
2022,KABUPATEN KARAWANG,1,738650.0,9,738650.0,738650.0,0.0
2023,KABUPATEN KARAWANG,1,755534.0,9,738650.0,738650.0,0.0
2023,KABUPATEN KARAWANG,1,755534.0,9,755534.0,738650.0,0.022857916469234414
2023,KABUPATEN KARAWANG,1,755534.0,9,755534.0,755534.0,0.0
2023,KABUPATEN KARAWANG,1,755534.0,9,755534.0,755534.0,0.0
2023,KABUPATEN KARAWANG,1,755534.0,9,755534.0,755534.0,0.0
2023,KABUPATEN KARAWANG,1,755534.0,9,755534.0,755534.0,0.0
2023,KABUPATEN KARAWANG,1,755534.0,9,755534.0,755534.0,0.0
2023,KABUPATEN KARAWANG,1,755534.0,9,755534.0,755534.0,0.0
2023,KABUPATEN KARAWANG,1,755534.0,9,755534.0,755534.0,0.0
2023,KABUPATEN KARAWANG,1,755534.0,9,755534.0,755534.0,0.0
2023,KABUPATEN KARAWANG,1,755534.0,9,755534.0,755534.0,0.0
2023,KABUPATEN KARAWANG,1,755534.0,9,755534.0,755534.0,0.0
2024,KABUPATEN KARAWANG,1,761919.0,9,755534.0,755534.0,0.0
2024,KABUPATEN KARAWANG,1,761919.0,9,761919.0,755534.0,0.008450976395503048
2024,KABUPATEN KARAWANG,1,761919.0,9,761919.0,761919.0,0.0
2024,KABUPATEN KARAWANG,1,761919.0,9,761919.0,761919.0,0.0
2024,KABUPATEN KARAWANG,1,761919.0,9,761919.0,761919.0,0.0
2024,KABUPATEN KARAWANG,1,761919.0,9,761919.0,761919.0,0.0
2024,KABUPATEN KARAWANG,1,761919.0,9,761919.0,761919.0,0.0
2024,KABUPATEN KARAWANG,1,761919.0,9,761919.0,761919.0,0.0
2024,KABUPATEN KARAWANG,1,761919.0,9,761919.0,761919.0,0.0
2024,KABUPATEN KARAWANG,1,761919.0,9,761919.0,761919.0,0.0
2024,KABUPATEN KARAWANG,1,761919.0,9,761919.0,761919.0,0.0
2024,KABUPATEN KARAWANG,1,761919.0,9,761919.0,761919.0,0.0
2024,KABUPATEN KARAWANG,1,761919.0,9,761919.0,761919.0,0.0
2021,KABUPATEN KARAWANG,2,1375.0,9,0.0,0.0,0.0
2021,KABUPATEN KARAWANG,2,1375.0,9,1375.0,0.0,0.0
2021,KABUPATEN KARAWANG,2,1375.0,9,1375.0,1375.0,0.0
2021,KABUPATEN KARAWANG,2,1375.0,9,1375.0,1375.0,0.0
2021,KABUPATEN KARAWANG,2,1375.0,9,1375.0,1375.0,0.0
2021,KABUPATEN KARAWANG,2,1375.0,9,1375.0,1375.0,0.0
2021,KABUPATEN KARAWANG,2,1375.0,9,1375.0,1375.0,0.0
2021,KABUPATEN KARAWANG,2,1375.0,9,1375.0,1375.0,0.0
2021,KABUPATEN KARAWANG,2,1375.0,9,1375.0,1375.0,0.0
2022,KABUPATEN KARAWANG,2,1382.0,9,1375.0,1375.0,0.0
2022,KABUPATEN KARAWANG,2,1382.0,9,1382.0,1375.0,0.005090909090909091
2022,KABUPATEN KARAWANG,2,1382.0,9,1382.0,1382.0,0.0
2022,KABUPATEN KARAWANG,2,1382.0,9,1382.0,1382.0,0.0
2022,KABUPATEN KARAWANG,2,1382.0,9,1382.0,1382.0,0.0
2022,KABUPATEN KARAWANG,2,1382.0,9,1382.0,1382.0,0.0
2022,KABUPATEN KARAWANG,2,1382.0,9,1382.0,1382.0,0.0
2022,KABUPATEN KARAWANG,2,1382.0,9,1382.0,1382.0,0.0
2022,KABUPATEN KARAWANG,2,1382.0,9,1382.0,1382.0,0.0
2023,KABUPATEN KARAWANG,2,1405.0,9,1382.0,1382.0,0.0
2023,KABUPATEN KARAWANG,2,1405.0,9,1405.0,1382.0,0.016642547033285094
2023,KABUPATEN KARAWANG,2,1405.0,9,1405.0,1405.0,0.0
2023,KABUPATEN KARAWANG,2,1405.0,9,1405.0,1405.0,0.0
2023,KABUPATEN KARAWANG,2,1405.0,9,1405.0,1405.0,0.0
2023,KABUPATEN KARAWANG,2,1405.0,9,1405.0,1405.0,0.0
2023,KABUPATEN KARAWANG,2,1405.0,9,1405.0,1405.0,0.0
2023,KABUPATEN KARAWANG,2,1405.0,9,1405.0,1405.0,0.0
2023,KABUPATEN KARAWANG,2,1405.0,9,1405.0,1405.0,0.0
2023,KABUPATEN KARAWANG,2,1405.0,9,1405.0,1405.0,0.0
2023,KABUPATEN KARAWANG,2,1405.0,9,1405.0,1405.0,0.0
2023,KABUPATEN KARAWANG,2,1405.0,9,1405.0,1405.0,0.0
2024,KABUPATEN KARAWANG,2,1441.0,9,1405.0,1405.0,0.0
2024,KABUPATEN KARAWANG,2,1441.0,9,1441.0,1405.0,0.025622775800711744
2024,KABUPATEN KARAWANG,2,1441.0,9,1441.0,1441.0,0.0
2024,KABUPATEN KARAWANG,2,1441.0,9,1441.0,1441.0,0.0
2024,KABUPATEN KARAWANG,2,1441.0,9,1441.0,1441.0,0.0
2024,KABUPATEN KARAWANG,2,1441.0,9,1441.0,1441.0,0.0
2024,KABUPATEN KARAWANG,2,1441.0,9,1441.0,1441.0,0.0
2024,KABUPATEN KARAWANG,2,1441.0,9,1441.0,1441.0,0.0
2024,KABUPATEN KARAWANG,2,1441.0,9,1441.0,1441.0,0.0
2024,KABUPATEN KARAWANG,2,1441.0,9,1441.0,1441.0,0.0
2024,KABUPATEN KARAWANG,2,1441.0,9,1441.0,1441.0,0.0
2024,KABUPATEN KARAWANG,2,1441.0,9,1441.0,1441.0,0.0
2024,KABUPATEN KARAWANG,2,1441.0,9,1441.0,1441.0,0.0
2021,KABUPATEN KARAWANG,3,29151.0,9,0.0,0.0,0.0
2021,KABUPATEN KARAWANG,3,29151.0,9,29151.0,0.0,0.0
2021,KABUPATEN KARAWANG,3,29151.0,9,29151.0,29151.0,0.0
2021,KABUPATEN KARAWANG,3,29151.0,9,29151.0,29151.0,0.0
2021,KABUPATEN KARAWANG,3,29151.0,9,29151.0,29151.0,0.0
2021,KABUPATEN KARAWANG,3,29151.0,9,29151.0,29151.0,0.0
2021,KABUPATEN KARAWANG,3,29151.0,9,29151.0,29151.0,0.0
2021,KABUPATEN KARAWANG,3,29151.0,9,29151.0,29151.0,0.0
2021,KABUPATEN KARAWANG,3,29151.0,9,29151.0,29151.0,0.0
2022,KABUPATEN KARAWANG,3,30066.0,9,29151.0,29151.0,0.0
2022,KABUPATEN KARAWANG,3,30066.0,9,30066.0,29151.0,0.031388288566429966
2022,KABUPATEN KARAWANG,3,30066.0,9,30066.0,30066.0,0.0
2022,KABUPATEN KARAWANG,3,30066.0,9,30066.0,30066.0,0.0
2022,KABUPATEN KARAWANG,3,30066.0,9,30066.0,30066.0,0.0
2022,KABUPATEN KARAWANG,3,30066.0,9,30066.0,30066.0,0.0
2022,KABUPATEN KARAWANG,3,30066.0,9,30066.0,30066.0,0.0
2022,KABUPATEN KARAWANG,3,30066.0,9,30066.0,30066.0,0.0
2022,KABUPATEN KARAWANG,3,30066.0,9,30066.0,30066.0,0.0
2023,KABUPATEN KARAWANG,3,30751.0,9,30066.0,30066.0,0.0
2023,KABUPATEN KARAWANG,3,30751.0,9,30751.0,30066.0,0.02278321027073771
2023,KABUPATEN KARAWANG,3,30751.0,9,30751.0,30751.0,0.0
2023,KABUPATEN KARAWANG,3,30751.0,9,30751.0,30751.0,0.0
2023,KABUPATEN KARAWANG,3,30751.0,9,30751.0,30751.0,0.0
2023,KABUPATEN KARAWANG,3,30751.0,9,30751.0,30751.0,0.0
2023,KABUPATEN KARAWANG,3,30751.0,9,30751.0,30751.0,0.0
2023,KABUPATEN KARAWANG,3,30751.0,9,30751.0,30751.0,0.0
2023,KABUPATEN KARAWANG,3,30751.0,9,30751.0,30751.0,0.0
2023,KABUPATEN KARAWANG,3,30751.0,9,30751.0,30751.0,0.0
2023,KABUPATEN KARAWANG,3,30751.0,9,30751.0,30751.0,0.0
2023,KABUPATEN KARAWANG,3,30751.0,9,30751.0,30751.0,0.0
2024,KABUPATEN KARAWANG,3,30648.0,9,30751.0,30751.0,0.0
2024,KABUPATEN KARAWANG,3,30648.0,9,30648.0,30751.0,-0.0033494845696074925
2024,KABUPATEN KARAWANG,3,30648.0,9,30648.0,30648.0,0.0
2024,KABUPATEN KARAWANG,3,30648.0,9,30648.0,30648.0,0.0
2024,KABUPATEN KARAWANG,3,30648.0,9,30648.0,30648.0,0.0
2024,KABUPATEN KARAWANG,3,30648.0,9,30648.0,30648.0,0.0
2024,KABUPATEN KARAWANG,3,30648.0,9,30648.0,30648.0,0.0
2024,KABUPATEN KARAWANG,3,30648.0,9,30648.0,30648.0,0.0
2024,KABUPATEN KARAWANG,3,30648.0,9,30648.0,30648.0,0.0
2024,KABUPATEN KARAWANG,3,30648.0,9,30648.0,30648.0,0.0
2024,KABUPATEN KARAWANG,3,30648.0,9,30648.0,30648.0,0.0
2024,KABUPATEN KARAWANG,3,30648.0,9,30648.0,30648.0,0.0
2024,KABUPATEN KARAWANG,3,30648.0,9,30648.0,30648.0,0.0
2021,KABUPATEN KUNINGAN,0,26843.0,10,0.0,0.0,0.0
2021,KABUPATEN KUNINGAN,0,26843.0,10,26843.0,0.0,0.0
2021,KABUPATEN KUNINGAN,0,26843.0,10,26843.0,26843.0,0.0
2021,KABUPATEN KUNINGAN,0,26843.0,10,26843.0,26843.0,0.0
2021,KABUPATEN KUNINGAN,0,26843.0,10,26843.0,26843.0,0.0
2021,KABUPATEN KUNINGAN,0,26843.0,10,26843.0,26843.0,0.0
2021,KABUPATEN KUNINGAN,0,26843.0,10,26843.0,26843.0,0.0
2021,KABUPATEN KUNINGAN,0,26843.0,10,26843.0,26843.0,0.0
2021,KABUPATEN KUNINGAN,0,26843.0,10,26843.0,26843.0,0.0
2021,KABUPATEN KUNINGAN,0,26843.0,10,26843.0,26843.0,0.0
2021,KABUPATEN KUNINGAN,0,26843.0,10,26843.0,26843.0,0.0
2021,KABUPATEN KUNINGAN,0,26843.0,10,26843.0,26843.0,0.0
2022,KABUPATEN KUNINGAN,0,28238.0,10,26843.0,26843.0,0.0
2022,KABUPATEN KUNINGAN,0,28238.0,10,28238.0,26843.0,0.05196885594009611
2022,KABUPATEN KUNINGAN,0,28238.0,10,28238.0,28238.0,0.0
2022,KABUPATEN KUNINGAN,0,28238.0,10,28238.0,28238.0,0.0
2022,KABUPATEN KUNINGAN,0,28238.0,10,28238.0,28238.0,0.0
2022,KABUPATEN KUNINGAN,0,28238.0,10,28238.0,28238.0,0.0
2022,KABUPATEN KUNINGAN,0,28238.0,10,28238.0,28238.0,0.0
2022,KABUPATEN KUNINGAN,0,28238.0,10,28238.0,28238.0,0.0
2022,KABUPATEN KUNINGAN,0,28238.0,10,28238.0,28238.0,0.0
2022,KABUPATEN KUNINGAN,0,28238.0,10,28238.0,28238.0,0.0
2023,KABUPATEN KUNINGAN,0,29525.0,10,28238.0,28238.0,0.0
2023,KABUPATEN KUNINGAN,0,29525.0,10,29525.0,28238.0,0.045576882215454355
2023,KABUPATEN KUNINGAN,0,29525.0,10,29525.0,29525.0,0.0
2023,KABUPATEN KUNINGAN,0,29525.0,10,29525.0,29525.0,0.0
2023,KABUPATEN KUNINGAN,0,29525.0,10,29525.0,29525.0,0.0
2023,KABUPATEN KUNINGAN,0,29525.0,10,29525.0,29525.0,0.0
2023,KABUPATEN KUNINGAN,0,29525.0,10,29525.0,29525.0,0.0
2023,KABUPATEN KUNINGAN,0,29525.0,10,29525.0,29525.0,0.0
2023,KABUPATEN KUNINGAN,0,29525.0,10,29525.0,29525.0,0.0
2023,KABUPATEN KUNINGAN,0,29525.0,10,29525.0,29525.0,0.0
2023,KABUPATEN KUNINGAN,0,29525.0,10,29525.0,29525.0,0.0
2023,KABUPATEN KUNINGAN,0,29525.0,10,29525.0,29525.0,0.0
2023,KABUPATEN KUNINGAN,0,29525.0,10,29525.0,29525.0,0.0
2023,KABUPATEN KUNINGAN,0,29525.0,10,29525.0,29525.0,0.0
2023,KABUPATEN KUNINGAN,0,29525.0,10,29525.0,29525.0,0.0
2023,KABUPATEN KUNINGAN,0,29525.0,10,29525.0,29525.0,0.0
2023,KABUPATEN KUNINGAN,0,29525.0,10,29525.0,29525.0,0.0
2023,KABUPATEN KUNINGAN,0,29525.0,10,29525.0,29525.0,0.0
2023,KABUPATEN KUNINGAN,0,29525.0,10,29525.0,29525.0,0.0
2024,KABUPATEN KUNINGAN,0,30168.0,10,29525.0,29525.0,0.0
2024,KABUPATEN KUNINGAN,0,30168.0,10,30168.0,29525.0,0.021778154106689245
2024,KABUPATEN KUNINGAN,0,30168.0,10,30168.0,30168.0,0.0
2024,KABUPATEN KUNINGAN,0,30168.0,10,30168.0,30168.0,0.0
2024,KABUPATEN KUNINGAN,0,30168.0,10,30168.0,30168.0,0.0
2024,KABUPATEN KUNINGAN,0,30168.0,10,30168.0,30168.0,0.0
2024,KABUPATEN KUNINGAN,0,30168.0,10,30168.0,30168.0,0.0
2024,KABUPATEN KUNINGAN,0,30168.0,10,30168.0,30168.0,0.0
2024,KABUPATEN KUNINGAN,0,30168.0,10,30168.0,30168.0,0.0
2024,KABUPATEN KUNINGAN,0,30168.0,10,30168.0,30168.0,0.0
2024,KABUPATEN KUNINGAN,0,30168.0,10,30168.0,30168.0,0.0
2024,KABUPATEN KUNINGAN,0,30168.0,10,30168.0,30168.0,0.0
2024,KABUPATEN KUNINGAN,0,30168.0,10,30168.0,30168.0,0.0
2021,KABUPATEN KUNINGAN,1,303618.0,10,0.0,0.0,0.0
2021,KABUPATEN KUNINGAN,1,303618.0,10,303618.0,0.0,0.0
2021,KABUPATEN KUNINGAN,1,303618.0,10,303618.0,303618.0,0.0
2021,KABUPATEN KUNINGAN,1,303618.0,10,303618.0,303618.0,0.0
2021,KABUPATEN KUNINGAN,1,303618.0,10,303618.0,303618.0,0.0
2021,KABUPATEN KUNINGAN,1,303618.0,10,303618.0,303618.0,0.0
2021,KABUPATEN KUNINGAN,1,303618.0,10,303618.0,303618.0,0.0
2021,KABUPATEN KUNINGAN,1,303618.0,10,303618.0,303618.0,0.0
2021,KABUPATEN KUNINGAN,1,303618.0,10,303618.0,303618.0,0.0
2021,KABUPATEN KUNINGAN,1,303618.0,10,303618.0,303618.0,0.0
2021,KABUPATEN KUNINGAN,1,303618.0,10,303618.0,303618.0,0.0
2021,KABUPATEN KUNINGAN,1,303618.0,10,303618.0,303618.0,0.0
2022,KABUPATEN KUNINGAN,1,307202.0,10,303618.0,303618.0,0.0
2022,KABUPATEN KUNINGAN,1,307202.0,10,307202.0,303618.0,0.011804306727532623
2022,KABUPATEN KUNINGAN,1,307202.0,10,307202.0,307202.0,0.0
2022,KABUPATEN KUNINGAN,1,307202.0,10,307202.0,307202.0,0.0
2022,KABUPATEN KUNINGAN,1,307202.0,10,307202.0,307202.0,0.0
2022,KABUPATEN KUNINGAN,1,307202.0,10,307202.0,307202.0,0.0
2022,KABUPATEN KUNINGAN,1,307202.0,10,307202.0,307202.0,0.0
2022,KABUPATEN KUNINGAN,1,307202.0,10,307202.0,307202.0,0.0
2022,KABUPATEN KUNINGAN,1,307202.0,10,307202.0,307202.0,0.0
2022,KABUPATEN KUNINGAN,1,307202.0,10,307202.0,307202.0,0.0
2023,KABUPATEN KUNINGAN,1,313328.0,10,307202.0,307202.0,0.0
2023,KABUPATEN KUNINGAN,1,313328.0,10,313328.0,307202.0,0.019941276423981615
2023,KABUPATEN KUNINGAN,1,313328.0,10,313328.0,313328.0,0.0
2023,KABUPATEN KUNINGAN,1,313328.0,10,313328.0,313328.0,0.0
2023,KABUPATEN KUNINGAN,1,313328.0,10,313328.0,313328.0,0.0
2023,KABUPATEN KUNINGAN,1,313328.0,10,313328.0,313328.0,0.0
2023,KABUPATEN KUNINGAN,1,313328.0,10,313328.0,313328.0,0.0
2023,KABUPATEN KUNINGAN,1,313328.0,10,313328.0,313328.0,0.0
2023,KABUPATEN KUNINGAN,1,313328.0,10,313328.0,313328.0,0.0
2023,KABUPATEN KUNINGAN,1,313328.0,10,313328.0,313328.0,0.0
2023,KABUPATEN KUNINGAN,1,313328.0,10,313328.0,313328.0,0.0
2023,KABUPATEN KUNINGAN,1,313328.0,10,313328.0,313328.0,0.0
2023,KABUPATEN KUNINGAN,1,313328.0,10,313328.0,313328.0,0.0
2023,KABUPATEN KUNINGAN,1,313328.0,10,313328.0,313328.0,0.0
2023,KABUPATEN KUNINGAN,1,313328.0,10,313328.0,313328.0,0.0
2023,KABUPATEN KUNINGAN,1,313328.0,10,313328.0,313328.0,0.0
2023,KABUPATEN KUNINGAN,1,313328.0,10,313328.0,313328.0,0.0
2023,KABUPATEN KUNINGAN,1,313328.0,10,313328.0,313328.0,0.0
2023,KABUPATEN KUNINGAN,1,313328.0,10,313328.0,313328.0,0.0
2024,KABUPATEN KUNINGAN,1,313928.0,10,313328.0,313328.0,0.0
2024,KABUPATEN KUNINGAN,1,313928.0,10,313928.0,313328.0,0.001914926211509983
2024,KABUPATEN KUNINGAN,1,313928.0,10,313928.0,313928.0,0.0
2024,KABUPATEN KUNINGAN,1,313928.0,10,313928.0,313928.0,0.0
2024,KABUPATEN KUNINGAN,1,313928.0,10,313928.0,313928.0,0.0
2024,KABUPATEN KUNINGAN,1,313928.0,10,313928.0,313928.0,0.0
2024,KABUPATEN KUNINGAN,1,313928.0,10,313928.0,313928.0,0.0
2024,KABUPATEN KUNINGAN,1,313928.0,10,313928.0,313928.0,0.0
2024,KABUPATEN KUNINGAN,1,313928.0,10,313928.0,313928.0,0.0
2024,KABUPATEN KUNINGAN,1,313928.0,10,313928.0,313928.0,0.0
2024,KABUPATEN KUNINGAN,1,313928.0,10,313928.0,313928.0,0.0
2024,KABUPATEN KUNINGAN,1,313928.0,10,313928.0,313928.0,0.0
2024,KABUPATEN KUNINGAN,1,313928.0,10,313928.0,313928.0,0.0
2021,KABUPATEN KUNINGAN,2,750.0,10,0.0,0.0,0.0
2021,KABUPATEN KUNINGAN,2,750.0,10,750.0,0.0,0.0
2021,KABUPATEN KUNINGAN,2,750.0,10,750.0,750.0,0.0
2021,KABUPATEN KUNINGAN,2,750.0,10,750.0,750.0,0.0
2021,KABUPATEN KUNINGAN,2,750.0,10,750.0,750.0,0.0
2021,KABUPATEN KUNINGAN,2,750.0,10,750.0,750.0,0.0
2021,KABUPATEN KUNINGAN,2,750.0,10,750.0,750.0,0.0
2021,KABUPATEN KUNINGAN,2,750.0,10,750.0,750.0,0.0
2021,KABUPATEN KUNINGAN,2,750.0,10,750.0,750.0,0.0
2021,KABUPATEN KUNINGAN,2,750.0,10,750.0,750.0,0.0
2021,KABUPATEN KUNINGAN,2,750.0,10,750.0,750.0,0.0
2021,KABUPATEN KUNINGAN,2,750.0,10,750.0,750.0,0.0
2022,KABUPATEN KUNINGAN,2,599.0,10,750.0,750.0,0.0
2022,KABUPATEN KUNINGAN,2,599.0,10,599.0,750.0,-0.20133333333333334
2022,KABUPATEN KUNINGAN,2,599.0,10,599.0,599.0,0.0
2022,KABUPATEN KUNINGAN,2,599.0,10,599.0,599.0,0.0
2022,KABUPATEN KUNINGAN,2,599.0,10,599.0,599.0,0.0
2022,KABUPATEN KUNINGAN,2,599.0,10,599.0,599.0,0.0
2022,KABUPATEN KUNINGAN,2,599.0,10,599.0,599.0,0.0
2022,KABUPATEN KUNINGAN,2,599.0,10,599.0,599.0,0.0
2022,KABUPATEN KUNINGAN,2,599.0,10,599.0,599.0,0.0
2022,KABUPATEN KUNINGAN,2,599.0,10,599.0,599.0,0.0
2023,KABUPATEN KUNINGAN,2,569.0,10,599.0,599.0,0.0
2023,KABUPATEN KUNINGAN,2,569.0,10,569.0,599.0,-0.05008347245409015
2023,KABUPATEN KUNINGAN,2,569.0,10,569.0,569.0,0.0
2023,KABUPATEN KUNINGAN,2,569.0,10,569.0,569.0,0.0
2023,KABUPATEN KUNINGAN,2,569.0,10,569.0,569.0,0.0
2023,KABUPATEN KUNINGAN,2,569.0,10,569.0,569.0,0.0
2023,KABUPATEN KUNINGAN,2,569.0,10,569.0,569.0,0.0
2023,KABUPATEN KUNINGAN,2,569.0,10,569.0,569.0,0.0
2023,KABUPATEN KUNINGAN,2,569.0,10,569.0,569.0,0.0
2023,KABUPATEN KUNINGAN,2,569.0,10,569.0,569.0,0.0
2023,KABUPATEN KUNINGAN,2,569.0,10,569.0,569.0,0.0
2023,KABUPATEN KUNINGAN,2,569.0,10,569.0,569.0,0.0
2023,KABUPATEN KUNINGAN,2,569.0,10,569.0,569.0,0.0
2023,KABUPATEN KUNINGAN,2,569.0,10,569.0,569.0,0.0
2023,KABUPATEN KUNINGAN,2,569.0,10,569.0,569.0,0.0
2023,KABUPATEN KUNINGAN,2,569.0,10,569.0,569.0,0.0
2023,KABUPATEN KUNINGAN,2,569.0,10,569.0,569.0,0.0
2023,KABUPATEN KUNINGAN,2,569.0,10,569.0,569.0,0.0
2023,KABUPATEN KUNINGAN,2,569.0,10,569.0,569.0,0.0
2024,KABUPATEN KUNINGAN,2,568.0,10,569.0,569.0,0.0
2024,KABUPATEN KUNINGAN,2,568.0,10,568.0,569.0,-0.0017574692442882249
2024,KABUPATEN KUNINGAN,2,568.0,10,568.0,568.0,0.0
2024,KABUPATEN KUNINGAN,2,568.0,10,568.0,568.0,0.0
2024,KABUPATEN KUNINGAN,2,568.0,10,568.0,568.0,0.0
2024,KABUPATEN KUNINGAN,2,568.0,10,568.0,568.0,0.0
2024,KABUPATEN KUNINGAN,2,568.0,10,568.0,568.0,0.0
2024,KABUPATEN KUNINGAN,2,568.0,10,568.0,568.0,0.0
2024,KABUPATEN KUNINGAN,2,568.0,10,568.0,568.0,0.0
2024,KABUPATEN KUNINGAN,2,568.0,10,568.0,568.0,0.0
2024,KABUPATEN KUNINGAN,2,568.0,10,568.0,568.0,0.0
2024,KABUPATEN KUNINGAN,2,568.0,10,568.0,568.0,0.0
2024,KABUPATEN KUNINGAN,2,568.0,10,568.0,568.0,0.0
2021,KABUPATEN KUNINGAN,3,8698.0,10,0.0,0.0,0.0
2021,KABUPATEN KUNINGAN,3,8698.0,10,8698.0,0.0,0.0
2021,KABUPATEN KUNINGAN,3,8698.0,10,8698.0,8698.0,0.0
2021,KABUPATEN KUNINGAN,3,8698.0,10,8698.0,8698.0,0.0
2021,KABUPATEN KUNINGAN,3,8698.0,10,8698.0,8698.0,0.0
2021,KABUPATEN KUNINGAN,3,8698.0,10,8698.0,8698.0,0.0
2021,KABUPATEN KUNINGAN,3,8698.0,10,8698.0,8698.0,0.0
2021,KABUPATEN KUNINGAN,3,8698.0,10,8698.0,8698.0,0.0
2021,KABUPATEN KUNINGAN,3,8698.0,10,8698.0,8698.0,0.0
2021,KABUPATEN KUNINGAN,3,8698.0,10,8698.0,8698.0,0.0
2021,KABUPATEN KUNINGAN,3,8698.0,10,8698.0,8698.0,0.0
2021,KABUPATEN KUNINGAN,3,8698.0,10,8698.0,8698.0,0.0
2022,KABUPATEN KUNINGAN,3,8926.0,10,8698.0,8698.0,0.0
2022,KABUPATEN KUNINGAN,3,8926.0,10,8926.0,8698.0,0.02621292251092205
2022,KABUPATEN KUNINGAN,3,8926.0,10,8926.0,8926.0,0.0
2022,KABUPATEN KUNINGAN,3,8926.0,10,8926.0,8926.0,0.0
2022,KABUPATEN KUNINGAN,3,8926.0,10,8926.0,8926.0,0.0
2022,KABUPATEN KUNINGAN,3,8926.0,10,8926.0,8926.0,0.0
2022,KABUPATEN KUNINGAN,3,8926.0,10,8926.0,8926.0,0.0
2022,KABUPATEN KUNINGAN,3,8926.0,10,8926.0,8926.0,0.0
2022,KABUPATEN KUNINGAN,3,8926.0,10,8926.0,8926.0,0.0
2022,KABUPATEN KUNINGAN,3,8926.0,10,8926.0,8926.0,0.0
2023,KABUPATEN KUNINGAN,3,9079.0,10,8926.0,8926.0,0.0
2023,KABUPATEN KUNINGAN,3,9079.0,10,9079.0,8926.0,0.017140936589737844
2023,KABUPATEN KUNINGAN,3,9079.0,10,9079.0,9079.0,0.0
2023,KABUPATEN KUNINGAN,3,9079.0,10,9079.0,9079.0,0.0
2023,KABUPATEN KUNINGAN,3,9079.0,10,9079.0,9079.0,0.0
2023,KABUPATEN KUNINGAN,3,9079.0,10,9079.0,9079.0,0.0
2023,KABUPATEN KUNINGAN,3,9079.0,10,9079.0,9079.0,0.0
2023,KABUPATEN KUNINGAN,3,9079.0,10,9079.0,9079.0,0.0
2023,KABUPATEN KUNINGAN,3,9079.0,10,9079.0,9079.0,0.0
2023,KABUPATEN KUNINGAN,3,9079.0,10,9079.0,9079.0,0.0
2023,KABUPATEN KUNINGAN,3,9079.0,10,9079.0,9079.0,0.0
2023,KABUPATEN KUNINGAN,3,9079.0,10,9079.0,9079.0,0.0
2023,KABUPATEN KUNINGAN,3,9079.0,10,9079.0,9079.0,0.0
2023,KABUPATEN KUNINGAN,3,9079.0,10,9079.0,9079.0,0.0
2023,KABUPATEN KUNINGAN,3,9079.0,10,9079.0,9079.0,0.0
2023,KABUPATEN KUNINGAN,3,9079.0,10,9079.0,9079.0,0.0
2023,KABUPATEN KUNINGAN,3,9079.0,10,9079.0,9079.0,0.0
2023,KABUPATEN KUNINGAN,3,9079.0,10,9079.0,9079.0,0.0
2023,KABUPATEN KUNINGAN,3,9079.0,10,9079.0,9079.0,0.0
2024,KABUPATEN KUNINGAN,3,9084.0,10,9079.0,9079.0,0.0
2024,KABUPATEN KUNINGAN,3,9084.0,10,9084.0,9079.0,0.0005507214450930719
2024,KABUPATEN KUNINGAN,3,9084.0,10,9084.0,9084.0,0.0
2024,KABUPATEN KUNINGAN,3,9084.0,10,9084.0,9084.0,0.0
2024,KABUPATEN KUNINGAN,3,9084.0,10,9084.0,9084.0,0.0
2024,KABUPATEN KUNINGAN,3,9084.0,10,9084.0,9084.0,0.0
2024,KABUPATEN KUNINGAN,3,9084.0,10,9084.0,9084.0,0.0
2024,KABUPATEN KUNINGAN,3,9084.0,10,9084.0,9084.0,0.0
2024,KABUPATEN KUNINGAN,3,9084.0,10,9084.0,9084.0,0.0
2024,KABUPATEN KUNINGAN,3,9084.0,10,9084.0,9084.0,0.0
2024,KABUPATEN KUNINGAN,3,9084.0,10,9084.0,9084.0,0.0
2024,KABUPATEN KUNINGAN,3,9084.0,10,9084.0,9084.0,0.0
2024,KABUPATEN KUNINGAN,3,9084.0,10,9084.0,9084.0,0.0
2021,KABUPATEN MAJALENGKA,0,23476.0,11,0.0,0.0,0.0
2021,KABUPATEN MAJALENGKA,0,23476.0,11,23476.0,0.0,0.0
2021,KABUPATEN MAJALENGKA,0,23476.0,11,23476.0,23476.0,0.0
2021,KABUPATEN MAJALENGKA,0,23476.0,11,23476.0,23476.0,0.0
2021,KABUPATEN MAJALENGKA,0,23476.0,11,23476.0,23476.0,0.0
2022,KABUPATEN MAJALENGKA,0,24816.0,11,23476.0,23476.0,0.0
2022,KABUPATEN MAJALENGKA,0,24816.0,11,24816.0,23476.0,0.05707957062531947
2022,KABUPATEN MAJALENGKA,0,24816.0,11,24816.0,24816.0,0.0
2022,KABUPATEN MAJALENGKA,0,24816.0,11,24816.0,24816.0,0.0
2022,KABUPATEN MAJALENGKA,0,24816.0,11,24816.0,24816.0,0.0
2022,KABUPATEN MAJALENGKA,0,24816.0,11,24816.0,24816.0,0.0
2022,KABUPATEN MAJALENGKA,0,24816.0,11,24816.0,24816.0,0.0
2023,KABUPATEN MAJALENGKA,0,26137.0,11,24816.0,24816.0,0.0
2023,KABUPATEN MAJALENGKA,0,26137.0,11,26137.0,24816.0,0.0532317859445519
2023,KABUPATEN MAJALENGKA,0,26137.0,11,26137.0,26137.0,0.0
2023,KABUPATEN MAJALENGKA,0,26137.0,11,26137.0,26137.0,0.0
2023,KABUPATEN MAJALENGKA,0,26137.0,11,26137.0,26137.0,0.0
2023,KABUPATEN MAJALENGKA,0,26137.0,11,26137.0,26137.0,0.0
2023,KABUPATEN MAJALENGKA,0,26137.0,11,26137.0,26137.0,0.0
2023,KABUPATEN MAJALENGKA,0,26137.0,11,26137.0,26137.0,0.0
2024,KABUPATEN MAJALENGKA,0,26935.0,11,26137.0,26137.0,0.0
2024,KABUPATEN MAJALENGKA,0,26935.0,11,26935.0,26137.0,0.030531430539082527
2024,KABUPATEN MAJALENGKA,0,26935.0,11,26935.0,26935.0,0.0
2024,KABUPATEN MAJALENGKA,0,26935.0,11,26935.0,26935.0,0.0
2024,KABUPATEN MAJALENGKA,0,26935.0,11,26935.0,26935.0,0.0
2021,KABUPATEN MAJALENGKA,1,334837.0,11,0.0,0.0,0.0
2021,KABUPATEN MAJALENGKA,1,334837.0,11,334837.0,0.0,0.0
2021,KABUPATEN MAJALENGKA,1,334837.0,11,334837.0,334837.0,0.0
2021,KABUPATEN MAJALENGKA,1,334837.0,11,334837.0,334837.0,0.0
2021,KABUPATEN MAJALENGKA,1,334837.0,11,334837.0,334837.0,0.0
2022,KABUPATEN MAJALENGKA,1,336538.0,11,334837.0,334837.0,0.0
2022,KABUPATEN MAJALENGKA,1,336538.0,11,336538.0,334837.0,0.005080083742238761
2022,KABUPATEN MAJALENGKA,1,336538.0,11,336538.0,336538.0,0.0
2022,KABUPATEN MAJALENGKA,1,336538.0,11,336538.0,336538.0,0.0
2022,KABUPATEN MAJALENGKA,1,336538.0,11,336538.0,336538.0,0.0
2022,KABUPATEN MAJALENGKA,1,336538.0,11,336538.0,336538.0,0.0
2022,KABUPATEN MAJALENGKA,1,336538.0,11,336538.0,336538.0,0.0
2023,KABUPATEN MAJALENGKA,1,336793.0,11,336538.0,336538.0,0.0
2023,KABUPATEN MAJALENGKA,1,336793.0,11,336793.0,336538.0,0.0007577153248667312
2023,KABUPATEN MAJALENGKA,1,336793.0,11,336793.0,336793.0,0.0
2023,KABUPATEN MAJALENGKA,1,336793.0,11,336793.0,336793.0,0.0
2023,KABUPATEN MAJALENGKA,1,336793.0,11,336793.0,336793.0,0.0
2023,KABUPATEN MAJALENGKA,1,336793.0,11,336793.0,336793.0,0.0
2023,KABUPATEN MAJALENGKA,1,336793.0,11,336793.0,336793.0,0.0
2023,KABUPATEN MAJALENGKA,1,336793.0,11,336793.0,336793.0,0.0
2024,KABUPATEN MAJALENGKA,1,333073.0,11,336793.0,336793.0,0.0
2024,KABUPATEN MAJALENGKA,1,333073.0,11,333073.0,336793.0,-0.011045360206417592
2024,KABUPATEN MAJALENGKA,1,333073.0,11,333073.0,333073.0,0.0
2024,KABUPATEN MAJALENGKA,1,333073.0,11,333073.0,333073.0,0.0
2024,KABUPATEN MAJALENGKA,1,333073.0,11,333073.0,333073.0,0.0
2021,KABUPATEN MAJALENGKA,2,879.0,11,0.0,0.0,0.0
2021,KABUPATEN MAJALENGKA,2,879.0,11,879.0,0.0,0.0
2021,KABUPATEN MAJALENGKA,2,879.0,11,879.0,879.0,0.0
2021,KABUPATEN MAJALENGKA,2,879.0,11,879.0,879.0,0.0
2021,KABUPATEN MAJALENGKA,2,879.0,11,879.0,879.0,0.0
2022,KABUPATEN MAJALENGKA,2,859.0,11,879.0,879.0,0.0
2022,KABUPATEN MAJALENGKA,2,859.0,11,859.0,879.0,-0.022753128555176336
2022,KABUPATEN MAJALENGKA,2,859.0,11,859.0,859.0,0.0
2022,KABUPATEN MAJALENGKA,2,859.0,11,859.0,859.0,0.0
2022,KABUPATEN MAJALENGKA,2,859.0,11,859.0,859.0,0.0
2022,KABUPATEN MAJALENGKA,2,859.0,11,859.0,859.0,0.0
2022,KABUPATEN MAJALENGKA,2,859.0,11,859.0,859.0,0.0
2023,KABUPATEN MAJALENGKA,2,853.0,11,859.0,859.0,0.0
2023,KABUPATEN MAJALENGKA,2,853.0,11,853.0,859.0,-0.006984866123399301
2023,KABUPATEN MAJALENGKA,2,853.0,11,853.0,853.0,0.0
2023,KABUPATEN MAJALENGKA,2,853.0,11,853.0,853.0,0.0
2023,KABUPATEN MAJALENGKA,2,853.0,11,853.0,853.0,0.0
2023,KABUPATEN MAJALENGKA,2,853.0,11,853.0,853.0,0.0
2023,KABUPATEN MAJALENGKA,2,853.0,11,853.0,853.0,0.0
2023,KABUPATEN MAJALENGKA,2,853.0,11,853.0,853.0,0.0
2024,KABUPATEN MAJALENGKA,2,848.0,11,853.0,853.0,0.0
2024,KABUPATEN MAJALENGKA,2,848.0,11,848.0,853.0,-0.005861664712778429
2024,KABUPATEN MAJALENGKA,2,848.0,11,848.0,848.0,0.0
2024,KABUPATEN MAJALENGKA,2,848.0,11,848.0,848.0,0.0
2024,KABUPATEN MAJALENGKA,2,848.0,11,848.0,848.0,0.0
2021,KABUPATEN MAJALENGKA,3,12026.0,11,0.0,0.0,0.0
2021,KABUPATEN MAJALENGKA,3,12026.0,11,12026.0,0.0,0.0
2021,KABUPATEN MAJALENGKA,3,12026.0,11,12026.0,12026.0,0.0
2021,KABUPATEN MAJALENGKA,3,12026.0,11,12026.0,12026.0,0.0
2021,KABUPATEN MAJALENGKA,3,12026.0,11,12026.0,12026.0,0.0
2022,KABUPATEN MAJALENGKA,3,12123.0,11,12026.0,12026.0,0.0
2022,KABUPATEN MAJALENGKA,3,12123.0,11,12123.0,12026.0,0.008065857309163479
2022,KABUPATEN MAJALENGKA,3,12123.0,11,12123.0,12123.0,0.0
2022,KABUPATEN MAJALENGKA,3,12123.0,11,12123.0,12123.0,0.0
2022,KABUPATEN MAJALENGKA,3,12123.0,11,12123.0,12123.0,0.0
2022,KABUPATEN MAJALENGKA,3,12123.0,11,12123.0,12123.0,0.0
2022,KABUPATEN MAJALENGKA,3,12123.0,11,12123.0,12123.0,0.0
2023,KABUPATEN MAJALENGKA,3,12145.0,11,12123.0,12123.0,0.0
2023,KABUPATEN MAJALENGKA,3,12145.0,11,12145.0,12123.0,0.0018147323269817701
2023,KABUPATEN MAJALENGKA,3,12145.0,11,12145.0,12145.0,0.0
2023,KABUPATEN MAJALENGKA,3,12145.0,11,12145.0,12145.0,0.0
2023,KABUPATEN MAJALENGKA,3,12145.0,11,12145.0,12145.0,0.0
2023,KABUPATEN MAJALENGKA,3,12145.0,11,12145.0,12145.0,0.0
2023,KABUPATEN MAJALENGKA,3,12145.0,11,12145.0,12145.0,0.0
2023,KABUPATEN MAJALENGKA,3,12145.0,11,12145.0,12145.0,0.0
2024,KABUPATEN MAJALENGKA,3,11850.0,11,12145.0,12145.0,0.0
2024,KABUPATEN MAJALENGKA,3,11850.0,11,11850.0,12145.0,-0.02428983120625772
2024,KABUPATEN MAJALENGKA,3,11850.0,11,11850.0,11850.0,0.0
2024,KABUPATEN MAJALENGKA,3,11850.0,11,11850.0,11850.0,0.0
2024,KABUPATEN MAJALENGKA,3,11850.0,11,11850.0,11850.0,0.0
2021,KABUPATEN PANGANDARAN,0,6283.0,12,0.0,0.0,0.0
2021,KABUPATEN PANGANDARAN,0,6283.0,12,6283.0,0.0,0.0
2021,KABUPATEN PANGANDARAN,0,6283.0,12,6283.0,6283.0,0.0
2021,KABUPATEN PANGANDARAN,0,6283.0,12,6283.0,6283.0,0.0
2021,KABUPATEN PANGANDARAN,0,6283.0,12,6283.0,6283.0,0.0
2021,KABUPATEN PANGANDARAN,0,6283.0,12,6283.0,6283.0,0.0
2021,KABUPATEN PANGANDARAN,0,6283.0,12,6283.0,6283.0,0.0
2022,KABUPATEN PANGANDARAN,0,6822.0,12,6283.0,6283.0,0.0
2022,KABUPATEN PANGANDARAN,0,6822.0,12,6822.0,6283.0,0.08578704440553876
2022,KABUPATEN PANGANDARAN,0,6822.0,12,6822.0,6822.0,0.0
2022,KABUPATEN PANGANDARAN,0,6822.0,12,6822.0,6822.0,0.0
2022,KABUPATEN PANGANDARAN,0,6822.0,12,6822.0,6822.0,0.0
2022,KABUPATEN PANGANDARAN,0,6822.0,12,6822.0,6822.0,0.0
2022,KABUPATEN PANGANDARAN,0,6822.0,12,6822.0,6822.0,0.0
2022,KABUPATEN PANGANDARAN,0,6822.0,12,6822.0,6822.0,0.0
2023,KABUPATEN PANGANDARAN,0,7242.0,12,6822.0,6822.0,0.0
2023,KABUPATEN PANGANDARAN,0,7242.0,12,7242.0,6822.0,0.06156552330694811
2023,KABUPATEN PANGANDARAN,0,7242.0,12,7242.0,7242.0,0.0
2023,KABUPATEN PANGANDARAN,0,7242.0,12,7242.0,7242.0,0.0
2023,KABUPATEN PANGANDARAN,0,7242.0,12,7242.0,7242.0,0.0
2023,KABUPATEN PANGANDARAN,0,7242.0,12,7242.0,7242.0,0.0
2023,KABUPATEN PANGANDARAN,0,7242.0,12,7242.0,7242.0,0.0
2023,KABUPATEN PANGANDARAN,0,7242.0,12,7242.0,7242.0,0.0
2024,KABUPATEN PANGANDARAN,0,7676.0,12,7242.0,7242.0,0.0
2024,KABUPATEN PANGANDARAN,0,7676.0,12,7676.0,7242.0,0.059928196630764985
2024,KABUPATEN PANGANDARAN,0,7676.0,12,7676.0,7676.0,0.0
2024,KABUPATEN PANGANDARAN,0,7676.0,12,7676.0,7676.0,0.0
2024,KABUPATEN PANGANDARAN,0,7676.0,12,7676.0,7676.0,0.0
2024,KABUPATEN PANGANDARAN,0,7676.0,12,7676.0,7676.0,0.0
2024,KABUPATEN PANGANDARAN,0,7676.0,12,7676.0,7676.0,0.0
2024,KABUPATEN PANGANDARAN,0,7676.0,12,7676.0,7676.0,0.0
2024,KABUPATEN PANGANDARAN,0,7676.0,12,7676.0,7676.0,0.0
2024,KABUPATEN PANGANDARAN,0,7676.0,12,7676.0,7676.0,0.0
2024,KABUPATEN PANGANDARAN,0,7676.0,12,7676.0,7676.0,0.0
2024,KABUPATEN PANGANDARAN,0,7676.0,12,7676.0,7676.0,0.0
2024,KABUPATEN PANGANDARAN,0,7676.0,12,7676.0,7676.0,0.0
2024,KABUPATEN PANGANDARAN,0,7676.0,12,7676.0,7676.0,0.0
2024,KABUPATEN PANGANDARAN,0,7676.0,12,7676.0,7676.0,0.0
2024,KABUPATEN PANGANDARAN,0,7676.0,12,7676.0,7676.0,0.0
2021,KABUPATEN PANGANDARAN,1,78973.0,12,0.0,0.0,0.0
2021,KABUPATEN PANGANDARAN,1,78973.0,12,78973.0,0.0,0.0
2021,KABUPATEN PANGANDARAN,1,78973.0,12,78973.0,78973.0,0.0
2021,KABUPATEN PANGANDARAN,1,78973.0,12,78973.0,78973.0,0.0
2021,KABUPATEN PANGANDARAN,1,78973.0,12,78973.0,78973.0,0.0
2021,KABUPATEN PANGANDARAN,1,78973.0,12,78973.0,78973.0,0.0
2021,KABUPATEN PANGANDARAN,1,78973.0,12,78973.0,78973.0,0.0
2022,KABUPATEN PANGANDARAN,1,78327.0,12,78973.0,78973.0,0.0
2022,KABUPATEN PANGANDARAN,1,78327.0,12,78327.0,78973.0,-0.008180010889797779
2022,KABUPATEN PANGANDARAN,1,78327.0,12,78327.0,78327.0,0.0
2022,KABUPATEN PANGANDARAN,1,78327.0,12,78327.0,78327.0,0.0
2022,KABUPATEN PANGANDARAN,1,78327.0,12,78327.0,78327.0,0.0
2022,KABUPATEN PANGANDARAN,1,78327.0,12,78327.0,78327.0,0.0
2022,KABUPATEN PANGANDARAN,1,78327.0,12,78327.0,78327.0,0.0
2022,KABUPATEN PANGANDARAN,1,78327.0,12,78327.0,78327.0,0.0
2023,KABUPATEN PANGANDARAN,1,78671.0,12,78327.0,78327.0,0.0
2023,KABUPATEN PANGANDARAN,1,78671.0,12,78671.0,78327.0,0.004391844446997842
2023,KABUPATEN PANGANDARAN,1,78671.0,12,78671.0,78671.0,0.0
2023,KABUPATEN PANGANDARAN,1,78671.0,12,78671.0,78671.0,0.0
2023,KABUPATEN PANGANDARAN,1,78671.0,12,78671.0,78671.0,0.0
2023,KABUPATEN PANGANDARAN,1,78671.0,12,78671.0,78671.0,0.0
2023,KABUPATEN PANGANDARAN,1,78671.0,12,78671.0,78671.0,0.0
2023,KABUPATEN PANGANDARAN,1,78671.0,12,78671.0,78671.0,0.0
2024,KABUPATEN PANGANDARAN,1,77996.0,12,78671.0,78671.0,0.0
2024,KABUPATEN PANGANDARAN,1,77996.0,12,77996.0,78671.0,-0.008580035845483088
2024,KABUPATEN PANGANDARAN,1,77996.0,12,77996.0,77996.0,0.0
2024,KABUPATEN PANGANDARAN,1,77996.0,12,77996.0,77996.0,0.0
2024,KABUPATEN PANGANDARAN,1,77996.0,12,77996.0,77996.0,0.0
2024,KABUPATEN PANGANDARAN,1,77996.0,12,77996.0,77996.0,0.0
2024,KABUPATEN PANGANDARAN,1,77996.0,12,77996.0,77996.0,0.0
2024,KABUPATEN PANGANDARAN,1,77996.0,12,77996.0,77996.0,0.0
2024,KABUPATEN PANGANDARAN,1,77996.0,12,77996.0,77996.0,0.0
2024,KABUPATEN PANGANDARAN,1,77996.0,12,77996.0,77996.0,0.0
2024,KABUPATEN PANGANDARAN,1,77996.0,12,77996.0,77996.0,0.0
2024,KABUPATEN PANGANDARAN,1,77996.0,12,77996.0,77996.0,0.0
2024,KABUPATEN PANGANDARAN,1,77996.0,12,77996.0,77996.0,0.0
2024,KABUPATEN PANGANDARAN,1,77996.0,12,77996.0,77996.0,0.0
2024,KABUPATEN PANGANDARAN,1,77996.0,12,77996.0,77996.0,0.0
2024,KABUPATEN PANGANDARAN,1,77996.0,12,77996.0,77996.0,0.0
2021,KABUPATEN PANGANDARAN,2,52.0,12,0.0,0.0,0.0
2021,KABUPATEN PANGANDARAN,2,52.0,12,52.0,0.0,0.0
2021,KABUPATEN PANGANDARAN,2,52.0,12,52.0,52.0,0.0
2021,KABUPATEN PANGANDARAN,2,52.0,12,52.0,52.0,0.0
2021,KABUPATEN PANGANDARAN,2,52.0,12,52.0,52.0,0.0
2021,KABUPATEN PANGANDARAN,2,52.0,12,52.0,52.0,0.0
2021,KABUPATEN PANGANDARAN,2,52.0,12,52.0,52.0,0.0
2022,KABUPATEN PANGANDARAN,2,47.0,12,52.0,52.0,0.0
2022,KABUPATEN PANGANDARAN,2,47.0,12,47.0,52.0,-0.09615384615384616
2022,KABUPATEN PANGANDARAN,2,47.0,12,47.0,47.0,0.0
2022,KABUPATEN PANGANDARAN,2,47.0,12,47.0,47.0,0.0
2022,KABUPATEN PANGANDARAN,2,47.0,12,47.0,47.0,0.0
2022,KABUPATEN PANGANDARAN,2,47.0,12,47.0,47.0,0.0
2022,KABUPATEN PANGANDARAN,2,47.0,12,47.0,47.0,0.0
2022,KABUPATEN PANGANDARAN,2,47.0,12,47.0,47.0,0.0
2023,KABUPATEN PANGANDARAN,2,49.0,12,47.0,47.0,0.0
2023,KABUPATEN PANGANDARAN,2,49.0,12,49.0,47.0,0.0425531914893617
2023,KABUPATEN PANGANDARAN,2,49.0,12,49.0,49.0,0.0
2023,KABUPATEN PANGANDARAN,2,49.0,12,49.0,49.0,0.0
2023,KABUPATEN PANGANDARAN,2,49.0,12,49.0,49.0,0.0
2023,KABUPATEN PANGANDARAN,2,49.0,12,49.0,49.0,0.0
2023,KABUPATEN PANGANDARAN,2,49.0,12,49.0,49.0,0.0
2023,KABUPATEN PANGANDARAN,2,49.0,12,49.0,49.0,0.0
2024,KABUPATEN PANGANDARAN,2,54.0,12,49.0,49.0,0.0
2024,KABUPATEN PANGANDARAN,2,54.0,12,54.0,49.0,0.10204081632653061
2024,KABUPATEN PANGANDARAN,2,54.0,12,54.0,54.0,0.0
2024,KABUPATEN PANGANDARAN,2,54.0,12,54.0,54.0,0.0
2024,KABUPATEN PANGANDARAN,2,54.0,12,54.0,54.0,0.0
2024,KABUPATEN PANGANDARAN,2,54.0,12,54.0,54.0,0.0
2024,KABUPATEN PANGANDARAN,2,54.0,12,54.0,54.0,0.0
2024,KABUPATEN PANGANDARAN,2,54.0,12,54.0,54.0,0.0
2024,KABUPATEN PANGANDARAN,2,54.0,12,54.0,54.0,0.0
2024,KABUPATEN PANGANDARAN,2,54.0,12,54.0,54.0,0.0
2024,KABUPATEN PANGANDARAN,2,54.0,12,54.0,54.0,0.0
2024,KABUPATEN PANGANDARAN,2,54.0,12,54.0,54.0,0.0
2024,KABUPATEN PANGANDARAN,2,54.0,12,54.0,54.0,0.0
2024,KABUPATEN PANGANDARAN,2,54.0,12,54.0,54.0,0.0
2024,KABUPATEN PANGANDARAN,2,54.0,12,54.0,54.0,0.0
2024,KABUPATEN PANGANDARAN,2,54.0,12,54.0,54.0,0.0
2021,KABUPATEN PANGANDARAN,3,4103.0,12,0.0,0.0,0.0
2021,KABUPATEN PANGANDARAN,3,4103.0,12,4103.0,0.0,0.0
2021,KABUPATEN PANGANDARAN,3,4103.0,12,4103.0,4103.0,0.0
2021,KABUPATEN PANGANDARAN,3,4103.0,12,4103.0,4103.0,0.0
2021,KABUPATEN PANGANDARAN,3,4103.0,12,4103.0,4103.0,0.0
2021,KABUPATEN PANGANDARAN,3,4103.0,12,4103.0,4103.0,0.0
2021,KABUPATEN PANGANDARAN,3,4103.0,12,4103.0,4103.0,0.0
2022,KABUPATEN PANGANDARAN,3,4175.0,12,4103.0,4103.0,0.0
2022,KABUPATEN PANGANDARAN,3,4175.0,12,4175.0,4103.0,0.017548135510601998
2022,KABUPATEN PANGANDARAN,3,4175.0,12,4175.0,4175.0,0.0
2022,KABUPATEN PANGANDARAN,3,4175.0,12,4175.0,4175.0,0.0
2022,KABUPATEN PANGANDARAN,3,4175.0,12,4175.0,4175.0,0.0
2022,KABUPATEN PANGANDARAN,3,4175.0,12,4175.0,4175.0,0.0
2022,KABUPATEN PANGANDARAN,3,4175.0,12,4175.0,4175.0,0.0
2022,KABUPATEN PANGANDARAN,3,4175.0,12,4175.0,4175.0,0.0
2023,KABUPATEN PANGANDARAN,3,4174.0,12,4175.0,4175.0,0.0
2023,KABUPATEN PANGANDARAN,3,4174.0,12,4174.0,4175.0,-0.00023952095808383233
2023,KABUPATEN PANGANDARAN,3,4174.0,12,4174.0,4174.0,0.0
2023,KABUPATEN PANGANDARAN,3,4174.0,12,4174.0,4174.0,0.0
2023,KABUPATEN PANGANDARAN,3,4174.0,12,4174.0,4174.0,0.0
2023,KABUPATEN PANGANDARAN,3,4174.0,12,4174.0,4174.0,0.0
2023,KABUPATEN PANGANDARAN,3,4174.0,12,4174.0,4174.0,0.0
2023,KABUPATEN PANGANDARAN,3,4174.0,12,4174.0,4174.0,0.0
2024,KABUPATEN PANGANDARAN,3,4290.0,12,4174.0,4174.0,0.0
2024,KABUPATEN PANGANDARAN,3,4290.0,12,4290.0,4174.0,0.027791087685673215
2024,KABUPATEN PANGANDARAN,3,4290.0,12,4290.0,4290.0,0.0
2024,KABUPATEN PANGANDARAN,3,4290.0,12,4290.0,4290.0,0.0
2024,KABUPATEN PANGANDARAN,3,4290.0,12,4290.0,4290.0,0.0
2024,KABUPATEN PANGANDARAN,3,4290.0,12,4290.0,4290.0,0.0
2024,KABUPATEN PANGANDARAN,3,4290.0,12,4290.0,4290.0,0.0
2024,KABUPATEN PANGANDARAN,3,4290.0,12,4290.0,4290.0,0.0
2024,KABUPATEN PANGANDARAN,3,4290.0,12,4290.0,4290.0,0.0
2024,KABUPATEN PANGANDARAN,3,4290.0,12,4290.0,4290.0,0.0
2024,KABUPATEN PANGANDARAN,3,4290.0,12,4290.0,4290.0,0.0
2024,KABUPATEN PANGANDARAN,3,4290.0,12,4290.0,4290.0,0.0
2024,KABUPATEN PANGANDARAN,3,4290.0,12,4290.0,4290.0,0.0
2024,KABUPATEN PANGANDARAN,3,4290.0,12,4290.0,4290.0,0.0
2024,KABUPATEN PANGANDARAN,3,4290.0,12,4290.0,4290.0,0.0
2024,KABUPATEN PANGANDARAN,3,4290.0,12,4290.0,4290.0,0.0
2021,KABUPATEN PURWAKARTA,0,31718.0,13,0.0,0.0,0.0
2021,KABUPATEN PURWAKARTA,0,31718.0,13,31718.0,0.0,0.0
2021,KABUPATEN PURWAKARTA,0,31718.0,13,31718.0,31718.0,0.0
2021,KABUPATEN PURWAKARTA,0,31718.0,13,31718.0,31718.0,0.0
2021,KABUPATEN PURWAKARTA,0,31718.0,13,31718.0,31718.0,0.0
2021,KABUPATEN PURWAKARTA,0,31718.0,13,31718.0,31718.0,0.0
2021,KABUPATEN PURWAKARTA,0,31718.0,13,31718.0,31718.0,0.0
2021,KABUPATEN PURWAKARTA,0,31718.0,13,31718.0,31718.0,0.0
2022,KABUPATEN PURWAKARTA,0,33335.0,13,31718.0,31718.0,0.0
2022,KABUPATEN PURWAKARTA,0,33335.0,13,33335.0,31718.0,0.05098051579544738
2022,KABUPATEN PURWAKARTA,0,33335.0,13,33335.0,33335.0,0.0
2022,KABUPATEN PURWAKARTA,0,33335.0,13,33335.0,33335.0,0.0
2023,KABUPATEN PURWAKARTA,0,34737.0,13,33335.0,33335.0,0.0
2023,KABUPATEN PURWAKARTA,0,34737.0,13,34737.0,33335.0,0.042057897105144744
2023,KABUPATEN PURWAKARTA,0,34737.0,13,34737.0,34737.0,0.0
2023,KABUPATEN PURWAKARTA,0,34737.0,13,34737.0,34737.0,0.0
2024,KABUPATEN PURWAKARTA,0,35396.0,13,34737.0,34737.0,0.0
2024,KABUPATEN PURWAKARTA,0,35396.0,13,35396.0,34737.0,0.018971125888821716
2024,KABUPATEN PURWAKARTA,0,35396.0,13,35396.0,35396.0,0.0
2024,KABUPATEN PURWAKARTA,0,35396.0,13,35396.0,35396.0,0.0
2024,KABUPATEN PURWAKARTA,0,35396.0,13,35396.0,35396.0,0.0
2024,KABUPATEN PURWAKARTA,0,35396.0,13,35396.0,35396.0,0.0
2024,KABUPATEN PURWAKARTA,0,35396.0,13,35396.0,35396.0,0.0
2024,KABUPATEN PURWAKARTA,0,35396.0,13,35396.0,35396.0,0.0
2024,KABUPATEN PURWAKARTA,0,35396.0,13,35396.0,35396.0,0.0
2024,KABUPATEN PURWAKARTA,0,35396.0,13,35396.0,35396.0,0.0
2021,KABUPATEN PURWAKARTA,1,266862.0,13,0.0,0.0,0.0
2021,KABUPATEN PURWAKARTA,1,266862.0,13,266862.0,0.0,0.0
2021,KABUPATEN PURWAKARTA,1,266862.0,13,266862.0,266862.0,0.0
2021,KABUPATEN PURWAKARTA,1,266862.0,13,266862.0,266862.0,0.0
2021,KABUPATEN PURWAKARTA,1,266862.0,13,266862.0,266862.0,0.0
2021,KABUPATEN PURWAKARTA,1,266862.0,13,266862.0,266862.0,0.0
2021,KABUPATEN PURWAKARTA,1,266862.0,13,266862.0,266862.0,0.0
2021,KABUPATEN PURWAKARTA,1,266862.0,13,266862.0,266862.0,0.0
2022,KABUPATEN PURWAKARTA,1,267994.0,13,266862.0,266862.0,0.0
2022,KABUPATEN PURWAKARTA,1,267994.0,13,267994.0,266862.0,0.004241892813514101
2022,KABUPATEN PURWAKARTA,1,267994.0,13,267994.0,267994.0,0.0
2022,KABUPATEN PURWAKARTA,1,267994.0,13,267994.0,267994.0,0.0
2023,KABUPATEN PURWAKARTA,1,273965.0,13,267994.0,267994.0,0.0
2023,KABUPATEN PURWAKARTA,1,273965.0,13,273965.0,267994.0,0.022280349560064777
2023,KABUPATEN PURWAKARTA,1,273965.0,13,273965.0,273965.0,0.0
2023,KABUPATEN PURWAKARTA,1,273965.0,13,273965.0,273965.0,0.0
2024,KABUPATEN PURWAKARTA,1,270523.0,13,273965.0,273965.0,0.0
2024,KABUPATEN PURWAKARTA,1,270523.0,13,270523.0,273965.0,-0.012563648641249795
2024,KABUPATEN PURWAKARTA,1,270523.0,13,270523.0,270523.0,0.0
2024,KABUPATEN PURWAKARTA,1,270523.0,13,270523.0,270523.0,0.0
2024,KABUPATEN PURWAKARTA,1,270523.0,13,270523.0,270523.0,0.0
2024,KABUPATEN PURWAKARTA,1,270523.0,13,270523.0,270523.0,0.0
2024,KABUPATEN PURWAKARTA,1,270523.0,13,270523.0,270523.0,0.0
2024,KABUPATEN PURWAKARTA,1,270523.0,13,270523.0,270523.0,0.0
2024,KABUPATEN PURWAKARTA,1,270523.0,13,270523.0,270523.0,0.0
2024,KABUPATEN PURWAKARTA,1,270523.0,13,270523.0,270523.0,0.0
2021,KABUPATEN PURWAKARTA,2,334.0,13,0.0,0.0,0.0
2021,KABUPATEN PURWAKARTA,2,334.0,13,334.0,0.0,0.0
2021,KABUPATEN PURWAKARTA,2,334.0,13,334.0,334.0,0.0
2021,KABUPATEN PURWAKARTA,2,334.0,13,334.0,334.0,0.0
2021,KABUPATEN PURWAKARTA,2,334.0,13,334.0,334.0,0.0
2021,KABUPATEN PURWAKARTA,2,334.0,13,334.0,334.0,0.0
2021,KABUPATEN PURWAKARTA,2,334.0,13,334.0,334.0,0.0
2021,KABUPATEN PURWAKARTA,2,334.0,13,334.0,334.0,0.0
2022,KABUPATEN PURWAKARTA,2,313.0,13,334.0,334.0,0.0
2022,KABUPATEN PURWAKARTA,2,313.0,13,313.0,334.0,-0.06287425149700598
2022,KABUPATEN PURWAKARTA,2,313.0,13,313.0,313.0,0.0
2022,KABUPATEN PURWAKARTA,2,313.0,13,313.0,313.0,0.0
2023,KABUPATEN PURWAKARTA,2,328.0,13,313.0,313.0,0.0
2023,KABUPATEN PURWAKARTA,2,328.0,13,328.0,313.0,0.04792332268370607
2023,KABUPATEN PURWAKARTA,2,328.0,13,328.0,328.0,0.0
2023,KABUPATEN PURWAKARTA,2,328.0,13,328.0,328.0,0.0
2024,KABUPATEN PURWAKARTA,2,337.0,13,328.0,328.0,0.0
2024,KABUPATEN PURWAKARTA,2,337.0,13,337.0,328.0,0.027439024390243903
2024,KABUPATEN PURWAKARTA,2,337.0,13,337.0,337.0,0.0
2024,KABUPATEN PURWAKARTA,2,337.0,13,337.0,337.0,0.0
2024,KABUPATEN PURWAKARTA,2,337.0,13,337.0,337.0,0.0
2024,KABUPATEN PURWAKARTA,2,337.0,13,337.0,337.0,0.0
2024,KABUPATEN PURWAKARTA,2,337.0,13,337.0,337.0,0.0
2024,KABUPATEN PURWAKARTA,2,337.0,13,337.0,337.0,0.0
2024,KABUPATEN PURWAKARTA,2,337.0,13,337.0,337.0,0.0
2024,KABUPATEN PURWAKARTA,2,337.0,13,337.0,337.0,0.0
2021,KABUPATEN PURWAKARTA,3,10463.0,13,0.0,0.0,0.0
2021,KABUPATEN PURWAKARTA,3,10463.0,13,10463.0,0.0,0.0
2021,KABUPATEN PURWAKARTA,3,10463.0,13,10463.0,10463.0,0.0
2021,KABUPATEN PURWAKARTA,3,10463.0,13,10463.0,10463.0,0.0
2021,KABUPATEN PURWAKARTA,3,10463.0,13,10463.0,10463.0,0.0
2021,KABUPATEN PURWAKARTA,3,10463.0,13,10463.0,10463.0,0.0
2021,KABUPATEN PURWAKARTA,3,10463.0,13,10463.0,10463.0,0.0
2021,KABUPATEN PURWAKARTA,3,10463.0,13,10463.0,10463.0,0.0
2022,KABUPATEN PURWAKARTA,3,10820.0,13,10463.0,10463.0,0.0
2022,KABUPATEN PURWAKARTA,3,10820.0,13,10820.0,10463.0,0.034120233202714324
2022,KABUPATEN PURWAKARTA,3,10820.0,13,10820.0,10820.0,0.0
2022,KABUPATEN PURWAKARTA,3,10820.0,13,10820.0,10820.0,0.0
2023,KABUPATEN PURWAKARTA,3,11027.0,13,10820.0,10820.0,0.0
2023,KABUPATEN PURWAKARTA,3,11027.0,13,11027.0,10820.0,0.019131238447319777
2023,KABUPATEN PURWAKARTA,3,11027.0,13,11027.0,11027.0,0.0
2023,KABUPATEN PURWAKARTA,3,11027.0,13,11027.0,11027.0,0.0
2024,KABUPATEN PURWAKARTA,3,10966.0,13,11027.0,11027.0,0.0
2024,KABUPATEN PURWAKARTA,3,10966.0,13,10966.0,11027.0,-0.0055318763036183915
2024,KABUPATEN PURWAKARTA,3,10966.0,13,10966.0,10966.0,0.0
2024,KABUPATEN PURWAKARTA,3,10966.0,13,10966.0,10966.0,0.0
2024,KABUPATEN PURWAKARTA,3,10966.0,13,10966.0,10966.0,0.0
2024,KABUPATEN PURWAKARTA,3,10966.0,13,10966.0,10966.0,0.0
2024,KABUPATEN PURWAKARTA,3,10966.0,13,10966.0,10966.0,0.0
2024,KABUPATEN PURWAKARTA,3,10966.0,13,10966.0,10966.0,0.0
2024,KABUPATEN PURWAKARTA,3,10966.0,13,10966.0,10966.0,0.0
2024,KABUPATEN PURWAKARTA,3,10966.0,13,10966.0,10966.0,0.0
2021,KABUPATEN SUBANG,0,28985.0,14,0.0,0.0,0.0
2021,KABUPATEN SUBANG,0,28985.0,14,28985.0,0.0,0.0
2021,KABUPATEN SUBANG,0,28985.0,14,28985.0,28985.0,0.0
2021,KABUPATEN SUBANG,0,28985.0,14,28985.0,28985.0,0.0
2021,KABUPATEN SUBANG,0,28985.0,14,28985.0,28985.0,0.0
2021,KABUPATEN SUBANG,0,28985.0,14,28985.0,28985.0,0.0
2021,KABUPATEN SUBANG,0,28985.0,14,28985.0,28985.0,0.0
2021,KABUPATEN SUBANG,0,28985.0,14,28985.0,28985.0,0.0
2021,KABUPATEN SUBANG,0,28985.0,14,28985.0,28985.0,0.0
2022,KABUPATEN SUBANG,0,31871.0,14,28985.0,28985.0,0.0
2022,KABUPATEN SUBANG,0,31871.0,14,31871.0,28985.0,0.09956874245299292
2022,KABUPATEN SUBANG,0,31871.0,14,31871.0,31871.0,0.0
2022,KABUPATEN SUBANG,0,31871.0,14,31871.0,31871.0,0.0
2022,KABUPATEN SUBANG,0,31871.0,14,31871.0,31871.0,0.0
2023,KABUPATEN SUBANG,0,34308.0,14,31871.0,31871.0,0.0
2023,KABUPATEN SUBANG,0,34308.0,14,34308.0,31871.0,0.07646449750556933
2023,KABUPATEN SUBANG,0,34308.0,14,34308.0,34308.0,0.0
2023,KABUPATEN SUBANG,0,34308.0,14,34308.0,34308.0,0.0
2023,KABUPATEN SUBANG,0,34308.0,14,34308.0,34308.0,0.0
2023,KABUPATEN SUBANG,0,34308.0,14,34308.0,34308.0,0.0
2023,KABUPATEN SUBANG,0,34308.0,14,34308.0,34308.0,0.0
2023,KABUPATEN SUBANG,0,34308.0,14,34308.0,34308.0,0.0
2023,KABUPATEN SUBANG,0,34308.0,14,34308.0,34308.0,0.0
2024,KABUPATEN SUBANG,0,35873.0,14,34308.0,34308.0,0.0
2024,KABUPATEN SUBANG,0,35873.0,14,35873.0,34308.0,0.04561618281450391
2024,KABUPATEN SUBANG,0,35873.0,14,35873.0,35873.0,0.0
2024,KABUPATEN SUBANG,0,35873.0,14,35873.0,35873.0,0.0
2024,KABUPATEN SUBANG,0,35873.0,14,35873.0,35873.0,0.0
2024,KABUPATEN SUBANG,0,35873.0,14,35873.0,35873.0,0.0
2024,KABUPATEN SUBANG,0,35873.0,14,35873.0,35873.0,0.0
2021,KABUPATEN SUBANG,1,394115.0,14,0.0,0.0,0.0
2021,KABUPATEN SUBANG,1,394115.0,14,394115.0,0.0,0.0
2021,KABUPATEN SUBANG,1,394115.0,14,394115.0,394115.0,0.0
2021,KABUPATEN SUBANG,1,394115.0,14,394115.0,394115.0,0.0
2021,KABUPATEN SUBANG,1,394115.0,14,394115.0,394115.0,0.0
2021,KABUPATEN SUBANG,1,394115.0,14,394115.0,394115.0,0.0
2021,KABUPATEN SUBANG,1,394115.0,14,394115.0,394115.0,0.0
2021,KABUPATEN SUBANG,1,394115.0,14,394115.0,394115.0,0.0
2021,KABUPATEN SUBANG,1,394115.0,14,394115.0,394115.0,0.0
2022,KABUPATEN SUBANG,1,400362.0,14,394115.0,394115.0,0.0
2022,KABUPATEN SUBANG,1,400362.0,14,400362.0,394115.0,0.015850703474874085
2022,KABUPATEN SUBANG,1,400362.0,14,400362.0,400362.0,0.0
2022,KABUPATEN SUBANG,1,400362.0,14,400362.0,400362.0,0.0
2022,KABUPATEN SUBANG,1,400362.0,14,400362.0,400362.0,0.0
2023,KABUPATEN SUBANG,1,408232.0,14,400362.0,400362.0,0.0
2023,KABUPATEN SUBANG,1,408232.0,14,408232.0,400362.0,0.019657210224746605
2023,KABUPATEN SUBANG,1,408232.0,14,408232.0,408232.0,0.0
2023,KABUPATEN SUBANG,1,408232.0,14,408232.0,408232.0,0.0
2023,KABUPATEN SUBANG,1,408232.0,14,408232.0,408232.0,0.0
2023,KABUPATEN SUBANG,1,408232.0,14,408232.0,408232.0,0.0
2023,KABUPATEN SUBANG,1,408232.0,14,408232.0,408232.0,0.0
2023,KABUPATEN SUBANG,1,408232.0,14,408232.0,408232.0,0.0
2023,KABUPATEN SUBANG,1,408232.0,14,408232.0,408232.0,0.0
2024,KABUPATEN SUBANG,1,407182.0,14,408232.0,408232.0,0.0
2024,KABUPATEN SUBANG,1,407182.0,14,407182.0,408232.0,-0.0025720668639401126
2024,KABUPATEN SUBANG,1,407182.0,14,407182.0,407182.0,0.0
2024,KABUPATEN SUBANG,1,407182.0,14,407182.0,407182.0,0.0
2024,KABUPATEN SUBANG,1,407182.0,14,407182.0,407182.0,0.0
2024,KABUPATEN SUBANG,1,407182.0,14,407182.0,407182.0,0.0
2024,KABUPATEN SUBANG,1,407182.0,14,407182.0,407182.0,0.0
2021,KABUPATEN SUBANG,2,462.0,14,0.0,0.0,0.0
2021,KABUPATEN SUBANG,2,462.0,14,462.0,0.0,0.0
2021,KABUPATEN SUBANG,2,462.0,14,462.0,462.0,0.0
2021,KABUPATEN SUBANG,2,462.0,14,462.0,462.0,0.0
2021,KABUPATEN SUBANG,2,462.0,14,462.0,462.0,0.0
2021,KABUPATEN SUBANG,2,462.0,14,462.0,462.0,0.0
2021,KABUPATEN SUBANG,2,462.0,14,462.0,462.0,0.0
2021,KABUPATEN SUBANG,2,462.0,14,462.0,462.0,0.0
2021,KABUPATEN SUBANG,2,462.0,14,462.0,462.0,0.0
2022,KABUPATEN SUBANG,2,451.0,14,462.0,462.0,0.0
2022,KABUPATEN SUBANG,2,451.0,14,451.0,462.0,-0.023809523809523808
2022,KABUPATEN SUBANG,2,451.0,14,451.0,451.0,0.0
2022,KABUPATEN SUBANG,2,451.0,14,451.0,451.0,0.0
2022,KABUPATEN SUBANG,2,451.0,14,451.0,451.0,0.0
2023,KABUPATEN SUBANG,2,453.0,14,451.0,451.0,0.0
2023,KABUPATEN SUBANG,2,453.0,14,453.0,451.0,0.004434589800443459
2023,KABUPATEN SUBANG,2,453.0,14,453.0,453.0,0.0
2023,KABUPATEN SUBANG,2,453.0,14,453.0,453.0,0.0
2023,KABUPATEN SUBANG,2,453.0,14,453.0,453.0,0.0
2023,KABUPATEN SUBANG,2,453.0,14,453.0,453.0,0.0
2023,KABUPATEN SUBANG,2,453.0,14,453.0,453.0,0.0
2023,KABUPATEN SUBANG,2,453.0,14,453.0,453.0,0.0
2023,KABUPATEN SUBANG,2,453.0,14,453.0,453.0,0.0
2024,KABUPATEN SUBANG,2,442.0,14,453.0,453.0,0.0
2024,KABUPATEN SUBANG,2,442.0,14,442.0,453.0,-0.024282560706401765
2024,KABUPATEN SUBANG,2,442.0,14,442.0,442.0,0.0
2024,KABUPATEN SUBANG,2,442.0,14,442.0,442.0,0.0
2024,KABUPATEN SUBANG,2,442.0,14,442.0,442.0,0.0
2024,KABUPATEN SUBANG,2,442.0,14,442.0,442.0,0.0
2024,KABUPATEN SUBANG,2,442.0,14,442.0,442.0,0.0
2021,KABUPATEN SUBANG,3,11713.0,14,0.0,0.0,0.0
2021,KABUPATEN SUBANG,3,11713.0,14,11713.0,0.0,0.0
2021,KABUPATEN SUBANG,3,11713.0,14,11713.0,11713.0,0.0
2021,KABUPATEN SUBANG,3,11713.0,14,11713.0,11713.0,0.0
2021,KABUPATEN SUBANG,3,11713.0,14,11713.0,11713.0,0.0
2021,KABUPATEN SUBANG,3,11713.0,14,11713.0,11713.0,0.0
2021,KABUPATEN SUBANG,3,11713.0,14,11713.0,11713.0,0.0
2021,KABUPATEN SUBANG,3,11713.0,14,11713.0,11713.0,0.0
2021,KABUPATEN SUBANG,3,11713.0,14,11713.0,11713.0,0.0
2022,KABUPATEN SUBANG,3,12321.0,14,11713.0,11713.0,0.0
2022,KABUPATEN SUBANG,3,12321.0,14,12321.0,11713.0,0.05190813625885768
2022,KABUPATEN SUBANG,3,12321.0,14,12321.0,12321.0,0.0
2022,KABUPATEN SUBANG,3,12321.0,14,12321.0,12321.0,0.0
2022,KABUPATEN SUBANG,3,12321.0,14,12321.0,12321.0,0.0
2023,KABUPATEN SUBANG,3,12734.0,14,12321.0,12321.0,0.0
2023,KABUPATEN SUBANG,3,12734.0,14,12734.0,12321.0,0.03352000649297947
2023,KABUPATEN SUBANG,3,12734.0,14,12734.0,12734.0,0.0
2023,KABUPATEN SUBANG,3,12734.0,14,12734.0,12734.0,0.0
2023,KABUPATEN SUBANG,3,12734.0,14,12734.0,12734.0,0.0
2023,KABUPATEN SUBANG,3,12734.0,14,12734.0,12734.0,0.0
2023,KABUPATEN SUBANG,3,12734.0,14,12734.0,12734.0,0.0
2023,KABUPATEN SUBANG,3,12734.0,14,12734.0,12734.0,0.0
2023,KABUPATEN SUBANG,3,12734.0,14,12734.0,12734.0,0.0
2024,KABUPATEN SUBANG,3,12521.0,14,12734.0,12734.0,0.0
2024,KABUPATEN SUBANG,3,12521.0,14,12521.0,12734.0,-0.016726872938589602
2024,KABUPATEN SUBANG,3,12521.0,14,12521.0,12521.0,0.0
2024,KABUPATEN SUBANG,3,12521.0,14,12521.0,12521.0,0.0
2024,KABUPATEN SUBANG,3,12521.0,14,12521.0,12521.0,0.0
2024,KABUPATEN SUBANG,3,12521.0,14,12521.0,12521.0,0.0
2024,KABUPATEN SUBANG,3,12521.0,14,12521.0,12521.0,0.0
2021,KABUPATEN SUKABUMI,0,40188.0,15,0.0,0.0,0.0
2021,KABUPATEN SUKABUMI,0,40188.0,15,40188.0,0.0,0.0
2021,KABUPATEN SUKABUMI,0,40188.0,15,40188.0,40188.0,0.0
2021,KABUPATEN SUKABUMI,0,40188.0,15,40188.0,40188.0,0.0
2021,KABUPATEN SUKABUMI,0,40188.0,15,40188.0,40188.0,0.0
2021,KABUPATEN SUKABUMI,0,40188.0,15,40188.0,40188.0,0.0
2021,KABUPATEN SUKABUMI,0,40188.0,15,40188.0,40188.0,0.0
2021,KABUPATEN SUKABUMI,0,40188.0,15,40188.0,40188.0,0.0
2021,KABUPATEN SUKABUMI,0,40188.0,15,40188.0,40188.0,0.0
2021,KABUPATEN SUKABUMI,0,40188.0,15,40188.0,40188.0,0.0
2021,KABUPATEN SUKABUMI,0,40188.0,15,40188.0,40188.0,0.0
2021,KABUPATEN SUKABUMI,0,40188.0,15,40188.0,40188.0,0.0
2022,KABUPATEN SUKABUMI,0,42610.0,15,40188.0,40188.0,0.0
2022,KABUPATEN SUKABUMI,0,42610.0,15,42610.0,40188.0,0.0602667462924256
2022,KABUPATEN SUKABUMI,0,42610.0,15,42610.0,42610.0,0.0
2022,KABUPATEN SUKABUMI,0,42610.0,15,42610.0,42610.0,0.0
2022,KABUPATEN SUKABUMI,0,42610.0,15,42610.0,42610.0,0.0
2022,KABUPATEN SUKABUMI,0,42610.0,15,42610.0,42610.0,0.0
2022,KABUPATEN SUKABUMI,0,42610.0,15,42610.0,42610.0,0.0
2022,KABUPATEN SUKABUMI,0,42610.0,15,42610.0,42610.0,0.0
2023,KABUPATEN SUKABUMI,0,44781.0,15,42610.0,42610.0,0.0
2023,KABUPATEN SUKABUMI,0,44781.0,15,44781.0,42610.0,0.05095048110772119
2023,KABUPATEN SUKABUMI,0,44781.0,15,44781.0,44781.0,0.0
2023,KABUPATEN SUKABUMI,0,44781.0,15,44781.0,44781.0,0.0
2023,KABUPATEN SUKABUMI,0,44781.0,15,44781.0,44781.0,0.0
2023,KABUPATEN SUKABUMI,0,44781.0,15,44781.0,44781.0,0.0
2024,KABUPATEN SUKABUMI,0,46152.0,15,44781.0,44781.0,0.0
2024,KABUPATEN SUKABUMI,0,46152.0,15,46152.0,44781.0,0.030615662892744692
2024,KABUPATEN SUKABUMI,0,46152.0,15,46152.0,46152.0,0.0
2024,KABUPATEN SUKABUMI,0,46152.0,15,46152.0,46152.0,0.0
2021,KABUPATEN SUKABUMI,1,467256.0,15,0.0,0.0,0.0
2021,KABUPATEN SUKABUMI,1,467256.0,15,467256.0,0.0,0.0
2021,KABUPATEN SUKABUMI,1,467256.0,15,467256.0,467256.0,0.0
2021,KABUPATEN SUKABUMI,1,467256.0,15,467256.0,467256.0,0.0
2021,KABUPATEN SUKABUMI,1,467256.0,15,467256.0,467256.0,0.0
2021,KABUPATEN SUKABUMI,1,467256.0,15,467256.0,467256.0,0.0
2021,KABUPATEN SUKABUMI,1,467256.0,15,467256.0,467256.0,0.0
2021,KABUPATEN SUKABUMI,1,467256.0,15,467256.0,467256.0,0.0
2021,KABUPATEN SUKABUMI,1,467256.0,15,467256.0,467256.0,0.0
2021,KABUPATEN SUKABUMI,1,467256.0,15,467256.0,467256.0,0.0
2021,KABUPATEN SUKABUMI,1,467256.0,15,467256.0,467256.0,0.0
2021,KABUPATEN SUKABUMI,1,467256.0,15,467256.0,467256.0,0.0
2022,KABUPATEN SUKABUMI,1,470842.0,15,467256.0,467256.0,0.0
2022,KABUPATEN SUKABUMI,1,470842.0,15,470842.0,467256.0,0.007674593798688513
2022,KABUPATEN SUKABUMI,1,470842.0,15,470842.0,470842.0,0.0
2022,KABUPATEN SUKABUMI,1,470842.0,15,470842.0,470842.0,0.0
2022,KABUPATEN SUKABUMI,1,470842.0,15,470842.0,470842.0,0.0
2022,KABUPATEN SUKABUMI,1,470842.0,15,470842.0,470842.0,0.0
2022,KABUPATEN SUKABUMI,1,470842.0,15,470842.0,470842.0,0.0
2022,KABUPATEN SUKABUMI,1,470842.0,15,470842.0,470842.0,0.0
2023,KABUPATEN SUKABUMI,1,480625.0,15,470842.0,470842.0,0.0
2023,KABUPATEN SUKABUMI,1,480625.0,15,480625.0,470842.0,0.020777670641106784
2023,KABUPATEN SUKABUMI,1,480625.0,15,480625.0,480625.0,0.0
2023,KABUPATEN SUKABUMI,1,480625.0,15,480625.0,480625.0,0.0
2023,KABUPATEN SUKABUMI,1,480625.0,15,480625.0,480625.0,0.0
2023,KABUPATEN SUKABUMI,1,480625.0,15,480625.0,480625.0,0.0
2024,KABUPATEN SUKABUMI,1,486781.0,15,480625.0,480625.0,0.0
2024,KABUPATEN SUKABUMI,1,486781.0,15,486781.0,480625.0,0.012808322496749024
2024,KABUPATEN SUKABUMI,1,486781.0,15,486781.0,486781.0,0.0
2024,KABUPATEN SUKABUMI,1,486781.0,15,486781.0,486781.0,0.0
2021,KABUPATEN SUKABUMI,2,454.0,15,0.0,0.0,0.0
2021,KABUPATEN SUKABUMI,2,454.0,15,454.0,0.0,0.0
2021,KABUPATEN SUKABUMI,2,454.0,15,454.0,454.0,0.0
2021,KABUPATEN SUKABUMI,2,454.0,15,454.0,454.0,0.0
2021,KABUPATEN SUKABUMI,2,454.0,15,454.0,454.0,0.0
2021,KABUPATEN SUKABUMI,2,454.0,15,454.0,454.0,0.0
2021,KABUPATEN SUKABUMI,2,454.0,15,454.0,454.0,0.0
2021,KABUPATEN SUKABUMI,2,454.0,15,454.0,454.0,0.0
2021,KABUPATEN SUKABUMI,2,454.0,15,454.0,454.0,0.0
2021,KABUPATEN SUKABUMI,2,454.0,15,454.0,454.0,0.0
2021,KABUPATEN SUKABUMI,2,454.0,15,454.0,454.0,0.0
2021,KABUPATEN SUKABUMI,2,454.0,15,454.0,454.0,0.0
2022,KABUPATEN SUKABUMI,2,468.0,15,454.0,454.0,0.0
2022,KABUPATEN SUKABUMI,2,468.0,15,468.0,454.0,0.030837004405286344
2022,KABUPATEN SUKABUMI,2,468.0,15,468.0,468.0,0.0
2022,KABUPATEN SUKABUMI,2,468.0,15,468.0,468.0,0.0
2022,KABUPATEN SUKABUMI,2,468.0,15,468.0,468.0,0.0
2022,KABUPATEN SUKABUMI,2,468.0,15,468.0,468.0,0.0
2022,KABUPATEN SUKABUMI,2,468.0,15,468.0,468.0,0.0
2022,KABUPATEN SUKABUMI,2,468.0,15,468.0,468.0,0.0
2023,KABUPATEN SUKABUMI,2,478.0,15,468.0,468.0,0.0
2023,KABUPATEN SUKABUMI,2,478.0,15,478.0,468.0,0.021367521367521368
2023,KABUPATEN SUKABUMI,2,478.0,15,478.0,478.0,0.0
2023,KABUPATEN SUKABUMI,2,478.0,15,478.0,478.0,0.0
2023,KABUPATEN SUKABUMI,2,478.0,15,478.0,478.0,0.0
2023,KABUPATEN SUKABUMI,2,478.0,15,478.0,478.0,0.0
2024,KABUPATEN SUKABUMI,2,498.0,15,478.0,478.0,0.0
2024,KABUPATEN SUKABUMI,2,498.0,15,498.0,478.0,0.04184100418410042
2024,KABUPATEN SUKABUMI,2,498.0,15,498.0,498.0,0.0
2024,KABUPATEN SUKABUMI,2,498.0,15,498.0,498.0,0.0
2021,KABUPATEN SUKABUMI,3,19983.0,15,0.0,0.0,0.0
2021,KABUPATEN SUKABUMI,3,19983.0,15,19983.0,0.0,0.0
2021,KABUPATEN SUKABUMI,3,19983.0,15,19983.0,19983.0,0.0
2021,KABUPATEN SUKABUMI,3,19983.0,15,19983.0,19983.0,0.0
2021,KABUPATEN SUKABUMI,3,19983.0,15,19983.0,19983.0,0.0
2021,KABUPATEN SUKABUMI,3,19983.0,15,19983.0,19983.0,0.0
2021,KABUPATEN SUKABUMI,3,19983.0,15,19983.0,19983.0,0.0
2021,KABUPATEN SUKABUMI,3,19983.0,15,19983.0,19983.0,0.0
2021,KABUPATEN SUKABUMI,3,19983.0,15,19983.0,19983.0,0.0
2021,KABUPATEN SUKABUMI,3,19983.0,15,19983.0,19983.0,0.0
2021,KABUPATEN SUKABUMI,3,19983.0,15,19983.0,19983.0,0.0
2021,KABUPATEN SUKABUMI,3,19983.0,15,19983.0,19983.0,0.0
2022,KABUPATEN SUKABUMI,3,20506.0,15,19983.0,19983.0,0.0
2022,KABUPATEN SUKABUMI,3,20506.0,15,20506.0,19983.0,0.02617224640944803
2022,KABUPATEN SUKABUMI,3,20506.0,15,20506.0,20506.0,0.0
2022,KABUPATEN SUKABUMI,3,20506.0,15,20506.0,20506.0,0.0
2022,KABUPATEN SUKABUMI,3,20506.0,15,20506.0,20506.0,0.0
2022,KABUPATEN SUKABUMI,3,20506.0,15,20506.0,20506.0,0.0
2022,KABUPATEN SUKABUMI,3,20506.0,15,20506.0,20506.0,0.0
2022,KABUPATEN SUKABUMI,3,20506.0,15,20506.0,20506.0,0.0
2023,KABUPATEN SUKABUMI,3,20764.0,15,20506.0,20506.0,0.0
2023,KABUPATEN SUKABUMI,3,20764.0,15,20764.0,20506.0,0.012581683409733736
2023,KABUPATEN SUKABUMI,3,20764.0,15,20764.0,20764.0,0.0
2023,KABUPATEN SUKABUMI,3,20764.0,15,20764.0,20764.0,0.0
2023,KABUPATEN SUKABUMI,3,20764.0,15,20764.0,20764.0,0.0
2023,KABUPATEN SUKABUMI,3,20764.0,15,20764.0,20764.0,0.0
2024,KABUPATEN SUKABUMI,3,20496.0,15,20764.0,20764.0,0.0
2024,KABUPATEN SUKABUMI,3,20496.0,15,20496.0,20764.0,-0.012906954344057022
2024,KABUPATEN SUKABUMI,3,20496.0,15,20496.0,20496.0,0.0
2024,KABUPATEN SUKABUMI,3,20496.0,15,20496.0,20496.0,0.0
2021,KABUPATEN SUMEDANG,0,24195.0,16,0.0,0.0,0.0
2021,KABUPATEN SUMEDANG,0,24195.0,16,24195.0,0.0,0.0
2021,KABUPATEN SUMEDANG,0,24195.0,16,24195.0,24195.0,0.0
2021,KABUPATEN SUMEDANG,0,24195.0,16,24195.0,24195.0,0.0
2022,KABUPATEN SUMEDANG,0,25420.0,16,24195.0,24195.0,0.0
2022,KABUPATEN SUMEDANG,0,25420.0,16,25420.0,24195.0,0.0506302955156024
2022,KABUPATEN SUMEDANG,0,25420.0,16,25420.0,25420.0,0.0
2022,KABUPATEN SUMEDANG,0,25420.0,16,25420.0,25420.0,0.0
2022,KABUPATEN SUMEDANG,0,25420.0,16,25420.0,25420.0,0.0
2022,KABUPATEN SUMEDANG,0,25420.0,16,25420.0,25420.0,0.0
2022,KABUPATEN SUMEDANG,0,25420.0,16,25420.0,25420.0,0.0
2022,KABUPATEN SUMEDANG,0,25420.0,16,25420.0,25420.0,0.0
2022,KABUPATEN SUMEDANG,0,25420.0,16,25420.0,25420.0,0.0
2023,KABUPATEN SUMEDANG,0,26735.0,16,25420.0,25420.0,0.0
2023,KABUPATEN SUMEDANG,0,26735.0,16,26735.0,25420.0,0.0517309205350118
2023,KABUPATEN SUMEDANG,0,26735.0,16,26735.0,26735.0,0.0
2023,KABUPATEN SUMEDANG,0,26735.0,16,26735.0,26735.0,0.0
2023,KABUPATEN SUMEDANG,0,26735.0,16,26735.0,26735.0,0.0
2023,KABUPATEN SUMEDANG,0,26735.0,16,26735.0,26735.0,0.0
2023,KABUPATEN SUMEDANG,0,26735.0,16,26735.0,26735.0,0.0
2023,KABUPATEN SUMEDANG,0,26735.0,16,26735.0,26735.0,0.0
2024,KABUPATEN SUMEDANG,0,27481.0,16,26735.0,26735.0,0.0
2024,KABUPATEN SUMEDANG,0,27481.0,16,27481.0,26735.0,0.027903497288198992
2024,KABUPATEN SUMEDANG,0,27481.0,16,27481.0,27481.0,0.0
2024,KABUPATEN SUMEDANG,0,27481.0,16,27481.0,27481.0,0.0
2024,KABUPATEN SUMEDANG,0,27481.0,16,27481.0,27481.0,0.0
2024,KABUPATEN SUMEDANG,0,27481.0,16,27481.0,27481.0,0.0
2024,KABUPATEN SUMEDANG,0,27481.0,16,27481.0,27481.0,0.0
2024,KABUPATEN SUMEDANG,0,27481.0,16,27481.0,27481.0,0.0
2024,KABUPATEN SUMEDANG,0,27481.0,16,27481.0,27481.0,0.0
2024,KABUPATEN SUMEDANG,0,27481.0,16,27481.0,27481.0,0.0
2024,KABUPATEN SUMEDANG,0,27481.0,16,27481.0,27481.0,0.0
2024,KABUPATEN SUMEDANG,0,27481.0,16,27481.0,27481.0,0.0
2024,KABUPATEN SUMEDANG,0,27481.0,16,27481.0,27481.0,0.0
2024,KABUPATEN SUMEDANG,0,27481.0,16,27481.0,27481.0,0.0
2024,KABUPATEN SUMEDANG,0,27481.0,16,27481.0,27481.0,0.0
2024,KABUPATEN SUMEDANG,0,27481.0,16,27481.0,27481.0,0.0
2024,KABUPATEN SUMEDANG,0,27481.0,16,27481.0,27481.0,0.0
2024,KABUPATEN SUMEDANG,0,27481.0,16,27481.0,27481.0,0.0
2024,KABUPATEN SUMEDANG,0,27481.0,16,27481.0,27481.0,0.0
2021,KABUPATEN SUMEDANG,1,280392.0,16,0.0,0.0,0.0
2021,KABUPATEN SUMEDANG,1,280392.0,16,280392.0,0.0,0.0
2021,KABUPATEN SUMEDANG,1,280392.0,16,280392.0,280392.0,0.0
2021,KABUPATEN SUMEDANG,1,280392.0,16,280392.0,280392.0,0.0
2022,KABUPATEN SUMEDANG,1,285436.0,16,280392.0,280392.0,0.0
2022,KABUPATEN SUMEDANG,1,285436.0,16,285436.0,280392.0,0.01798910097292362
2022,KABUPATEN SUMEDANG,1,285436.0,16,285436.0,285436.0,0.0
2022,KABUPATEN SUMEDANG,1,285436.0,16,285436.0,285436.0,0.0
2022,KABUPATEN SUMEDANG,1,285436.0,16,285436.0,285436.0,0.0
2022,KABUPATEN SUMEDANG,1,285436.0,16,285436.0,285436.0,0.0
2022,KABUPATEN SUMEDANG,1,285436.0,16,285436.0,285436.0,0.0
2022,KABUPATEN SUMEDANG,1,285436.0,16,285436.0,285436.0,0.0
2022,KABUPATEN SUMEDANG,1,285436.0,16,285436.0,285436.0,0.0
2023,KABUPATEN SUMEDANG,1,290443.0,16,285436.0,285436.0,0.0
2023,KABUPATEN SUMEDANG,1,290443.0,16,290443.0,285436.0,0.01754158550428117
2023,KABUPATEN SUMEDANG,1,290443.0,16,290443.0,290443.0,0.0
2023,KABUPATEN SUMEDANG,1,290443.0,16,290443.0,290443.0,0.0
2023,KABUPATEN SUMEDANG,1,290443.0,16,290443.0,290443.0,0.0
2023,KABUPATEN SUMEDANG,1,290443.0,16,290443.0,290443.0,0.0
2023,KABUPATEN SUMEDANG,1,290443.0,16,290443.0,290443.0,0.0
2023,KABUPATEN SUMEDANG,1,290443.0,16,290443.0,290443.0,0.0
2024,KABUPATEN SUMEDANG,1,290947.0,16,290443.0,290443.0,0.0
2024,KABUPATEN SUMEDANG,1,290947.0,16,290947.0,290443.0,0.0017352802443164408
2024,KABUPATEN SUMEDANG,1,290947.0,16,290947.0,290947.0,0.0
2024,KABUPATEN SUMEDANG,1,290947.0,16,290947.0,290947.0,0.0
2024,KABUPATEN SUMEDANG,1,290947.0,16,290947.0,290947.0,0.0
2024,KABUPATEN SUMEDANG,1,290947.0,16,290947.0,290947.0,0.0
2024,KABUPATEN SUMEDANG,1,290947.0,16,290947.0,290947.0,0.0
2024,KABUPATEN SUMEDANG,1,290947.0,16,290947.0,290947.0,0.0
2024,KABUPATEN SUMEDANG,1,290947.0,16,290947.0,290947.0,0.0
2024,KABUPATEN SUMEDANG,1,290947.0,16,290947.0,290947.0,0.0
2024,KABUPATEN SUMEDANG,1,290947.0,16,290947.0,290947.0,0.0
2024,KABUPATEN SUMEDANG,1,290947.0,16,290947.0,290947.0,0.0
2024,KABUPATEN SUMEDANG,1,290947.0,16,290947.0,290947.0,0.0
2024,KABUPATEN SUMEDANG,1,290947.0,16,290947.0,290947.0,0.0
2024,KABUPATEN SUMEDANG,1,290947.0,16,290947.0,290947.0,0.0
2024,KABUPATEN SUMEDANG,1,290947.0,16,290947.0,290947.0,0.0
2024,KABUPATEN SUMEDANG,1,290947.0,16,290947.0,290947.0,0.0
2024,KABUPATEN SUMEDANG,1,290947.0,16,290947.0,290947.0,0.0
2024,KABUPATEN SUMEDANG,1,290947.0,16,290947.0,290947.0,0.0
2021,KABUPATEN SUMEDANG,2,417.0,16,0.0,0.0,0.0
2021,KABUPATEN SUMEDANG,2,417.0,16,417.0,0.0,0.0
2021,KABUPATEN SUMEDANG,2,417.0,16,417.0,417.0,0.0
2021,KABUPATEN SUMEDANG,2,417.0,16,417.0,417.0,0.0
2022,KABUPATEN SUMEDANG,2,355.0,16,417.0,417.0,0.0
2022,KABUPATEN SUMEDANG,2,355.0,16,355.0,417.0,-0.1486810551558753
2022,KABUPATEN SUMEDANG,2,355.0,16,355.0,355.0,0.0
2022,KABUPATEN SUMEDANG,2,355.0,16,355.0,355.0,0.0
2022,KABUPATEN SUMEDANG,2,355.0,16,355.0,355.0,0.0
2022,KABUPATEN SUMEDANG,2,355.0,16,355.0,355.0,0.0
2022,KABUPATEN SUMEDANG,2,355.0,16,355.0,355.0,0.0
2022,KABUPATEN SUMEDANG,2,355.0,16,355.0,355.0,0.0
2022,KABUPATEN SUMEDANG,2,355.0,16,355.0,355.0,0.0
2023,KABUPATEN SUMEDANG,2,361.0,16,355.0,355.0,0.0
2023,KABUPATEN SUMEDANG,2,361.0,16,361.0,355.0,0.016901408450704224
2023,KABUPATEN SUMEDANG,2,361.0,16,361.0,361.0,0.0
2023,KABUPATEN SUMEDANG,2,361.0,16,361.0,361.0,0.0
2023,KABUPATEN SUMEDANG,2,361.0,16,361.0,361.0,0.0
2023,KABUPATEN SUMEDANG,2,361.0,16,361.0,361.0,0.0
2023,KABUPATEN SUMEDANG,2,361.0,16,361.0,361.0,0.0
2023,KABUPATEN SUMEDANG,2,361.0,16,361.0,361.0,0.0
2024,KABUPATEN SUMEDANG,2,341.0,16,361.0,361.0,0.0
2024,KABUPATEN SUMEDANG,2,341.0,16,341.0,361.0,-0.055401662049861494
2024,KABUPATEN SUMEDANG,2,341.0,16,341.0,341.0,0.0
2024,KABUPATEN SUMEDANG,2,341.0,16,341.0,341.0,0.0
2024,KABUPATEN SUMEDANG,2,341.0,16,341.0,341.0,0.0
2024,KABUPATEN SUMEDANG,2,341.0,16,341.0,341.0,0.0
2024,KABUPATEN SUMEDANG,2,341.0,16,341.0,341.0,0.0
2024,KABUPATEN SUMEDANG,2,341.0,16,341.0,341.0,0.0
2024,KABUPATEN SUMEDANG,2,341.0,16,341.0,341.0,0.0
2024,KABUPATEN SUMEDANG,2,341.0,16,341.0,341.0,0.0
2024,KABUPATEN SUMEDANG,2,341.0,16,341.0,341.0,0.0
2024,KABUPATEN SUMEDANG,2,341.0,16,341.0,341.0,0.0
2024,KABUPATEN SUMEDANG,2,341.0,16,341.0,341.0,0.0
2024,KABUPATEN SUMEDANG,2,341.0,16,341.0,341.0,0.0
2024,KABUPATEN SUMEDANG,2,341.0,16,341.0,341.0,0.0
2024,KABUPATEN SUMEDANG,2,341.0,16,341.0,341.0,0.0
2024,KABUPATEN SUMEDANG,2,341.0,16,341.0,341.0,0.0
2024,KABUPATEN SUMEDANG,2,341.0,16,341.0,341.0,0.0
2024,KABUPATEN SUMEDANG,2,341.0,16,341.0,341.0,0.0
2021,KABUPATEN SUMEDANG,3,9398.0,16,0.0,0.0,0.0
2021,KABUPATEN SUMEDANG,3,9398.0,16,9398.0,0.0,0.0
2021,KABUPATEN SUMEDANG,3,9398.0,16,9398.0,9398.0,0.0
2021,KABUPATEN SUMEDANG,3,9398.0,16,9398.0,9398.0,0.0
2022,KABUPATEN SUMEDANG,3,9632.0,16,9398.0,9398.0,0.0
2022,KABUPATEN SUMEDANG,3,9632.0,16,9632.0,9398.0,0.02489891466269419
2022,KABUPATEN SUMEDANG,3,9632.0,16,9632.0,9632.0,0.0
2022,KABUPATEN SUMEDANG,3,9632.0,16,9632.0,9632.0,0.0
2022,KABUPATEN SUMEDANG,3,9632.0,16,9632.0,9632.0,0.0
2022,KABUPATEN SUMEDANG,3,9632.0,16,9632.0,9632.0,0.0
2022,KABUPATEN SUMEDANG,3,9632.0,16,9632.0,9632.0,0.0
2022,KABUPATEN SUMEDANG,3,9632.0,16,9632.0,9632.0,0.0
2022,KABUPATEN SUMEDANG,3,9632.0,16,9632.0,9632.0,0.0
2023,KABUPATEN SUMEDANG,3,9910.0,16,9632.0,9632.0,0.0
2023,KABUPATEN SUMEDANG,3,9910.0,16,9910.0,9632.0,0.028862126245847178
2023,KABUPATEN SUMEDANG,3,9910.0,16,9910.0,9910.0,0.0
2023,KABUPATEN SUMEDANG,3,9910.0,16,9910.0,9910.0,0.0
2023,KABUPATEN SUMEDANG,3,9910.0,16,9910.0,9910.0,0.0
2023,KABUPATEN SUMEDANG,3,9910.0,16,9910.0,9910.0,0.0
2023,KABUPATEN SUMEDANG,3,9910.0,16,9910.0,9910.0,0.0
2023,KABUPATEN SUMEDANG,3,9910.0,16,9910.0,9910.0,0.0
2024,KABUPATEN SUMEDANG,3,9923.0,16,9910.0,9910.0,0.0
2024,KABUPATEN SUMEDANG,3,9923.0,16,9923.0,9910.0,0.0013118062563067608
2024,KABUPATEN SUMEDANG,3,9923.0,16,9923.0,9923.0,0.0
2024,KABUPATEN SUMEDANG,3,9923.0,16,9923.0,9923.0,0.0
2024,KABUPATEN SUMEDANG,3,9923.0,16,9923.0,9923.0,0.0
2024,KABUPATEN SUMEDANG,3,9923.0,16,9923.0,9923.0,0.0
2024,KABUPATEN SUMEDANG,3,9923.0,16,9923.0,9923.0,0.0
2024,KABUPATEN SUMEDANG,3,9923.0,16,9923.0,9923.0,0.0
2024,KABUPATEN SUMEDANG,3,9923.0,16,9923.0,9923.0,0.0
2024,KABUPATEN SUMEDANG,3,9923.0,16,9923.0,9923.0,0.0
2024,KABUPATEN SUMEDANG,3,9923.0,16,9923.0,9923.0,0.0
2024,KABUPATEN SUMEDANG,3,9923.0,16,9923.0,9923.0,0.0
2024,KABUPATEN SUMEDANG,3,9923.0,16,9923.0,9923.0,0.0
2024,KABUPATEN SUMEDANG,3,9923.0,16,9923.0,9923.0,0.0
2024,KABUPATEN SUMEDANG,3,9923.0,16,9923.0,9923.0,0.0
2024,KABUPATEN SUMEDANG,3,9923.0,16,9923.0,9923.0,0.0
2024,KABUPATEN SUMEDANG,3,9923.0,16,9923.0,9923.0,0.0
2024,KABUPATEN SUMEDANG,3,9923.0,16,9923.0,9923.0,0.0
2024,KABUPATEN SUMEDANG,3,9923.0,16,9923.0,9923.0,0.0
2021,KABUPATEN TASIKMALAYA,0,21384.0,17,0.0,0.0,0.0
2021,KABUPATEN TASIKMALAYA,0,21384.0,17,21384.0,0.0,0.0
2021,KABUPATEN TASIKMALAYA,0,21384.0,17,21384.0,21384.0,0.0
2021,KABUPATEN TASIKMALAYA,0,21384.0,17,21384.0,21384.0,0.0
2021,KABUPATEN TASIKMALAYA,0,21384.0,17,21384.0,21384.0,0.0
2021,KABUPATEN TASIKMALAYA,0,21384.0,17,21384.0,21384.0,0.0
2021,KABUPATEN TASIKMALAYA,0,21384.0,17,21384.0,21384.0,0.0
2021,KABUPATEN TASIKMALAYA,0,21384.0,17,21384.0,21384.0,0.0
2022,KABUPATEN TASIKMALAYA,0,23041.0,17,21384.0,21384.0,0.0
2022,KABUPATEN TASIKMALAYA,0,23041.0,17,23041.0,21384.0,0.07748784137673026
2022,KABUPATEN TASIKMALAYA,0,23041.0,17,23041.0,23041.0,0.0
2022,KABUPATEN TASIKMALAYA,0,23041.0,17,23041.0,23041.0,0.0
2022,KABUPATEN TASIKMALAYA,0,23041.0,17,23041.0,23041.0,0.0
2022,KABUPATEN TASIKMALAYA,0,23041.0,17,23041.0,23041.0,0.0
2022,KABUPATEN TASIKMALAYA,0,23041.0,17,23041.0,23041.0,0.0
2022,KABUPATEN TASIKMALAYA,0,23041.0,17,23041.0,23041.0,0.0
2022,KABUPATEN TASIKMALAYA,0,23041.0,17,23041.0,23041.0,0.0
2022,KABUPATEN TASIKMALAYA,0,23041.0,17,23041.0,23041.0,0.0
2022,KABUPATEN TASIKMALAYA,0,23041.0,17,23041.0,23041.0,0.0
2022,KABUPATEN TASIKMALAYA,0,23041.0,17,23041.0,23041.0,0.0
2022,KABUPATEN TASIKMALAYA,0,23041.0,17,23041.0,23041.0,0.0
2022,KABUPATEN TASIKMALAYA,0,23041.0,17,23041.0,23041.0,0.0
2022,KABUPATEN TASIKMALAYA,0,23041.0,17,23041.0,23041.0,0.0
2022,KABUPATEN TASIKMALAYA,0,23041.0,17,23041.0,23041.0,0.0
2022,KABUPATEN TASIKMALAYA,0,23041.0,17,23041.0,23041.0,0.0
2022,KABUPATEN TASIKMALAYA,0,23041.0,17,23041.0,23041.0,0.0
2023,KABUPATEN TASIKMALAYA,0,24100.0,17,23041.0,23041.0,0.0
2023,KABUPATEN TASIKMALAYA,0,24100.0,17,24100.0,23041.0,0.04596154680786424
2023,KABUPATEN TASIKMALAYA,0,24100.0,17,24100.0,24100.0,0.0
2023,KABUPATEN TASIKMALAYA,0,24100.0,17,24100.0,24100.0,0.0
2023,KABUPATEN TASIKMALAYA,0,24100.0,17,24100.0,24100.0,0.0
2023,KABUPATEN TASIKMALAYA,0,24100.0,17,24100.0,24100.0,0.0
2023,KABUPATEN TASIKMALAYA,0,24100.0,17,24100.0,24100.0,0.0
2023,KABUPATEN TASIKMALAYA,0,24100.0,17,24100.0,24100.0,0.0
2023,KABUPATEN TASIKMALAYA,0,24100.0,17,24100.0,24100.0,0.0
2023,KABUPATEN TASIKMALAYA,0,24100.0,17,24100.0,24100.0,0.0
2023,KABUPATEN TASIKMALAYA,0,24100.0,17,24100.0,24100.0,0.0
2024,KABUPATEN TASIKMALAYA,0,24984.0,17,24100.0,24100.0,0.0
2024,KABUPATEN TASIKMALAYA,0,24984.0,17,24984.0,24100.0,0.0366804979253112
2024,KABUPATEN TASIKMALAYA,0,24984.0,17,24984.0,24984.0,0.0
2024,KABUPATEN TASIKMALAYA,0,24984.0,17,24984.0,24984.0,0.0
2024,KABUPATEN TASIKMALAYA,0,24984.0,17,24984.0,24984.0,0.0
2024,KABUPATEN TASIKMALAYA,0,24984.0,17,24984.0,24984.0,0.0
2024,KABUPATEN TASIKMALAYA,0,24984.0,17,24984.0,24984.0,0.0
2024,KABUPATEN TASIKMALAYA,0,24984.0,17,24984.0,24984.0,0.0
2024,KABUPATEN TASIKMALAYA,0,24984.0,17,24984.0,24984.0,0.0
2021,KABUPATEN TASIKMALAYA,1,282206.0,17,0.0,0.0,0.0
2021,KABUPATEN TASIKMALAYA,1,282206.0,17,282206.0,0.0,0.0
2021,KABUPATEN TASIKMALAYA,1,282206.0,17,282206.0,282206.0,0.0
2021,KABUPATEN TASIKMALAYA,1,282206.0,17,282206.0,282206.0,0.0
2021,KABUPATEN TASIKMALAYA,1,282206.0,17,282206.0,282206.0,0.0
2021,KABUPATEN TASIKMALAYA,1,282206.0,17,282206.0,282206.0,0.0
2021,KABUPATEN TASIKMALAYA,1,282206.0,17,282206.0,282206.0,0.0
2021,KABUPATEN TASIKMALAYA,1,282206.0,17,282206.0,282206.0,0.0
2022,KABUPATEN TASIKMALAYA,1,286980.0,17,282206.0,282206.0,0.0
2022,KABUPATEN TASIKMALAYA,1,286980.0,17,286980.0,282206.0,0.016916720409913325
2022,KABUPATEN TASIKMALAYA,1,286980.0,17,286980.0,286980.0,0.0
2022,KABUPATEN TASIKMALAYA,1,286980.0,17,286980.0,286980.0,0.0
2022,KABUPATEN TASIKMALAYA,1,286980.0,17,286980.0,286980.0,0.0
2022,KABUPATEN TASIKMALAYA,1,286980.0,17,286980.0,286980.0,0.0
2022,KABUPATEN TASIKMALAYA,1,286980.0,17,286980.0,286980.0,0.0
2022,KABUPATEN TASIKMALAYA,1,286980.0,17,286980.0,286980.0,0.0
2022,KABUPATEN TASIKMALAYA,1,286980.0,17,286980.0,286980.0,0.0
2022,KABUPATEN TASIKMALAYA,1,286980.0,17,286980.0,286980.0,0.0
2022,KABUPATEN TASIKMALAYA,1,286980.0,17,286980.0,286980.0,0.0
2022,KABUPATEN TASIKMALAYA,1,286980.0,17,286980.0,286980.0,0.0
2022,KABUPATEN TASIKMALAYA,1,286980.0,17,286980.0,286980.0,0.0
2022,KABUPATEN TASIKMALAYA,1,286980.0,17,286980.0,286980.0,0.0
2022,KABUPATEN TASIKMALAYA,1,286980.0,17,286980.0,286980.0,0.0
2022,KABUPATEN TASIKMALAYA,1,286980.0,17,286980.0,286980.0,0.0
2022,KABUPATEN TASIKMALAYA,1,286980.0,17,286980.0,286980.0,0.0
2022,KABUPATEN TASIKMALAYA,1,286980.0,17,286980.0,286980.0,0.0
2023,KABUPATEN TASIKMALAYA,1,294016.0,17,286980.0,286980.0,0.0
2023,KABUPATEN TASIKMALAYA,1,294016.0,17,294016.0,286980.0,0.024517387971287198
2023,KABUPATEN TASIKMALAYA,1,294016.0,17,294016.0,294016.0,0.0
2023,KABUPATEN TASIKMALAYA,1,294016.0,17,294016.0,294016.0,0.0
2023,KABUPATEN TASIKMALAYA,1,294016.0,17,294016.0,294016.0,0.0
2023,KABUPATEN TASIKMALAYA,1,294016.0,17,294016.0,294016.0,0.0
2023,KABUPATEN TASIKMALAYA,1,294016.0,17,294016.0,294016.0,0.0
2023,KABUPATEN TASIKMALAYA,1,294016.0,17,294016.0,294016.0,0.0
2023,KABUPATEN TASIKMALAYA,1,294016.0,17,294016.0,294016.0,0.0
2023,KABUPATEN TASIKMALAYA,1,294016.0,17,294016.0,294016.0,0.0
2023,KABUPATEN TASIKMALAYA,1,294016.0,17,294016.0,294016.0,0.0
2024,KABUPATEN TASIKMALAYA,1,299419.0,17,294016.0,294016.0,0.0
2024,KABUPATEN TASIKMALAYA,1,299419.0,17,299419.0,294016.0,0.01837655093600348
2024,KABUPATEN TASIKMALAYA,1,299419.0,17,299419.0,299419.0,0.0
2024,KABUPATEN TASIKMALAYA,1,299419.0,17,299419.0,299419.0,0.0
2024,KABUPATEN TASIKMALAYA,1,299419.0,17,299419.0,299419.0,0.0
2024,KABUPATEN TASIKMALAYA,1,299419.0,17,299419.0,299419.0,0.0
2024,KABUPATEN TASIKMALAYA,1,299419.0,17,299419.0,299419.0,0.0
2024,KABUPATEN TASIKMALAYA,1,299419.0,17,299419.0,299419.0,0.0
2024,KABUPATEN TASIKMALAYA,1,299419.0,17,299419.0,299419.0,0.0
2021,KABUPATEN TASIKMALAYA,2,639.0,17,0.0,0.0,0.0
2021,KABUPATEN TASIKMALAYA,2,639.0,17,639.0,0.0,0.0
2021,KABUPATEN TASIKMALAYA,2,639.0,17,639.0,639.0,0.0
2021,KABUPATEN TASIKMALAYA,2,639.0,17,639.0,639.0,0.0
2021,KABUPATEN TASIKMALAYA,2,639.0,17,639.0,639.0,0.0
2021,KABUPATEN TASIKMALAYA,2,639.0,17,639.0,639.0,0.0
2021,KABUPATEN TASIKMALAYA,2,639.0,17,639.0,639.0,0.0
2021,KABUPATEN TASIKMALAYA,2,639.0,17,639.0,639.0,0.0
2022,KABUPATEN TASIKMALAYA,2,636.0,17,639.0,639.0,0.0
2022,KABUPATEN TASIKMALAYA,2,636.0,17,636.0,639.0,-0.004694835680751174
2022,KABUPATEN TASIKMALAYA,2,636.0,17,636.0,636.0,0.0
2022,KABUPATEN TASIKMALAYA,2,636.0,17,636.0,636.0,0.0
2022,KABUPATEN TASIKMALAYA,2,636.0,17,636.0,636.0,0.0
2022,KABUPATEN TASIKMALAYA,2,636.0,17,636.0,636.0,0.0
2022,KABUPATEN TASIKMALAYA,2,636.0,17,636.0,636.0,0.0
2022,KABUPATEN TASIKMALAYA,2,636.0,17,636.0,636.0,0.0
2022,KABUPATEN TASIKMALAYA,2,636.0,17,636.0,636.0,0.0
2022,KABUPATEN TASIKMALAYA,2,636.0,17,636.0,636.0,0.0
2022,KABUPATEN TASIKMALAYA,2,636.0,17,636.0,636.0,0.0
2022,KABUPATEN TASIKMALAYA,2,636.0,17,636.0,636.0,0.0
2022,KABUPATEN TASIKMALAYA,2,636.0,17,636.0,636.0,0.0
2022,KABUPATEN TASIKMALAYA,2,636.0,17,636.0,636.0,0.0
2022,KABUPATEN TASIKMALAYA,2,636.0,17,636.0,636.0,0.0
2022,KABUPATEN TASIKMALAYA,2,636.0,17,636.0,636.0,0.0
2022,KABUPATEN TASIKMALAYA,2,636.0,17,636.0,636.0,0.0
2022,KABUPATEN TASIKMALAYA,2,636.0,17,636.0,636.0,0.0
2023,KABUPATEN TASIKMALAYA,2,649.0,17,636.0,636.0,0.0
2023,KABUPATEN TASIKMALAYA,2,649.0,17,649.0,636.0,0.020440251572327043
2023,KABUPATEN TASIKMALAYA,2,649.0,17,649.0,649.0,0.0
2023,KABUPATEN TASIKMALAYA,2,649.0,17,649.0,649.0,0.0
2023,KABUPATEN TASIKMALAYA,2,649.0,17,649.0,649.0,0.0
2023,KABUPATEN TASIKMALAYA,2,649.0,17,649.0,649.0,0.0
2023,KABUPATEN TASIKMALAYA,2,649.0,17,649.0,649.0,0.0
2023,KABUPATEN TASIKMALAYA,2,649.0,17,649.0,649.0,0.0
2023,KABUPATEN TASIKMALAYA,2,649.0,17,649.0,649.0,0.0
2023,KABUPATEN TASIKMALAYA,2,649.0,17,649.0,649.0,0.0
2023,KABUPATEN TASIKMALAYA,2,649.0,17,649.0,649.0,0.0
2024,KABUPATEN TASIKMALAYA,2,653.0,17,649.0,649.0,0.0
2024,KABUPATEN TASIKMALAYA,2,653.0,17,653.0,649.0,0.0061633281972265025
2024,KABUPATEN TASIKMALAYA,2,653.0,17,653.0,653.0,0.0
2024,KABUPATEN TASIKMALAYA,2,653.0,17,653.0,653.0,0.0
2024,KABUPATEN TASIKMALAYA,2,653.0,17,653.0,653.0,0.0
2024,KABUPATEN TASIKMALAYA,2,653.0,17,653.0,653.0,0.0
2024,KABUPATEN TASIKMALAYA,2,653.0,17,653.0,653.0,0.0
2024,KABUPATEN TASIKMALAYA,2,653.0,17,653.0,653.0,0.0
2024,KABUPATEN TASIKMALAYA,2,653.0,17,653.0,653.0,0.0
2021,KABUPATEN TASIKMALAYA,3,11154.0,17,0.0,0.0,0.0
2021,KABUPATEN TASIKMALAYA,3,11154.0,17,11154.0,0.0,0.0
2021,KABUPATEN TASIKMALAYA,3,11154.0,17,11154.0,11154.0,0.0
2021,KABUPATEN TASIKMALAYA,3,11154.0,17,11154.0,11154.0,0.0
2021,KABUPATEN TASIKMALAYA,3,11154.0,17,11154.0,11154.0,0.0
2021,KABUPATEN TASIKMALAYA,3,11154.0,17,11154.0,11154.0,0.0
2021,KABUPATEN TASIKMALAYA,3,11154.0,17,11154.0,11154.0,0.0
2021,KABUPATEN TASIKMALAYA,3,11154.0,17,11154.0,11154.0,0.0
2022,KABUPATEN TASIKMALAYA,3,11416.0,17,11154.0,11154.0,0.0
2022,KABUPATEN TASIKMALAYA,3,11416.0,17,11416.0,11154.0,0.023489331181638873
2022,KABUPATEN TASIKMALAYA,3,11416.0,17,11416.0,11416.0,0.0
2022,KABUPATEN TASIKMALAYA,3,11416.0,17,11416.0,11416.0,0.0
2022,KABUPATEN TASIKMALAYA,3,11416.0,17,11416.0,11416.0,0.0
2022,KABUPATEN TASIKMALAYA,3,11416.0,17,11416.0,11416.0,0.0
2022,KABUPATEN TASIKMALAYA,3,11416.0,17,11416.0,11416.0,0.0
2022,KABUPATEN TASIKMALAYA,3,11416.0,17,11416.0,11416.0,0.0
2022,KABUPATEN TASIKMALAYA,3,11416.0,17,11416.0,11416.0,0.0
2022,KABUPATEN TASIKMALAYA,3,11416.0,17,11416.0,11416.0,0.0
2022,KABUPATEN TASIKMALAYA,3,11416.0,17,11416.0,11416.0,0.0
2022,KABUPATEN TASIKMALAYA,3,11416.0,17,11416.0,11416.0,0.0
2022,KABUPATEN TASIKMALAYA,3,11416.0,17,11416.0,11416.0,0.0
2022,KABUPATEN TASIKMALAYA,3,11416.0,17,11416.0,11416.0,0.0
2022,KABUPATEN TASIKMALAYA,3,11416.0,17,11416.0,11416.0,0.0
2022,KABUPATEN TASIKMALAYA,3,11416.0,17,11416.0,11416.0,0.0
2022,KABUPATEN TASIKMALAYA,3,11416.0,17,11416.0,11416.0,0.0
2022,KABUPATEN TASIKMALAYA,3,11416.0,17,11416.0,11416.0,0.0
2023,KABUPATEN TASIKMALAYA,3,11336.0,17,11416.0,11416.0,0.0
2023,KABUPATEN TASIKMALAYA,3,11336.0,17,11336.0,11416.0,-0.00700770847932726
2023,KABUPATEN TASIKMALAYA,3,11336.0,17,11336.0,11336.0,0.0
2023,KABUPATEN TASIKMALAYA,3,11336.0,17,11336.0,11336.0,0.0
2023,KABUPATEN TASIKMALAYA,3,11336.0,17,11336.0,11336.0,0.0
2023,KABUPATEN TASIKMALAYA,3,11336.0,17,11336.0,11336.0,0.0
2023,KABUPATEN TASIKMALAYA,3,11336.0,17,11336.0,11336.0,0.0
2023,KABUPATEN TASIKMALAYA,3,11336.0,17,11336.0,11336.0,0.0
2023,KABUPATEN TASIKMALAYA,3,11336.0,17,11336.0,11336.0,0.0
2023,KABUPATEN TASIKMALAYA,3,11336.0,17,11336.0,11336.0,0.0
2023,KABUPATEN TASIKMALAYA,3,11336.0,17,11336.0,11336.0,0.0
2024,KABUPATEN TASIKMALAYA,3,11203.0,17,11336.0,11336.0,0.0
2024,KABUPATEN TASIKMALAYA,3,11203.0,17,11203.0,11336.0,-0.011732533521524348
2024,KABUPATEN TASIKMALAYA,3,11203.0,17,11203.0,11203.0,0.0
2024,KABUPATEN TASIKMALAYA,3,11203.0,17,11203.0,11203.0,0.0
2024,KABUPATEN TASIKMALAYA,3,11203.0,17,11203.0,11203.0,0.0
2024,KABUPATEN TASIKMALAYA,3,11203.0,17,11203.0,11203.0,0.0
2024,KABUPATEN TASIKMALAYA,3,11203.0,17,11203.0,11203.0,0.0
2024,KABUPATEN TASIKMALAYA,3,11203.0,17,11203.0,11203.0,0.0
2024,KABUPATEN TASIKMALAYA,3,11203.0,17,11203.0,11203.0,0.0
2016,KOTA BANDUNG,0,0.0,18,0.0,0.0,0.0
2017,KOTA BANDUNG,0,0.0,18,0.0,0.0,0.0
2018,KOTA BANDUNG,0,402649.0,18,0.0,0.0,0.0
2019,KOTA BANDUNG,0,407672.0,18,402649.0,0.0,0.0
2020,KOTA BANDUNG,0,368410.0,18,407672.0,402649.0,0.012474885073600084
2021,KOTA BANDUNG,0,368406.0,18,368410.0,407672.0,-0.09630781608744285
2021,KOTA BANDUNG,0,368406.0,18,368406.0,368410.0,-1.0857468581200293e-05
2021,KOTA BANDUNG,0,368406.0,18,368406.0,368406.0,0.0
2021,KOTA BANDUNG,0,368406.0,18,368406.0,368406.0,0.0
2021,KOTA BANDUNG,0,368406.0,18,368406.0,368406.0,0.0
2021,KOTA BANDUNG,0,368406.0,18,368406.0,368406.0,0.0
2021,KOTA BANDUNG,0,368406.0,18,368406.0,368406.0,0.0
2021,KOTA BANDUNG,0,368406.0,18,368406.0,368406.0,0.0
2021,KOTA BANDUNG,0,368406.0,18,368406.0,368406.0,0.0
2022,KOTA BANDUNG,0,372806.0,18,368406.0,368406.0,0.0
2022,KOTA BANDUNG,0,372806.0,18,372806.0,368406.0,0.01194334511381465
2022,KOTA BANDUNG,0,372806.0,18,372806.0,372806.0,0.0
2022,KOTA BANDUNG,0,372806.0,18,372806.0,372806.0,0.0
2022,KOTA BANDUNG,0,372806.0,18,372806.0,372806.0,0.0
2022,KOTA BANDUNG,0,372806.0,18,372806.0,372806.0,0.0
2022,KOTA BANDUNG,0,372806.0,18,372806.0,372806.0,0.0
2022,KOTA BANDUNG,0,372806.0,18,372806.0,372806.0,0.0
2022,KOTA BANDUNG,0,372806.0,18,372806.0,372806.0,0.0
2022,KOTA BANDUNG,0,372806.0,18,372806.0,372806.0,0.0
2023,KOTA BANDUNG,0,378111.0,18,372806.0,372806.0,0.0
2023,KOTA BANDUNG,0,378111.0,18,378111.0,372806.0,0.014229921192255489
2023,KOTA BANDUNG,0,378111.0,18,378111.0,378111.0,0.0
2023,KOTA BANDUNG,0,378111.0,18,378111.0,378111.0,0.0
2023,KOTA BANDUNG,0,378111.0,18,378111.0,378111.0,0.0
2023,KOTA BANDUNG,0,378111.0,18,378111.0,378111.0,0.0
2023,KOTA BANDUNG,0,378111.0,18,378111.0,378111.0,0.0
2023,KOTA BANDUNG,0,378111.0,18,378111.0,378111.0,0.0
2023,KOTA BANDUNG,0,378111.0,18,378111.0,378111.0,0.0
2023,KOTA BANDUNG,0,378111.0,18,378111.0,378111.0,0.0
2023,KOTA BANDUNG,0,378111.0,18,378111.0,378111.0,0.0
2023,KOTA BANDUNG,0,378111.0,18,378111.0,378111.0,0.0
2024,KOTA BANDUNG,0,373871.0,18,378111.0,378111.0,0.0
2024,KOTA BANDUNG,0,373871.0,18,373871.0,378111.0,-0.011213638323137914
2024,KOTA BANDUNG,0,373871.0,18,373871.0,373871.0,0.0
2024,KOTA BANDUNG,0,373871.0,18,373871.0,373871.0,0.0
2025,KOTA BANDUNG,0,374341.0,18,373871.0,373871.0,0.0
2016,KOTA BANDUNG,1,0.0,18,0.0,0.0,0.0
2017,KOTA BANDUNG,1,0.0,18,0.0,0.0,0.0
2018,KOTA BANDUNG,1,1256057.0,18,0.0,0.0,0.0
2019,KOTA BANDUNG,1,1260127.0,18,1256057.0,0.0,0.0
2020,KOTA BANDUNG,1,1128080.0,18,1260127.0,1256057.0,0.0032402988080954924
2021,KOTA BANDUNG,1,1112336.0,18,1128080.0,1260127.0,-0.10478864431918371
2021,KOTA BANDUNG,1,1112336.0,18,1112336.0,1128080.0,-0.013956456988866038
2021,KOTA BANDUNG,1,1112336.0,18,1112336.0,1112336.0,0.0
2021,KOTA BANDUNG,1,1112336.0,18,1112336.0,1112336.0,0.0
2021,KOTA BANDUNG,1,1112336.0,18,1112336.0,1112336.0,0.0
2021,KOTA BANDUNG,1,1112336.0,18,1112336.0,1112336.0,0.0
2021,KOTA BANDUNG,1,1112336.0,18,1112336.0,1112336.0,0.0
2021,KOTA BANDUNG,1,1112336.0,18,1112336.0,1112336.0,0.0
2021,KOTA BANDUNG,1,1112336.0,18,1112336.0,1112336.0,0.0
2022,KOTA BANDUNG,1,1107464.0,18,1112336.0,1112336.0,0.0
2022,KOTA BANDUNG,1,1107464.0,18,1107464.0,1112336.0,-0.004379971519397017
2022,KOTA BANDUNG,1,1107464.0,18,1107464.0,1107464.0,0.0
2022,KOTA BANDUNG,1,1107464.0,18,1107464.0,1107464.0,0.0
2022,KOTA BANDUNG,1,1107464.0,18,1107464.0,1107464.0,0.0
2022,KOTA BANDUNG,1,1107464.0,18,1107464.0,1107464.0,0.0
2022,KOTA BANDUNG,1,1107464.0,18,1107464.0,1107464.0,0.0
2022,KOTA BANDUNG,1,1107464.0,18,1107464.0,1107464.0,0.0
2022,KOTA BANDUNG,1,1107464.0,18,1107464.0,1107464.0,0.0
2022,KOTA BANDUNG,1,1107464.0,18,1107464.0,1107464.0,0.0
2023,KOTA BANDUNG,1,1113142.0,18,1107464.0,1107464.0,0.0
2023,KOTA BANDUNG,1,1113142.0,18,1113142.0,1107464.0,0.005127028959857838
2023,KOTA BANDUNG,1,1113142.0,18,1113142.0,1113142.0,0.0
2023,KOTA BANDUNG,1,1113142.0,18,1113142.0,1113142.0,0.0
2023,KOTA BANDUNG,1,1113142.0,18,1113142.0,1113142.0,0.0
2023,KOTA BANDUNG,1,1113142.0,18,1113142.0,1113142.0,0.0
2023,KOTA BANDUNG,1,1113142.0,18,1113142.0,1113142.0,0.0
2023,KOTA BANDUNG,1,1113142.0,18,1113142.0,1113142.0,0.0
2023,KOTA BANDUNG,1,1113142.0,18,1113142.0,1113142.0,0.0
2023,KOTA BANDUNG,1,1113142.0,18,1113142.0,1113142.0,0.0
2023,KOTA BANDUNG,1,1113142.0,18,1113142.0,1113142.0,0.0
2023,KOTA BANDUNG,1,1113142.0,18,1113142.0,1113142.0,0.0
2024,KOTA BANDUNG,1,1099590.0,18,1113142.0,1113142.0,0.0
2024,KOTA BANDUNG,1,1099590.0,18,1099590.0,1113142.0,-0.012174547362331131
2024,KOTA BANDUNG,1,1099590.0,18,1099590.0,1099590.0,0.0
2024,KOTA BANDUNG,1,1099590.0,18,1099590.0,1099590.0,0.0
2025,KOTA BANDUNG,1,1083002.0,18,1099590.0,1099590.0,0.0
2016,KOTA BANDUNG,2,0.0,18,0.0,0.0,0.0
2017,KOTA BANDUNG,2,0.0,18,0.0,0.0,0.0
2018,KOTA BANDUNG,2,6390.0,18,0.0,0.0,0.0
2019,KOTA BANDUNG,2,6381.0,18,6390.0,0.0,0.0
2020,KOTA BANDUNG,2,4657.0,18,6381.0,6390.0,-0.0014084507042253522
2021,KOTA BANDUNG,2,5654.0,18,4657.0,6381.0,-0.27017708823068487
2021,KOTA BANDUNG,2,5654.0,18,5654.0,4657.0,0.21408632166630878
2021,KOTA BANDUNG,2,5654.0,18,5654.0,5654.0,0.0
2021,KOTA BANDUNG,2,5654.0,18,5654.0,5654.0,0.0
2021,KOTA BANDUNG,2,5654.0,18,5654.0,5654.0,0.0
2021,KOTA BANDUNG,2,5654.0,18,5654.0,5654.0,0.0
2021,KOTA BANDUNG,2,5654.0,18,5654.0,5654.0,0.0
2021,KOTA BANDUNG,2,5654.0,18,5654.0,5654.0,0.0
2021,KOTA BANDUNG,2,5654.0,18,5654.0,5654.0,0.0
2022,KOTA BANDUNG,2,5512.0,18,5654.0,5654.0,0.0
2022,KOTA BANDUNG,2,5512.0,18,5512.0,5654.0,-0.025114962858153518
2022,KOTA BANDUNG,2,5512.0,18,5512.0,5512.0,0.0
2022,KOTA BANDUNG,2,5512.0,18,5512.0,5512.0,0.0
2022,KOTA BANDUNG,2,5512.0,18,5512.0,5512.0,0.0
2022,KOTA BANDUNG,2,5512.0,18,5512.0,5512.0,0.0
2022,KOTA BANDUNG,2,5512.0,18,5512.0,5512.0,0.0
2022,KOTA BANDUNG,2,5512.0,18,5512.0,5512.0,0.0
2022,KOTA BANDUNG,2,5512.0,18,5512.0,5512.0,0.0
2022,KOTA BANDUNG,2,5512.0,18,5512.0,5512.0,0.0
2023,KOTA BANDUNG,2,5688.0,18,5512.0,5512.0,0.0
2023,KOTA BANDUNG,2,5688.0,18,5688.0,5512.0,0.03193033381712627
2023,KOTA BANDUNG,2,5688.0,18,5688.0,5688.0,0.0
2023,KOTA BANDUNG,2,5688.0,18,5688.0,5688.0,0.0
2023,KOTA BANDUNG,2,5688.0,18,5688.0,5688.0,0.0
2023,KOTA BANDUNG,2,5688.0,18,5688.0,5688.0,0.0
2023,KOTA BANDUNG,2,5688.0,18,5688.0,5688.0,0.0
2023,KOTA BANDUNG,2,5688.0,18,5688.0,5688.0,0.0
2023,KOTA BANDUNG,2,5688.0,18,5688.0,5688.0,0.0
2023,KOTA BANDUNG,2,5688.0,18,5688.0,5688.0,0.0
2023,KOTA BANDUNG,2,5688.0,18,5688.0,5688.0,0.0
2023,KOTA BANDUNG,2,5688.0,18,5688.0,5688.0,0.0
2024,KOTA BANDUNG,2,5918.0,18,5688.0,5688.0,0.0
2024,KOTA BANDUNG,2,5918.0,18,5918.0,5688.0,0.04043600562587905
2024,KOTA BANDUNG,2,5918.0,18,5918.0,5918.0,0.0
2024,KOTA BANDUNG,2,5918.0,18,5918.0,5918.0,0.0
2025,KOTA BANDUNG,2,6051.0,18,5918.0,5918.0,0.0
2016,KOTA BANDUNG,3,0.0,18,0.0,0.0,0.0
2017,KOTA BANDUNG,3,0.0,18,0.0,0.0,0.0
2018,KOTA BANDUNG,3,73569.0,18,0.0,0.0,0.0
2019,KOTA BANDUNG,3,73068.0,18,73569.0,0.0,0.0
2020,KOTA BANDUNG,3,66448.0,18,73068.0,73569.0,-0.006809933531786486
2021,KOTA BANDUNG,3,66345.0,18,66448.0,73068.0,-0.09060053648656047
2021,KOTA BANDUNG,3,66345.0,18,66345.0,66448.0,-0.0015500842764266795
2021,KOTA BANDUNG,3,66345.0,18,66345.0,66345.0,0.0
2021,KOTA BANDUNG,3,66345.0,18,66345.0,66345.0,0.0
2021,KOTA BANDUNG,3,66345.0,18,66345.0,66345.0,0.0
2021,KOTA BANDUNG,3,66345.0,18,66345.0,66345.0,0.0
2021,KOTA BANDUNG,3,66345.0,18,66345.0,66345.0,0.0
2021,KOTA BANDUNG,3,66345.0,18,66345.0,66345.0,0.0
2021,KOTA BANDUNG,3,66345.0,18,66345.0,66345.0,0.0
2022,KOTA BANDUNG,3,65987.0,18,66345.0,66345.0,0.0
2022,KOTA BANDUNG,3,65987.0,18,65987.0,66345.0,-0.005396035873087648
2022,KOTA BANDUNG,3,65987.0,18,65987.0,65987.0,0.0
2022,KOTA BANDUNG,3,65987.0,18,65987.0,65987.0,0.0
2022,KOTA BANDUNG,3,65987.0,18,65987.0,65987.0,0.0
2022,KOTA BANDUNG,3,65987.0,18,65987.0,65987.0,0.0
2022,KOTA BANDUNG,3,65987.0,18,65987.0,65987.0,0.0
2022,KOTA BANDUNG,3,65987.0,18,65987.0,65987.0,0.0
2022,KOTA BANDUNG,3,65987.0,18,65987.0,65987.0,0.0
2022,KOTA BANDUNG,3,65987.0,18,65987.0,65987.0,0.0
2023,KOTA BANDUNG,3,65742.0,18,65987.0,65987.0,0.0
2023,KOTA BANDUNG,3,65742.0,18,65742.0,65987.0,-0.0037128525315592467
2023,KOTA BANDUNG,3,65742.0,18,65742.0,65742.0,0.0
2023,KOTA BANDUNG,3,65742.0,18,65742.0,65742.0,0.0
2023,KOTA BANDUNG,3,65742.0,18,65742.0,65742.0,0.0
2023,KOTA BANDUNG,3,65742.0,18,65742.0,65742.0,0.0
2023,KOTA BANDUNG,3,65742.0,18,65742.0,65742.0,0.0
2023,KOTA BANDUNG,3,65742.0,18,65742.0,65742.0,0.0
2023,KOTA BANDUNG,3,65742.0,18,65742.0,65742.0,0.0
2023,KOTA BANDUNG,3,65742.0,18,65742.0,65742.0,0.0
2023,KOTA BANDUNG,3,65742.0,18,65742.0,65742.0,0.0
2023,KOTA BANDUNG,3,65742.0,18,65742.0,65742.0,0.0
2024,KOTA BANDUNG,3,64138.0,18,65742.0,65742.0,0.0
2024,KOTA BANDUNG,3,64138.0,18,64138.0,65742.0,-0.02439840588969
2024,KOTA BANDUNG,3,64138.0,18,64138.0,64138.0,0.0
2024,KOTA BANDUNG,3,64138.0,18,64138.0,64138.0,0.0
2025,KOTA BANDUNG,3,63745.0,18,64138.0,64138.0,0.0
2016,KOTA BANJAR,0,0.0,19,0.0,0.0,0.0
2017,KOTA BANJAR,0,0.0,19,0.0,0.0,0.0
2018,KOTA BANJAR,0,4766.0,19,0.0,0.0,0.0
2019,KOTA BANJAR,0,5155.0,19,4766.0,0.0,0.0
2020,KOTA BANJAR,0,5236.0,19,5155.0,4766.0,0.08161980696600923
2021,KOTA BANJAR,0,5606.0,19,5236.0,5155.0,0.01571290009699321
2021,KOTA BANJAR,0,5606.0,19,5606.0,5236.0,0.0706646294881589
2021,KOTA BANJAR,0,5606.0,19,5606.0,5606.0,0.0
2021,KOTA BANJAR,0,5606.0,19,5606.0,5606.0,0.0
2021,KOTA BANJAR,0,5606.0,19,5606.0,5606.0,0.0
2021,KOTA BANJAR,0,5606.0,19,5606.0,5606.0,0.0
2021,KOTA BANJAR,0,5606.0,19,5606.0,5606.0,0.0
2021,KOTA BANJAR,0,5606.0,19,5606.0,5606.0,0.0
2021,KOTA BANJAR,0,5606.0,19,5606.0,5606.0,0.0
2021,KOTA BANJAR,0,5606.0,19,5606.0,5606.0,0.0
2022,KOTA BANJAR,0,5953.0,19,5606.0,5606.0,0.0
2022,KOTA BANJAR,0,5953.0,19,5953.0,5606.0,0.06189796646450232
2022,KOTA BANJAR,0,5953.0,19,5953.0,5953.0,0.0
2022,KOTA BANJAR,0,5953.0,19,5953.0,5953.0,0.0
2022,KOTA BANJAR,0,5953.0,19,5953.0,5953.0,0.0
2022,KOTA BANJAR,0,5953.0,19,5953.0,5953.0,0.0
2022,KOTA BANJAR,0,5953.0,19,5953.0,5953.0,0.0
2022,KOTA BANJAR,0,5953.0,19,5953.0,5953.0,0.0
2022,KOTA BANJAR,0,5953.0,19,5953.0,5953.0,0.0
2022,KOTA BANJAR,0,5953.0,19,5953.0,5953.0,0.0
2022,KOTA BANJAR,0,5953.0,19,5953.0,5953.0,0.0
2022,KOTA BANJAR,0,5953.0,19,5953.0,5953.0,0.0
2023,KOTA BANJAR,0,6218.0,19,5953.0,5953.0,0.0
2023,KOTA BANJAR,0,6218.0,19,6218.0,5953.0,0.044515370401478245
2023,KOTA BANJAR,0,6218.0,19,6218.0,6218.0,0.0
2023,KOTA BANJAR,0,6218.0,19,6218.0,6218.0,0.0
2023,KOTA BANJAR,0,6218.0,19,6218.0,6218.0,0.0
2023,KOTA BANJAR,0,6218.0,19,6218.0,6218.0,0.0
2024,KOTA BANJAR,0,6288.0,19,6218.0,6218.0,0.0
2024,KOTA BANJAR,0,6288.0,19,6288.0,6218.0,0.011257639112254744
2024,KOTA BANJAR,0,6288.0,19,6288.0,6288.0,0.0
2024,KOTA BANJAR,0,6288.0,19,6288.0,6288.0,0.0
2024,KOTA BANJAR,0,6288.0,19,6288.0,6288.0,0.0
2024,KOTA BANJAR,0,6288.0,19,6288.0,6288.0,0.0
2024,KOTA BANJAR,0,6288.0,19,6288.0,6288.0,0.0
2024,KOTA BANJAR,0,6288.0,19,6288.0,6288.0,0.0
2024,KOTA BANJAR,0,6288.0,19,6288.0,6288.0,0.0
2024,KOTA BANJAR,0,6288.0,19,6288.0,6288.0,0.0
2025,KOTA BANJAR,0,6316.0,19,6288.0,6288.0,0.0
2016,KOTA BANJAR,1,0.0,19,0.0,0.0,0.0
2017,KOTA BANJAR,1,0.0,19,0.0,0.0,0.0
2018,KOTA BANJAR,1,62997.0,19,0.0,0.0,0.0
2019,KOTA BANJAR,1,63446.0,19,62997.0,0.0,0.0
2020,KOTA BANJAR,1,59464.0,19,63446.0,62997.0,0.007127323523342381
2021,KOTA BANJAR,1,58677.0,19,59464.0,63446.0,-0.06276203385556221
2021,KOTA BANJAR,1,58677.0,19,58677.0,59464.0,-0.013234898425938384
2021,KOTA BANJAR,1,58677.0,19,58677.0,58677.0,0.0
2021,KOTA BANJAR,1,58677.0,19,58677.0,58677.0,0.0
2021,KOTA BANJAR,1,58677.0,19,58677.0,58677.0,0.0
2021,KOTA BANJAR,1,58677.0,19,58677.0,58677.0,0.0
2021,KOTA BANJAR,1,58677.0,19,58677.0,58677.0,0.0
2021,KOTA BANJAR,1,58677.0,19,58677.0,58677.0,0.0
2021,KOTA BANJAR,1,58677.0,19,58677.0,58677.0,0.0
2021,KOTA BANJAR,1,58677.0,19,58677.0,58677.0,0.0
2022,KOTA BANJAR,1,59135.0,19,58677.0,58677.0,0.0
2022,KOTA BANJAR,1,59135.0,19,59135.0,58677.0,0.007805443359408286
2022,KOTA BANJAR,1,59135.0,19,59135.0,59135.0,0.0
2022,KOTA BANJAR,1,59135.0,19,59135.0,59135.0,0.0
2022,KOTA BANJAR,1,59135.0,19,59135.0,59135.0,0.0
2022,KOTA BANJAR,1,59135.0,19,59135.0,59135.0,0.0
2022,KOTA BANJAR,1,59135.0,19,59135.0,59135.0,0.0
2022,KOTA BANJAR,1,59135.0,19,59135.0,59135.0,0.0
2022,KOTA BANJAR,1,59135.0,19,59135.0,59135.0,0.0
2022,KOTA BANJAR,1,59135.0,19,59135.0,59135.0,0.0
2022,KOTA BANJAR,1,59135.0,19,59135.0,59135.0,0.0
2022,KOTA BANJAR,1,59135.0,19,59135.0,59135.0,0.0
2023,KOTA BANJAR,1,59228.0,19,59135.0,59135.0,0.0
2023,KOTA BANJAR,1,59228.0,19,59228.0,59135.0,0.0015726726980637524
2023,KOTA BANJAR,1,59228.0,19,59228.0,59228.0,0.0
2023,KOTA BANJAR,1,59228.0,19,59228.0,59228.0,0.0
2023,KOTA BANJAR,1,59228.0,19,59228.0,59228.0,0.0
2023,KOTA BANJAR,1,59228.0,19,59228.0,59228.0,0.0
2024,KOTA BANJAR,1,58452.0,19,59228.0,59228.0,0.0
2024,KOTA BANJAR,1,58452.0,19,58452.0,59228.0,-0.013101911258188695
2024,KOTA BANJAR,1,58452.0,19,58452.0,58452.0,0.0
2024,KOTA BANJAR,1,58452.0,19,58452.0,58452.0,0.0
2024,KOTA BANJAR,1,58452.0,19,58452.0,58452.0,0.0
2024,KOTA BANJAR,1,58452.0,19,58452.0,58452.0,0.0
2024,KOTA BANJAR,1,58452.0,19,58452.0,58452.0,0.0
2024,KOTA BANJAR,1,58452.0,19,58452.0,58452.0,0.0
2024,KOTA BANJAR,1,58452.0,19,58452.0,58452.0,0.0
2024,KOTA BANJAR,1,58452.0,19,58452.0,58452.0,0.0
2025,KOTA BANJAR,1,57056.0,19,58452.0,58452.0,0.0
2016,KOTA BANJAR,2,0.0,19,0.0,0.0,0.0
2017,KOTA BANJAR,2,0.0,19,0.0,0.0,0.0
2018,KOTA BANJAR,2,50.0,19,0.0,0.0,0.0
2019,KOTA BANJAR,2,51.0,19,50.0,0.0,0.0
2020,KOTA BANJAR,2,51.0,19,51.0,50.0,0.02
2021,KOTA BANJAR,2,48.0,19,51.0,51.0,0.0
2021,KOTA BANJAR,2,48.0,19,48.0,51.0,-0.058823529411764705
2021,KOTA BANJAR,2,48.0,19,48.0,48.0,0.0
2021,KOTA BANJAR,2,48.0,19,48.0,48.0,0.0
2021,KOTA BANJAR,2,48.0,19,48.0,48.0,0.0
2021,KOTA BANJAR,2,48.0,19,48.0,48.0,0.0
2021,KOTA BANJAR,2,48.0,19,48.0,48.0,0.0
2021,KOTA BANJAR,2,48.0,19,48.0,48.0,0.0
2021,KOTA BANJAR,2,48.0,19,48.0,48.0,0.0
2021,KOTA BANJAR,2,48.0,19,48.0,48.0,0.0
2022,KOTA BANJAR,2,58.0,19,48.0,48.0,0.0
2022,KOTA BANJAR,2,58.0,19,58.0,48.0,0.20833333333333334
2022,KOTA BANJAR,2,58.0,19,58.0,58.0,0.0
2022,KOTA BANJAR,2,58.0,19,58.0,58.0,0.0
2022,KOTA BANJAR,2,58.0,19,58.0,58.0,0.0
2022,KOTA BANJAR,2,58.0,19,58.0,58.0,0.0
2022,KOTA BANJAR,2,58.0,19,58.0,58.0,0.0
2022,KOTA BANJAR,2,58.0,19,58.0,58.0,0.0
2022,KOTA BANJAR,2,58.0,19,58.0,58.0,0.0
2022,KOTA BANJAR,2,58.0,19,58.0,58.0,0.0
2022,KOTA BANJAR,2,58.0,19,58.0,58.0,0.0
2022,KOTA BANJAR,2,58.0,19,58.0,58.0,0.0
2023,KOTA BANJAR,2,64.0,19,58.0,58.0,0.0
2023,KOTA BANJAR,2,64.0,19,64.0,58.0,0.10344827586206896
2023,KOTA BANJAR,2,64.0,19,64.0,64.0,0.0
2023,KOTA BANJAR,2,64.0,19,64.0,64.0,0.0
2023,KOTA BANJAR,2,64.0,19,64.0,64.0,0.0
2023,KOTA BANJAR,2,64.0,19,64.0,64.0,0.0
2024,KOTA BANJAR,2,61.0,19,64.0,64.0,0.0
2024,KOTA BANJAR,2,61.0,19,61.0,64.0,-0.046875
2024,KOTA BANJAR,2,61.0,19,61.0,61.0,0.0
2024,KOTA BANJAR,2,61.0,19,61.0,61.0,0.0
2024,KOTA BANJAR,2,61.0,19,61.0,61.0,0.0
2024,KOTA BANJAR,2,61.0,19,61.0,61.0,0.0
2024,KOTA BANJAR,2,61.0,19,61.0,61.0,0.0
2024,KOTA BANJAR,2,61.0,19,61.0,61.0,0.0
2024,KOTA BANJAR,2,61.0,19,61.0,61.0,0.0
2024,KOTA BANJAR,2,61.0,19,61.0,61.0,0.0
2025,KOTA BANJAR,2,59.0,19,61.0,61.0,0.0
2016,KOTA BANJAR,3,0.0,19,0.0,0.0,0.0
2017,KOTA BANJAR,3,0.0,19,0.0,0.0,0.0
2018,KOTA BANJAR,3,2571.0,19,0.0,0.0,0.0
2019,KOTA BANJAR,3,2573.0,19,2571.0,0.0,0.0
2020,KOTA BANJAR,3,2377.0,19,2573.0,2571.0,0.0007779074290159471
2021,KOTA BANJAR,3,2429.0,19,2377.0,2573.0,-0.07617567042363001
2021,KOTA BANJAR,3,2429.0,19,2429.0,2377.0,0.02187631468237274
2021,KOTA BANJAR,3,2429.0,19,2429.0,2429.0,0.0
2021,KOTA BANJAR,3,2429.0,19,2429.0,2429.0,0.0
2021,KOTA BANJAR,3,2429.0,19,2429.0,2429.0,0.0
2021,KOTA BANJAR,3,2429.0,19,2429.0,2429.0,0.0
2021,KOTA BANJAR,3,2429.0,19,2429.0,2429.0,0.0
2021,KOTA BANJAR,3,2429.0,19,2429.0,2429.0,0.0
2021,KOTA BANJAR,3,2429.0,19,2429.0,2429.0,0.0
2021,KOTA BANJAR,3,2429.0,19,2429.0,2429.0,0.0
2022,KOTA BANJAR,3,2501.0,19,2429.0,2429.0,0.0
2022,KOTA BANJAR,3,2501.0,19,2501.0,2429.0,0.029641827912721283
2022,KOTA BANJAR,3,2501.0,19,2501.0,2501.0,0.0
2022,KOTA BANJAR,3,2501.0,19,2501.0,2501.0,0.0
2022,KOTA BANJAR,3,2501.0,19,2501.0,2501.0,0.0
2022,KOTA BANJAR,3,2501.0,19,2501.0,2501.0,0.0
2022,KOTA BANJAR,3,2501.0,19,2501.0,2501.0,0.0
2022,KOTA BANJAR,3,2501.0,19,2501.0,2501.0,0.0
2022,KOTA BANJAR,3,2501.0,19,2501.0,2501.0,0.0
2022,KOTA BANJAR,3,2501.0,19,2501.0,2501.0,0.0
2022,KOTA BANJAR,3,2501.0,19,2501.0,2501.0,0.0
2022,KOTA BANJAR,3,2501.0,19,2501.0,2501.0,0.0
2023,KOTA BANJAR,3,2486.0,19,2501.0,2501.0,0.0
2023,KOTA BANJAR,3,2486.0,19,2486.0,2501.0,-0.0059976009596161535
2023,KOTA BANJAR,3,2486.0,19,2486.0,2486.0,0.0
2023,KOTA BANJAR,3,2486.0,19,2486.0,2486.0,0.0
2023,KOTA BANJAR,3,2486.0,19,2486.0,2486.0,0.0
2023,KOTA BANJAR,3,2486.0,19,2486.0,2486.0,0.0
2024,KOTA BANJAR,3,2428.0,19,2486.0,2486.0,0.0
2024,KOTA BANJAR,3,2428.0,19,2428.0,2486.0,-0.02333065164923572
2024,KOTA BANJAR,3,2428.0,19,2428.0,2428.0,0.0
2024,KOTA BANJAR,3,2428.0,19,2428.0,2428.0,0.0
2024,KOTA BANJAR,3,2428.0,19,2428.0,2428.0,0.0
2024,KOTA BANJAR,3,2428.0,19,2428.0,2428.0,0.0
2024,KOTA BANJAR,3,2428.0,19,2428.0,2428.0,0.0
2024,KOTA BANJAR,3,2428.0,19,2428.0,2428.0,0.0
2024,KOTA BANJAR,3,2428.0,19,2428.0,2428.0,0.0
2024,KOTA BANJAR,3,2428.0,19,2428.0,2428.0,0.0
2025,KOTA BANJAR,3,2388.0,19,2428.0,2428.0,0.0
2016,KOTA BEKASI,0,0.0,20,0.0,0.0,0.0
2017,KOTA BEKASI,0,0.0,20,0.0,0.0,0.0
2018,KOTA BEKASI,0,307235.0,20,0.0,0.0,0.0
2019,KOTA BEKASI,0,310635.0,20,307235.0,0.0,0.0
2020,KOTA BEKASI,0,295283.0,20,310635.0,307235.0,0.011066447507608183
2021,KOTA BEKASI,0,296114.0,20,295283.0,310635.0,-0.049421346596487836
2021,KOTA BEKASI,0,296114.0,20,296114.0,295283.0,0.0028142493811021967
2021,KOTA BEKASI,0,296114.0,20,296114.0,296114.0,0.0
2021,KOTA BEKASI,0,296114.0,20,296114.0,296114.0,0.0
2021,KOTA BEKASI,0,296114.0,20,296114.0,296114.0,0.0
2021,KOTA BEKASI,0,296114.0,20,296114.0,296114.0,0.0
2021,KOTA BEKASI,0,296114.0,20,296114.0,296114.0,0.0
2021,KOTA BEKASI,0,296114.0,20,296114.0,296114.0,0.0
2021,KOTA BEKASI,0,296114.0,20,296114.0,296114.0,0.0
2021,KOTA BEKASI,0,296114.0,20,296114.0,296114.0,0.0
2021,KOTA BEKASI,0,296114.0,20,296114.0,296114.0,0.0
2021,KOTA BEKASI,0,296114.0,20,296114.0,296114.0,0.0
2022,KOTA BEKASI,0,64859.0,20,296114.0,296114.0,0.0
2022,KOTA BEKASI,0,64859.0,20,64859.0,296114.0,-0.7809661144018858
2022,KOTA BEKASI,0,64859.0,20,64859.0,64859.0,0.0
2022,KOTA BEKASI,0,64859.0,20,64859.0,64859.0,0.0
2022,KOTA BEKASI,0,64859.0,20,64859.0,64859.0,0.0
2022,KOTA BEKASI,0,64859.0,20,64859.0,64859.0,0.0
2022,KOTA BEKASI,0,64859.0,20,64859.0,64859.0,0.0
2022,KOTA BEKASI,0,64859.0,20,64859.0,64859.0,0.0
2022,KOTA BEKASI,0,64859.0,20,64859.0,64859.0,0.0
2023,KOTA BEKASI,0,307271.0,20,64859.0,64859.0,0.0
2023,KOTA BEKASI,0,307271.0,20,307271.0,64859.0,3.7375229343653156
2023,KOTA BEKASI,0,307271.0,20,307271.0,307271.0,0.0
2023,KOTA BEKASI,0,307271.0,20,307271.0,307271.0,0.0
2023,KOTA BEKASI,0,307271.0,20,307271.0,307271.0,0.0
2023,KOTA BEKASI,0,307271.0,20,307271.0,307271.0,0.0
2023,KOTA BEKASI,0,307271.0,20,307271.0,307271.0,0.0
2024,KOTA BEKASI,0,311207.0,20,307271.0,307271.0,0.0
2024,KOTA BEKASI,0,311207.0,20,311207.0,307271.0,0.012809539461908218
2024,KOTA BEKASI,0,311207.0,20,311207.0,311207.0,0.0
2024,KOTA BEKASI,0,311207.0,20,311207.0,311207.0,0.0
2024,KOTA BEKASI,0,311207.0,20,311207.0,311207.0,0.0
2024,KOTA BEKASI,0,311207.0,20,311207.0,311207.0,0.0
2024,KOTA BEKASI,0,311207.0,20,311207.0,311207.0,0.0
2024,KOTA BEKASI,0,311207.0,20,311207.0,311207.0,0.0
2024,KOTA BEKASI,0,311207.0,20,311207.0,311207.0,0.0
2024,KOTA BEKASI,0,311207.0,20,311207.0,311207.0,0.0
2025,KOTA BEKASI,0,320873.0,20,311207.0,311207.0,0.0
2016,KOTA BEKASI,1,0.0,20,0.0,0.0,0.0
2017,KOTA BEKASI,1,0.0,20,0.0,0.0,0.0
2018,KOTA BEKASI,1,1250955.0,20,0.0,0.0,0.0
2019,KOTA BEKASI,1,1251694.0,20,1250955.0,0.0,0.0
2020,KOTA BEKASI,1,1186853.0,20,1251694.0,1250955.0,0.0005907486680176346
2021,KOTA BEKASI,1,1160088.0,20,1186853.0,1251694.0,-0.05180259712038246
2021,KOTA BEKASI,1,1160088.0,20,1160088.0,1186853.0,-0.0225512342303554
2021,KOTA BEKASI,1,1160088.0,20,1160088.0,1160088.0,0.0
2021,KOTA BEKASI,1,1160088.0,20,1160088.0,1160088.0,0.0
2021,KOTA BEKASI,1,1160088.0,20,1160088.0,1160088.0,0.0
2021,KOTA BEKASI,1,1160088.0,20,1160088.0,1160088.0,0.0
2021,KOTA BEKASI,1,1160088.0,20,1160088.0,1160088.0,0.0
2021,KOTA BEKASI,1,1160088.0,20,1160088.0,1160088.0,0.0
2021,KOTA BEKASI,1,1160088.0,20,1160088.0,1160088.0,0.0
2021,KOTA BEKASI,1,1160088.0,20,1160088.0,1160088.0,0.0
2021,KOTA BEKASI,1,1160088.0,20,1160088.0,1160088.0,0.0
2021,KOTA BEKASI,1,1160088.0,20,1160088.0,1160088.0,0.0
2022,KOTA BEKASI,1,306566.0,20,1160088.0,1160088.0,0.0
2022,KOTA BEKASI,1,306566.0,20,306566.0,1160088.0,-0.7357390129024695
2022,KOTA BEKASI,1,306566.0,20,306566.0,306566.0,0.0
2022,KOTA BEKASI,1,306566.0,20,306566.0,306566.0,0.0
2022,KOTA BEKASI,1,306566.0,20,306566.0,306566.0,0.0
2022,KOTA BEKASI,1,306566.0,20,306566.0,306566.0,0.0
2022,KOTA BEKASI,1,306566.0,20,306566.0,306566.0,0.0
2022,KOTA BEKASI,1,306566.0,20,306566.0,306566.0,0.0
2022,KOTA BEKASI,1,306566.0,20,306566.0,306566.0,0.0
2023,KOTA BEKASI,1,1154277.0,20,306566.0,306566.0,0.0
2023,KOTA BEKASI,1,1154277.0,20,1154277.0,306566.0,2.7651827012780283
2023,KOTA BEKASI,1,1154277.0,20,1154277.0,1154277.0,0.0
2023,KOTA BEKASI,1,1154277.0,20,1154277.0,1154277.0,0.0
2023,KOTA BEKASI,1,1154277.0,20,1154277.0,1154277.0,0.0
2023,KOTA BEKASI,1,1154277.0,20,1154277.0,1154277.0,0.0
2023,KOTA BEKASI,1,1154277.0,20,1154277.0,1154277.0,0.0
2024,KOTA BEKASI,1,1145967.0,20,1154277.0,1154277.0,0.0
2024,KOTA BEKASI,1,1145967.0,20,1145967.0,1154277.0,-0.007199311776982475
2024,KOTA BEKASI,1,1145967.0,20,1145967.0,1145967.0,0.0
2024,KOTA BEKASI,1,1145967.0,20,1145967.0,1145967.0,0.0
2024,KOTA BEKASI,1,1145967.0,20,1145967.0,1145967.0,0.0
2024,KOTA BEKASI,1,1145967.0,20,1145967.0,1145967.0,0.0
2024,KOTA BEKASI,1,1145967.0,20,1145967.0,1145967.0,0.0
2024,KOTA BEKASI,1,1145967.0,20,1145967.0,1145967.0,0.0
2024,KOTA BEKASI,1,1145967.0,20,1145967.0,1145967.0,0.0
2024,KOTA BEKASI,1,1145967.0,20,1145967.0,1145967.0,0.0
2025,KOTA BEKASI,1,1153053.0,20,1145967.0,1145967.0,0.0
2016,KOTA BEKASI,2,0.0,20,0.0,0.0,0.0
2017,KOTA BEKASI,2,0.0,20,0.0,0.0,0.0
2018,KOTA BEKASI,2,2870.0,20,0.0,0.0,0.0
2019,KOTA BEKASI,2,2765.0,20,2870.0,0.0,0.0
2020,KOTA BEKASI,2,2611.0,20,2765.0,2870.0,-0.036585365853658534
2021,KOTA BEKASI,2,2494.0,20,2611.0,2765.0,-0.05569620253164557
2021,KOTA BEKASI,2,2494.0,20,2494.0,2611.0,-0.04481041746457296
2021,KOTA BEKASI,2,2494.0,20,2494.0,2494.0,0.0
2021,KOTA BEKASI,2,2494.0,20,2494.0,2494.0,0.0
2021,KOTA BEKASI,2,2494.0,20,2494.0,2494.0,0.0
2021,KOTA BEKASI,2,2494.0,20,2494.0,2494.0,0.0
2021,KOTA BEKASI,2,2494.0,20,2494.0,2494.0,0.0
2021,KOTA BEKASI,2,2494.0,20,2494.0,2494.0,0.0
2021,KOTA BEKASI,2,2494.0,20,2494.0,2494.0,0.0
2021,KOTA BEKASI,2,2494.0,20,2494.0,2494.0,0.0
2021,KOTA BEKASI,2,2494.0,20,2494.0,2494.0,0.0
2021,KOTA BEKASI,2,2494.0,20,2494.0,2494.0,0.0
2022,KOTA BEKASI,2,305.0,20,2494.0,2494.0,0.0
2022,KOTA BEKASI,2,305.0,20,305.0,2494.0,-0.8777064955894146
2022,KOTA BEKASI,2,305.0,20,305.0,305.0,0.0
2022,KOTA BEKASI,2,305.0,20,305.0,305.0,0.0
2022,KOTA BEKASI,2,305.0,20,305.0,305.0,0.0
2022,KOTA BEKASI,2,305.0,20,305.0,305.0,0.0
2022,KOTA BEKASI,2,305.0,20,305.0,305.0,0.0
2022,KOTA BEKASI,2,305.0,20,305.0,305.0,0.0
2022,KOTA BEKASI,2,305.0,20,305.0,305.0,0.0
2023,KOTA BEKASI,2,2458.0,20,305.0,305.0,0.0
2023,KOTA BEKASI,2,2458.0,20,2458.0,305.0,7.059016393442623
2023,KOTA BEKASI,2,2458.0,20,2458.0,2458.0,0.0
2023,KOTA BEKASI,2,2458.0,20,2458.0,2458.0,0.0
2023,KOTA BEKASI,2,2458.0,20,2458.0,2458.0,0.0
2023,KOTA BEKASI,2,2458.0,20,2458.0,2458.0,0.0
2023,KOTA BEKASI,2,2458.0,20,2458.0,2458.0,0.0
2024,KOTA BEKASI,2,2606.0,20,2458.0,2458.0,0.0
2024,KOTA BEKASI,2,2606.0,20,2606.0,2458.0,0.060211554109031735
2024,KOTA BEKASI,2,2606.0,20,2606.0,2606.0,0.0
2024,KOTA BEKASI,2,2606.0,20,2606.0,2606.0,0.0
2024,KOTA BEKASI,2,2606.0,20,2606.0,2606.0,0.0
2024,KOTA BEKASI,2,2606.0,20,2606.0,2606.0,0.0
2024,KOTA BEKASI,2,2606.0,20,2606.0,2606.0,0.0
2024,KOTA BEKASI,2,2606.0,20,2606.0,2606.0,0.0
2024,KOTA BEKASI,2,2606.0,20,2606.0,2606.0,0.0
2024,KOTA BEKASI,2,2606.0,20,2606.0,2606.0,0.0
2025,KOTA BEKASI,2,2724.0,20,2606.0,2606.0,0.0
2016,KOTA BEKASI,3,0.0,20,0.0,0.0,0.0
2017,KOTA BEKASI,3,0.0,20,0.0,0.0,0.0
2018,KOTA BEKASI,3,48377.0,20,0.0,0.0,0.0
2019,KOTA BEKASI,3,49867.0,20,48377.0,0.0,0.0
2020,KOTA BEKASI,3,49129.0,20,49867.0,48377.0,0.03079976021663187
2021,KOTA BEKASI,3,49917.0,20,49129.0,49867.0,-0.014799366314396293
2021,KOTA BEKASI,3,49917.0,20,49917.0,49129.0,0.01603940646054265
2021,KOTA BEKASI,3,49917.0,20,49917.0,49917.0,0.0
2021,KOTA BEKASI,3,49917.0,20,49917.0,49917.0,0.0
2021,KOTA BEKASI,3,49917.0,20,49917.0,49917.0,0.0
2021,KOTA BEKASI,3,49917.0,20,49917.0,49917.0,0.0
2021,KOTA BEKASI,3,49917.0,20,49917.0,49917.0,0.0
2021,KOTA BEKASI,3,49917.0,20,49917.0,49917.0,0.0
2021,KOTA BEKASI,3,49917.0,20,49917.0,49917.0,0.0
2021,KOTA BEKASI,3,49917.0,20,49917.0,49917.0,0.0
2021,KOTA BEKASI,3,49917.0,20,49917.0,49917.0,0.0
2021,KOTA BEKASI,3,49917.0,20,49917.0,49917.0,0.0
2022,KOTA BEKASI,3,6877.0,20,49917.0,49917.0,0.0
2022,KOTA BEKASI,3,6877.0,20,6877.0,49917.0,-0.8622313039645813
2022,KOTA BEKASI,3,6877.0,20,6877.0,6877.0,0.0
2022,KOTA BEKASI,3,6877.0,20,6877.0,6877.0,0.0
2022,KOTA BEKASI,3,6877.0,20,6877.0,6877.0,0.0
2022,KOTA BEKASI,3,6877.0,20,6877.0,6877.0,0.0
2022,KOTA BEKASI,3,6877.0,20,6877.0,6877.0,0.0
2022,KOTA BEKASI,3,6877.0,20,6877.0,6877.0,0.0
2022,KOTA BEKASI,3,6877.0,20,6877.0,6877.0,0.0
2023,KOTA BEKASI,3,53297.0,20,6877.0,6877.0,0.0
2023,KOTA BEKASI,3,53297.0,20,53297.0,6877.0,6.750036353060928
2023,KOTA BEKASI,3,53297.0,20,53297.0,53297.0,0.0
2023,KOTA BEKASI,3,53297.0,20,53297.0,53297.0,0.0
2023,KOTA BEKASI,3,53297.0,20,53297.0,53297.0,0.0
2023,KOTA BEKASI,3,53297.0,20,53297.0,53297.0,0.0
2023,KOTA BEKASI,3,53297.0,20,53297.0,53297.0,0.0
2024,KOTA BEKASI,3,54344.0,20,53297.0,53297.0,0.0
2024,KOTA BEKASI,3,54344.0,20,54344.0,53297.0,0.019644632906167327
2024,KOTA BEKASI,3,54344.0,20,54344.0,54344.0,0.0
2024,KOTA BEKASI,3,54344.0,20,54344.0,54344.0,0.0
2024,KOTA BEKASI,3,54344.0,20,54344.0,54344.0,0.0
2024,KOTA BEKASI,3,54344.0,20,54344.0,54344.0,0.0
2024,KOTA BEKASI,3,54344.0,20,54344.0,54344.0,0.0
2024,KOTA BEKASI,3,54344.0,20,54344.0,54344.0,0.0
2024,KOTA BEKASI,3,54344.0,20,54344.0,54344.0,0.0
2024,KOTA BEKASI,3,54344.0,20,54344.0,54344.0,0.0
2025,KOTA BEKASI,3,56341.0,20,54344.0,54344.0,0.0
2016,KOTA BOGOR,0,0.0,21,0.0,0.0,0.0
2017,KOTA BOGOR,0,0.0,21,0.0,0.0,0.0
2018,KOTA BOGOR,0,91835.0,21,0.0,0.0,0.0
2019,KOTA BOGOR,0,94578.0,21,91835.0,0.0,0.0
2020,KOTA BOGOR,0,88704.0,21,94578.0,91835.0,0.029868786410409975
2021,KOTA BOGOR,0,90003.0,21,88704.0,94578.0,-0.062107466852756456
2021,KOTA BOGOR,0,90003.0,21,90003.0,88704.0,0.014644209956709956
2021,KOTA BOGOR,0,90003.0,21,90003.0,90003.0,0.0
2021,KOTA BOGOR,0,90003.0,21,90003.0,90003.0,0.0
2021,KOTA BOGOR,0,90003.0,21,90003.0,90003.0,0.0
2021,KOTA BOGOR,0,90003.0,21,90003.0,90003.0,0.0
2021,KOTA BOGOR,0,90003.0,21,90003.0,90003.0,0.0
2021,KOTA BOGOR,0,90003.0,21,90003.0,90003.0,0.0
2021,KOTA BOGOR,0,90003.0,21,90003.0,90003.0,0.0
2021,KOTA BOGOR,0,90003.0,21,90003.0,90003.0,0.0
2021,KOTA BOGOR,0,90003.0,21,90003.0,90003.0,0.0
2021,KOTA BOGOR,0,90003.0,21,90003.0,90003.0,0.0
2021,KOTA BOGOR,0,90003.0,21,90003.0,90003.0,0.0
2021,KOTA BOGOR,0,90003.0,21,90003.0,90003.0,0.0
2022,KOTA BOGOR,0,93048.0,21,90003.0,90003.0,0.0
2022,KOTA BOGOR,0,93048.0,21,93048.0,90003.0,0.0338322055931469
2022,KOTA BOGOR,0,93048.0,21,93048.0,93048.0,0.0
2022,KOTA BOGOR,0,93048.0,21,93048.0,93048.0,0.0
2022,KOTA BOGOR,0,93048.0,21,93048.0,93048.0,0.0
2022,KOTA BOGOR,0,93048.0,21,93048.0,93048.0,0.0
2023,KOTA BOGOR,0,95619.0,21,93048.0,93048.0,0.0
2023,KOTA BOGOR,0,95619.0,21,95619.0,93048.0,0.027630900180551973
2023,KOTA BOGOR,0,95619.0,21,95619.0,95619.0,0.0
2023,KOTA BOGOR,0,95619.0,21,95619.0,95619.0,0.0
2023,KOTA BOGOR,0,95619.0,21,95619.0,95619.0,0.0
2023,KOTA BOGOR,0,95619.0,21,95619.0,95619.0,0.0
2024,KOTA BOGOR,0,96220.0,21,95619.0,95619.0,0.0
2024,KOTA BOGOR,0,96220.0,21,96220.0,95619.0,0.006285361695897259
2024,KOTA BOGOR,0,96220.0,21,96220.0,96220.0,0.0
2024,KOTA BOGOR,0,96220.0,21,96220.0,96220.0,0.0
2024,KOTA BOGOR,0,96220.0,21,96220.0,96220.0,0.0
2024,KOTA BOGOR,0,96220.0,21,96220.0,96220.0,0.0
2024,KOTA BOGOR,0,96220.0,21,96220.0,96220.0,0.0
2024,KOTA BOGOR,0,96220.0,21,96220.0,96220.0,0.0
2025,KOTA BOGOR,0,97652.0,21,96220.0,96220.0,0.0
2016,KOTA BOGOR,1,0.0,21,0.0,0.0,0.0
2017,KOTA BOGOR,1,0.0,21,0.0,0.0,0.0
2018,KOTA BOGOR,1,373434.0,21,0.0,0.0,0.0
2019,KOTA BOGOR,1,380391.0,21,373434.0,0.0,0.0
2020,KOTA BOGOR,1,358167.0,21,380391.0,373434.0,0.018629798036600847
2021,KOTA BOGOR,1,359716.0,21,358167.0,380391.0,-0.05842409520729986
2021,KOTA BOGOR,1,359716.0,21,359716.0,358167.0,0.004324798208656855
2021,KOTA BOGOR,1,359716.0,21,359716.0,359716.0,0.0
2021,KOTA BOGOR,1,359716.0,21,359716.0,359716.0,0.0
2021,KOTA BOGOR,1,359716.0,21,359716.0,359716.0,0.0
2021,KOTA BOGOR,1,359716.0,21,359716.0,359716.0,0.0
2021,KOTA BOGOR,1,359716.0,21,359716.0,359716.0,0.0
2021,KOTA BOGOR,1,359716.0,21,359716.0,359716.0,0.0
2021,KOTA BOGOR,1,359716.0,21,359716.0,359716.0,0.0
2021,KOTA BOGOR,1,359716.0,21,359716.0,359716.0,0.0
2021,KOTA BOGOR,1,359716.0,21,359716.0,359716.0,0.0
2021,KOTA BOGOR,1,359716.0,21,359716.0,359716.0,0.0
2021,KOTA BOGOR,1,359716.0,21,359716.0,359716.0,0.0
2021,KOTA BOGOR,1,359716.0,21,359716.0,359716.0,0.0
2022,KOTA BOGOR,1,362278.0,21,359716.0,359716.0,0.0
2022,KOTA BOGOR,1,362278.0,21,362278.0,359716.0,0.007122285358449444
2022,KOTA BOGOR,1,362278.0,21,362278.0,362278.0,0.0
2022,KOTA BOGOR,1,362278.0,21,362278.0,362278.0,0.0
2022,KOTA BOGOR,1,362278.0,21,362278.0,362278.0,0.0
2022,KOTA BOGOR,1,362278.0,21,362278.0,362278.0,0.0
2023,KOTA BOGOR,1,371715.0,21,362278.0,362278.0,0.0
2023,KOTA BOGOR,1,371715.0,21,371715.0,362278.0,0.026049056249620457
2023,KOTA BOGOR,1,371715.0,21,371715.0,371715.0,0.0
2023,KOTA BOGOR,1,371715.0,21,371715.0,371715.0,0.0
2023,KOTA BOGOR,1,371715.0,21,371715.0,371715.0,0.0
2023,KOTA BOGOR,1,371715.0,21,371715.0,371715.0,0.0
2024,KOTA BOGOR,1,372957.0,21,371715.0,371715.0,0.0
2024,KOTA BOGOR,1,372957.0,21,372957.0,371715.0,0.003341269521003995
2024,KOTA BOGOR,1,372957.0,21,372957.0,372957.0,0.0
2024,KOTA BOGOR,1,372957.0,21,372957.0,372957.0,0.0
2024,KOTA BOGOR,1,372957.0,21,372957.0,372957.0,0.0
2024,KOTA BOGOR,1,372957.0,21,372957.0,372957.0,0.0
2024,KOTA BOGOR,1,372957.0,21,372957.0,372957.0,0.0
2024,KOTA BOGOR,1,372957.0,21,372957.0,372957.0,0.0
2025,KOTA BOGOR,1,374932.0,21,372957.0,372957.0,0.0
2016,KOTA BOGOR,2,0.0,21,0.0,0.0,0.0
2017,KOTA BOGOR,2,0.0,21,0.0,0.0,0.0
2018,KOTA BOGOR,2,775.0,21,0.0,0.0,0.0
2019,KOTA BOGOR,2,752.0,21,775.0,0.0,0.0
2020,KOTA BOGOR,2,674.0,21,752.0,775.0,-0.02967741935483871
2021,KOTA BOGOR,2,690.0,21,674.0,752.0,-0.10372340425531915
2021,KOTA BOGOR,2,690.0,21,690.0,674.0,0.02373887240356083
2021,KOTA BOGOR,2,690.0,21,690.0,690.0,0.0
2021,KOTA BOGOR,2,690.0,21,690.0,690.0,0.0
2021,KOTA BOGOR,2,690.0,21,690.0,690.0,0.0
2021,KOTA BOGOR,2,690.0,21,690.0,690.0,0.0
2021,KOTA BOGOR,2,690.0,21,690.0,690.0,0.0
2021,KOTA BOGOR,2,690.0,21,690.0,690.0,0.0
2021,KOTA BOGOR,2,690.0,21,690.0,690.0,0.0
2021,KOTA BOGOR,2,690.0,21,690.0,690.0,0.0
2021,KOTA BOGOR,2,690.0,21,690.0,690.0,0.0
2021,KOTA BOGOR,2,690.0,21,690.0,690.0,0.0
2021,KOTA BOGOR,2,690.0,21,690.0,690.0,0.0
2021,KOTA BOGOR,2,690.0,21,690.0,690.0,0.0
2022,KOTA BOGOR,2,621.0,21,690.0,690.0,0.0
2022,KOTA BOGOR,2,621.0,21,621.0,690.0,-0.1
2022,KOTA BOGOR,2,621.0,21,621.0,621.0,0.0
2022,KOTA BOGOR,2,621.0,21,621.0,621.0,0.0
2022,KOTA BOGOR,2,621.0,21,621.0,621.0,0.0
2022,KOTA BOGOR,2,621.0,21,621.0,621.0,0.0
2023,KOTA BOGOR,2,630.0,21,621.0,621.0,0.0
2023,KOTA BOGOR,2,630.0,21,630.0,621.0,0.014492753623188406
2023,KOTA BOGOR,2,630.0,21,630.0,630.0,0.0
2023,KOTA BOGOR,2,630.0,21,630.0,630.0,0.0
2023,KOTA BOGOR,2,630.0,21,630.0,630.0,0.0
2023,KOTA BOGOR,2,630.0,21,630.0,630.0,0.0
2024,KOTA BOGOR,2,634.0,21,630.0,630.0,0.0
2024,KOTA BOGOR,2,634.0,21,634.0,630.0,0.006349206349206349
2024,KOTA BOGOR,2,634.0,21,634.0,634.0,0.0
2024,KOTA BOGOR,2,634.0,21,634.0,634.0,0.0
2024,KOTA BOGOR,2,634.0,21,634.0,634.0,0.0
2024,KOTA BOGOR,2,634.0,21,634.0,634.0,0.0
2024,KOTA BOGOR,2,634.0,21,634.0,634.0,0.0
2024,KOTA BOGOR,2,634.0,21,634.0,634.0,0.0
2025,KOTA BOGOR,2,628.0,21,634.0,634.0,0.0
2016,KOTA BOGOR,3,0.0,21,0.0,0.0,0.0
2017,KOTA BOGOR,3,0.0,21,0.0,0.0,0.0
2018,KOTA BOGOR,3,12835.0,21,0.0,0.0,0.0
2019,KOTA BOGOR,3,12562.0,21,12835.0,0.0,0.0
2020,KOTA BOGOR,3,11666.0,21,12562.0,12835.0,-0.021269964939618233
2021,KOTA BOGOR,3,11620.0,21,11666.0,12562.0,-0.07132622193918166
2021,KOTA BOGOR,3,11620.0,21,11620.0,11666.0,-0.003943082461854963
2021,KOTA BOGOR,3,11620.0,21,11620.0,11620.0,0.0
2021,KOTA BOGOR,3,11620.0,21,11620.0,11620.0,0.0
2021,KOTA BOGOR,3,11620.0,21,11620.0,11620.0,0.0
2021,KOTA BOGOR,3,11620.0,21,11620.0,11620.0,0.0
2021,KOTA BOGOR,3,11620.0,21,11620.0,11620.0,0.0
2021,KOTA BOGOR,3,11620.0,21,11620.0,11620.0,0.0
2021,KOTA BOGOR,3,11620.0,21,11620.0,11620.0,0.0
2021,KOTA BOGOR,3,11620.0,21,11620.0,11620.0,0.0
2021,KOTA BOGOR,3,11620.0,21,11620.0,11620.0,0.0
2021,KOTA BOGOR,3,11620.0,21,11620.0,11620.0,0.0
2021,KOTA BOGOR,3,11620.0,21,11620.0,11620.0,0.0
2021,KOTA BOGOR,3,11620.0,21,11620.0,11620.0,0.0
2022,KOTA BOGOR,3,11772.0,21,11620.0,11620.0,0.0
2022,KOTA BOGOR,3,11772.0,21,11772.0,11620.0,0.013080895008605853
2022,KOTA BOGOR,3,11772.0,21,11772.0,11772.0,0.0
2022,KOTA BOGOR,3,11772.0,21,11772.0,11772.0,0.0
2022,KOTA BOGOR,3,11772.0,21,11772.0,11772.0,0.0
2022,KOTA BOGOR,3,11772.0,21,11772.0,11772.0,0.0
2023,KOTA BOGOR,3,11852.0,21,11772.0,11772.0,0.0
2023,KOTA BOGOR,3,11852.0,21,11852.0,11772.0,0.0067957866123003734
2023,KOTA BOGOR,3,11852.0,21,11852.0,11852.0,0.0
2023,KOTA BOGOR,3,11852.0,21,11852.0,11852.0,0.0
2023,KOTA BOGOR,3,11852.0,21,11852.0,11852.0,0.0
2023,KOTA BOGOR,3,11852.0,21,11852.0,11852.0,0.0
2024,KOTA BOGOR,3,11663.0,21,11852.0,11852.0,0.0
2024,KOTA BOGOR,3,11663.0,21,11663.0,11852.0,-0.015946675666554166
2024,KOTA BOGOR,3,11663.0,21,11663.0,11663.0,0.0
2024,KOTA BOGOR,3,11663.0,21,11663.0,11663.0,0.0
2024,KOTA BOGOR,3,11663.0,21,11663.0,11663.0,0.0
2024,KOTA BOGOR,3,11663.0,21,11663.0,11663.0,0.0
2024,KOTA BOGOR,3,11663.0,21,11663.0,11663.0,0.0
2024,KOTA BOGOR,3,11663.0,21,11663.0,11663.0,0.0
2025,KOTA BOGOR,3,11690.0,21,11663.0,11663.0,0.0
2016,KOTA CIMAHI,0,0.0,22,0.0,0.0,0.0
2017,KOTA CIMAHI,0,0.0,22,0.0,0.0,0.0
2018,KOTA CIMAHI,0,47446.0,22,0.0,0.0,0.0
2019,KOTA CIMAHI,0,49134.0,22,47446.0,0.0,0.0
2020,KOTA CIMAHI,0,45916.0,22,49134.0,47446.0,0.03557728786409813
2021,KOTA CIMAHI,0,45874.0,22,45916.0,49134.0,-0.06549436235600603
2021,KOTA CIMAHI,0,45874.0,22,45874.0,45916.0,-0.0009147138252461015
2021,KOTA CIMAHI,0,45874.0,22,45874.0,45874.0,0.0
2021,KOTA CIMAHI,0,45874.0,22,45874.0,45874.0,0.0
2021,KOTA CIMAHI,0,45874.0,22,45874.0,45874.0,0.0
2021,KOTA CIMAHI,0,45874.0,22,45874.0,45874.0,0.0
2021,KOTA CIMAHI,0,45874.0,22,45874.0,45874.0,0.0
2021,KOTA CIMAHI,0,45874.0,22,45874.0,45874.0,0.0
2022,KOTA CIMAHI,0,46876.0,22,45874.0,45874.0,0.0
2022,KOTA CIMAHI,0,46876.0,22,46876.0,45874.0,0.021842437982299342
2022,KOTA CIMAHI,0,46876.0,22,46876.0,46876.0,0.0
2022,KOTA CIMAHI,0,46876.0,22,46876.0,46876.0,0.0
2022,KOTA CIMAHI,0,46876.0,22,46876.0,46876.0,0.0
2022,KOTA CIMAHI,0,46876.0,22,46876.0,46876.0,0.0
2022,KOTA CIMAHI,0,46876.0,22,46876.0,46876.0,0.0
2022,KOTA CIMAHI,0,46876.0,22,46876.0,46876.0,0.0
2022,KOTA CIMAHI,0,46876.0,22,46876.0,46876.0,0.0
2022,KOTA CIMAHI,0,46876.0,22,46876.0,46876.0,0.0
2022,KOTA CIMAHI,0,46876.0,22,46876.0,46876.0,0.0
2023,KOTA CIMAHI,0,47955.0,22,46876.0,46876.0,0.0
2023,KOTA CIMAHI,0,47955.0,22,47955.0,46876.0,0.023018175612253604
2023,KOTA CIMAHI,0,47955.0,22,47955.0,47955.0,0.0
2023,KOTA CIMAHI,0,47955.0,22,47955.0,47955.0,0.0
2023,KOTA CIMAHI,0,47955.0,22,47955.0,47955.0,0.0
2024,KOTA CIMAHI,0,47823.0,22,47955.0,47955.0,0.0
2024,KOTA CIMAHI,0,47823.0,22,47823.0,47955.0,-0.0027525805442602438
2024,KOTA CIMAHI,0,47823.0,22,47823.0,47823.0,0.0
2024,KOTA CIMAHI,0,47823.0,22,47823.0,47823.0,0.0
2024,KOTA CIMAHI,0,47823.0,22,47823.0,47823.0,0.0
2024,KOTA CIMAHI,0,47823.0,22,47823.0,47823.0,0.0
2024,KOTA CIMAHI,0,47823.0,22,47823.0,47823.0,0.0
2025,KOTA CIMAHI,0,47767.0,22,47823.0,47823.0,0.0
2016,KOTA CIMAHI,1,0.0,22,0.0,0.0,0.0
2017,KOTA CIMAHI,1,0.0,22,0.0,0.0,0.0
2018,KOTA CIMAHI,1,260741.0,22,0.0,0.0,0.0
2019,KOTA CIMAHI,1,264283.0,22,260741.0,0.0,0.0
2020,KOTA CIMAHI,1,240642.0,22,264283.0,260741.0,0.01358436149282238
2021,KOTA CIMAHI,1,238848.0,22,240642.0,264283.0,-0.08945335114252524
2021,KOTA CIMAHI,1,238848.0,22,238848.0,240642.0,-0.007455057720597402
2021,KOTA CIMAHI,1,238848.0,22,238848.0,238848.0,0.0
2021,KOTA CIMAHI,1,238848.0,22,238848.0,238848.0,0.0
2021,KOTA CIMAHI,1,238848.0,22,238848.0,238848.0,0.0
2021,KOTA CIMAHI,1,238848.0,22,238848.0,238848.0,0.0
2021,KOTA CIMAHI,1,238848.0,22,238848.0,238848.0,0.0
2021,KOTA CIMAHI,1,238848.0,22,238848.0,238848.0,0.0
2022,KOTA CIMAHI,1,239042.0,22,238848.0,238848.0,0.0
2022,KOTA CIMAHI,1,239042.0,22,239042.0,238848.0,0.0008122320471596999
2022,KOTA CIMAHI,1,239042.0,22,239042.0,239042.0,0.0
2022,KOTA CIMAHI,1,239042.0,22,239042.0,239042.0,0.0
2022,KOTA CIMAHI,1,239042.0,22,239042.0,239042.0,0.0
2022,KOTA CIMAHI,1,239042.0,22,239042.0,239042.0,0.0
2022,KOTA CIMAHI,1,239042.0,22,239042.0,239042.0,0.0
2022,KOTA CIMAHI,1,239042.0,22,239042.0,239042.0,0.0
2022,KOTA CIMAHI,1,239042.0,22,239042.0,239042.0,0.0
2022,KOTA CIMAHI,1,239042.0,22,239042.0,239042.0,0.0
2022,KOTA CIMAHI,1,239042.0,22,239042.0,239042.0,0.0
2023,KOTA CIMAHI,1,242321.0,22,239042.0,239042.0,0.0
2023,KOTA CIMAHI,1,242321.0,22,242321.0,239042.0,0.013717254708377606
2023,KOTA CIMAHI,1,242321.0,22,242321.0,242321.0,0.0
2023,KOTA CIMAHI,1,242321.0,22,242321.0,242321.0,0.0
2023,KOTA CIMAHI,1,242321.0,22,242321.0,242321.0,0.0
2024,KOTA CIMAHI,1,240895.0,22,242321.0,242321.0,0.0
2024,KOTA CIMAHI,1,240895.0,22,240895.0,242321.0,-0.005884756170534126
2024,KOTA CIMAHI,1,240895.0,22,240895.0,240895.0,0.0
2024,KOTA CIMAHI,1,240895.0,22,240895.0,240895.0,0.0
2024,KOTA CIMAHI,1,240895.0,22,240895.0,240895.0,0.0
2024,KOTA CIMAHI,1,240895.0,22,240895.0,240895.0,0.0
2024,KOTA CIMAHI,1,240895.0,22,240895.0,240895.0,0.0
2025,KOTA CIMAHI,1,238144.0,22,240895.0,240895.0,0.0
2016,KOTA CIMAHI,2,0.0,22,0.0,0.0,0.0
2017,KOTA CIMAHI,2,0.0,22,0.0,0.0,0.0
2018,KOTA CIMAHI,2,273.0,22,0.0,0.0,0.0
2019,KOTA CIMAHI,2,270.0,22,273.0,0.0,0.0
2020,KOTA CIMAHI,2,264.0,22,270.0,273.0,-0.01098901098901099
2021,KOTA CIMAHI,2,242.0,22,264.0,270.0,-0.022222222222222223
2021,KOTA CIMAHI,2,242.0,22,242.0,264.0,-0.08333333333333333
2021,KOTA CIMAHI,2,242.0,22,242.0,242.0,0.0
2021,KOTA CIMAHI,2,242.0,22,242.0,242.0,0.0
2021,KOTA CIMAHI,2,242.0,22,242.0,242.0,0.0
2021,KOTA CIMAHI,2,242.0,22,242.0,242.0,0.0
2021,KOTA CIMAHI,2,242.0,22,242.0,242.0,0.0
2021,KOTA CIMAHI,2,242.0,22,242.0,242.0,0.0
2022,KOTA CIMAHI,2,246.0,22,242.0,242.0,0.0
2022,KOTA CIMAHI,2,246.0,22,246.0,242.0,0.01652892561983471
2022,KOTA CIMAHI,2,246.0,22,246.0,246.0,0.0
2022,KOTA CIMAHI,2,246.0,22,246.0,246.0,0.0
2022,KOTA CIMAHI,2,246.0,22,246.0,246.0,0.0
2022,KOTA CIMAHI,2,246.0,22,246.0,246.0,0.0
2022,KOTA CIMAHI,2,246.0,22,246.0,246.0,0.0
2022,KOTA CIMAHI,2,246.0,22,246.0,246.0,0.0
2022,KOTA CIMAHI,2,246.0,22,246.0,246.0,0.0
2022,KOTA CIMAHI,2,246.0,22,246.0,246.0,0.0
2022,KOTA CIMAHI,2,246.0,22,246.0,246.0,0.0
2023,KOTA CIMAHI,2,242.0,22,246.0,246.0,0.0
2023,KOTA CIMAHI,2,242.0,22,242.0,246.0,-0.016260162601626018
2023,KOTA CIMAHI,2,242.0,22,242.0,242.0,0.0
2023,KOTA CIMAHI,2,242.0,22,242.0,242.0,0.0
2023,KOTA CIMAHI,2,242.0,22,242.0,242.0,0.0
2024,KOTA CIMAHI,2,243.0,22,242.0,242.0,0.0
2024,KOTA CIMAHI,2,243.0,22,243.0,242.0,0.004132231404958678
2024,KOTA CIMAHI,2,243.0,22,243.0,243.0,0.0
2024,KOTA CIMAHI,2,243.0,22,243.0,243.0,0.0
2024,KOTA CIMAHI,2,243.0,22,243.0,243.0,0.0
2024,KOTA CIMAHI,2,243.0,22,243.0,243.0,0.0
2024,KOTA CIMAHI,2,243.0,22,243.0,243.0,0.0
2025,KOTA CIMAHI,2,258.0,22,243.0,243.0,0.0
2016,KOTA CIMAHI,3,0.0,22,0.0,0.0,0.0
2017,KOTA CIMAHI,3,0.0,22,0.0,0.0,0.0
2018,KOTA CIMAHI,3,7465.0,22,0.0,0.0,0.0
2019,KOTA CIMAHI,3,7378.0,22,7465.0,0.0,0.0
2020,KOTA CIMAHI,3,6741.0,22,7378.0,7465.0,-0.011654387139986604
2021,KOTA CIMAHI,3,6603.0,22,6741.0,7378.0,-0.08633776091081594
2021,KOTA CIMAHI,3,6603.0,22,6603.0,6741.0,-0.020471740097908322
2021,KOTA CIMAHI,3,6603.0,22,6603.0,6603.0,0.0
2021,KOTA CIMAHI,3,6603.0,22,6603.0,6603.0,0.0
2021,KOTA CIMAHI,3,6603.0,22,6603.0,6603.0,0.0
2021,KOTA CIMAHI,3,6603.0,22,6603.0,6603.0,0.0
2021,KOTA CIMAHI,3,6603.0,22,6603.0,6603.0,0.0
2021,KOTA CIMAHI,3,6603.0,22,6603.0,6603.0,0.0
2022,KOTA CIMAHI,3,6616.0,22,6603.0,6603.0,0.0
2022,KOTA CIMAHI,3,6616.0,22,6616.0,6603.0,0.001968802059669847
2022,KOTA CIMAHI,3,6616.0,22,6616.0,6616.0,0.0
2022,KOTA CIMAHI,3,6616.0,22,6616.0,6616.0,0.0
2022,KOTA CIMAHI,3,6616.0,22,6616.0,6616.0,0.0
2022,KOTA CIMAHI,3,6616.0,22,6616.0,6616.0,0.0
2022,KOTA CIMAHI,3,6616.0,22,6616.0,6616.0,0.0
2022,KOTA CIMAHI,3,6616.0,22,6616.0,6616.0,0.0
2022,KOTA CIMAHI,3,6616.0,22,6616.0,6616.0,0.0
2022,KOTA CIMAHI,3,6616.0,22,6616.0,6616.0,0.0
2022,KOTA CIMAHI,3,6616.0,22,6616.0,6616.0,0.0
2023,KOTA CIMAHI,3,6641.0,22,6616.0,6616.0,0.0
2023,KOTA CIMAHI,3,6641.0,22,6641.0,6616.0,0.0037787182587666265
2023,KOTA CIMAHI,3,6641.0,22,6641.0,6641.0,0.0
2023,KOTA CIMAHI,3,6641.0,22,6641.0,6641.0,0.0
2023,KOTA CIMAHI,3,6641.0,22,6641.0,6641.0,0.0
2024,KOTA CIMAHI,3,6491.0,22,6641.0,6641.0,0.0
2024,KOTA CIMAHI,3,6491.0,22,6491.0,6641.0,-0.022586959795211563
2024,KOTA CIMAHI,3,6491.0,22,6491.0,6491.0,0.0
2024,KOTA CIMAHI,3,6491.0,22,6491.0,6491.0,0.0
2024,KOTA CIMAHI,3,6491.0,22,6491.0,6491.0,0.0
2024,KOTA CIMAHI,3,6491.0,22,6491.0,6491.0,0.0
2024,KOTA CIMAHI,3,6491.0,22,6491.0,6491.0,0.0
2025,KOTA CIMAHI,3,6433.0,22,6491.0,6491.0,0.0
2016,KOTA CIREBON,0,0.0,23,0.0,0.0,0.0
2017,KOTA CIREBON,0,0.0,23,0.0,0.0,0.0
2018,KOTA CIREBON,0,31732.0,23,0.0,0.0,0.0
2019,KOTA CIREBON,0,32513.0,23,31732.0,0.0,0.0
2020,KOTA CIREBON,0,29085.0,23,32513.0,31732.0,0.024612378671372746
2021,KOTA CIREBON,0,29501.0,23,29085.0,32513.0,-0.10543474917725218
2021,KOTA CIREBON,0,29501.0,23,29501.0,29085.0,0.014302905277634519
2021,KOTA CIREBON,0,29501.0,23,29501.0,29501.0,0.0
2021,KOTA CIREBON,0,29501.0,23,29501.0,29501.0,0.0
2021,KOTA CIREBON,0,29501.0,23,29501.0,29501.0,0.0
2022,KOTA CIREBON,0,29964.0,23,29501.0,29501.0,0.0
2022,KOTA CIREBON,0,29964.0,23,29964.0,29501.0,0.01569438324124606
2022,KOTA CIREBON,0,29964.0,23,29964.0,29964.0,0.0
2022,KOTA CIREBON,0,29964.0,23,29964.0,29964.0,0.0
2022,KOTA CIREBON,0,29964.0,23,29964.0,29964.0,0.0
2022,KOTA CIREBON,0,29964.0,23,29964.0,29964.0,0.0
2022,KOTA CIREBON,0,29964.0,23,29964.0,29964.0,0.0
2022,KOTA CIREBON,0,29964.0,23,29964.0,29964.0,0.0
2023,KOTA CIREBON,0,30460.0,23,29964.0,29964.0,0.0
2023,KOTA CIREBON,0,30460.0,23,30460.0,29964.0,0.016553197169937257
2023,KOTA CIREBON,0,30460.0,23,30460.0,30460.0,0.0
2023,KOTA CIREBON,0,30460.0,23,30460.0,30460.0,0.0
2023,KOTA CIREBON,0,30460.0,23,30460.0,30460.0,0.0
2023,KOTA CIREBON,0,30460.0,23,30460.0,30460.0,0.0
2023,KOTA CIREBON,0,30460.0,23,30460.0,30460.0,0.0
2023,KOTA CIREBON,0,30460.0,23,30460.0,30460.0,0.0
2024,KOTA CIREBON,0,30541.0,23,30460.0,30460.0,0.0
2024,KOTA CIREBON,0,30541.0,23,30541.0,30460.0,0.002659225213394616
2024,KOTA CIREBON,0,30541.0,23,30541.0,30541.0,0.0
2024,KOTA CIREBON,0,30541.0,23,30541.0,30541.0,0.0
2024,KOTA CIREBON,0,30541.0,23,30541.0,30541.0,0.0
2024,KOTA CIREBON,0,30541.0,23,30541.0,30541.0,0.0
2024,KOTA CIREBON,0,30541.0,23,30541.0,30541.0,0.0
2024,KOTA CIREBON,0,30541.0,23,30541.0,30541.0,0.0
2024,KOTA CIREBON,0,30541.0,23,30541.0,30541.0,0.0
2024,KOTA CIREBON,0,30541.0,23,30541.0,30541.0,0.0
2024,KOTA CIREBON,0,30541.0,23,30541.0,30541.0,0.0
2024,KOTA CIREBON,0,30541.0,23,30541.0,30541.0,0.0
2025,KOTA CIREBON,0,30703.0,23,30541.0,30541.0,0.0
2016,KOTA CIREBON,1,0.0,23,0.0,0.0,0.0
2017,KOTA CIREBON,1,0.0,23,0.0,0.0,0.0
2018,KOTA CIREBON,1,142467.0,23,0.0,0.0,0.0
2019,KOTA CIREBON,1,142362.0,23,142467.0,0.0,0.0
2020,KOTA CIREBON,1,130618.0,23,142362.0,142467.0,-0.0007370127819073891
2021,KOTA CIREBON,1,130628.0,23,130618.0,142362.0,-0.08249392394037734
2021,KOTA CIREBON,1,130628.0,23,130628.0,130618.0,7.65591266134836e-05
2021,KOTA CIREBON,1,130628.0,23,130628.0,130628.0,0.0
2021,KOTA CIREBON,1,130628.0,23,130628.0,130628.0,0.0
2021,KOTA CIREBON,1,130628.0,23,130628.0,130628.0,0.0
2022,KOTA CIREBON,1,130009.0,23,130628.0,130628.0,0.0
2022,KOTA CIREBON,1,130009.0,23,130009.0,130628.0,-0.004738647150687448
2022,KOTA CIREBON,1,130009.0,23,130009.0,130009.0,0.0
2022,KOTA CIREBON,1,130009.0,23,130009.0,130009.0,0.0
2022,KOTA CIREBON,1,130009.0,23,130009.0,130009.0,0.0
2022,KOTA CIREBON,1,130009.0,23,130009.0,130009.0,0.0
2022,KOTA CIREBON,1,130009.0,23,130009.0,130009.0,0.0
2022,KOTA CIREBON,1,130009.0,23,130009.0,130009.0,0.0
2023,KOTA CIREBON,1,130647.0,23,130009.0,130009.0,0.0
2023,KOTA CIREBON,1,130647.0,23,130647.0,130009.0,0.0049073525678991455
2023,KOTA CIREBON,1,130647.0,23,130647.0,130647.0,0.0
2023,KOTA CIREBON,1,130647.0,23,130647.0,130647.0,0.0
2023,KOTA CIREBON,1,130647.0,23,130647.0,130647.0,0.0
2023,KOTA CIREBON,1,130647.0,23,130647.0,130647.0,0.0
2023,KOTA CIREBON,1,130647.0,23,130647.0,130647.0,0.0
2023,KOTA CIREBON,1,130647.0,23,130647.0,130647.0,0.0
2024,KOTA CIREBON,1,130179.0,23,130647.0,130647.0,0.0
2024,KOTA CIREBON,1,130179.0,23,130179.0,130647.0,-0.0035821718064708717
2024,KOTA CIREBON,1,130179.0,23,130179.0,130179.0,0.0
2024,KOTA CIREBON,1,130179.0,23,130179.0,130179.0,0.0
2024,KOTA CIREBON,1,130179.0,23,130179.0,130179.0,0.0
2024,KOTA CIREBON,1,130179.0,23,130179.0,130179.0,0.0
2024,KOTA CIREBON,1,130179.0,23,130179.0,130179.0,0.0
2024,KOTA CIREBON,1,130179.0,23,130179.0,130179.0,0.0
2024,KOTA CIREBON,1,130179.0,23,130179.0,130179.0,0.0
2024,KOTA CIREBON,1,130179.0,23,130179.0,130179.0,0.0
2024,KOTA CIREBON,1,130179.0,23,130179.0,130179.0,0.0
2024,KOTA CIREBON,1,130179.0,23,130179.0,130179.0,0.0
2025,KOTA CIREBON,1,127693.0,23,130179.0,130179.0,0.0
2016,KOTA CIREBON,2,0.0,23,0.0,0.0,0.0
2017,KOTA CIREBON,2,0.0,23,0.0,0.0,0.0
2018,KOTA CIREBON,2,411.0,23,0.0,0.0,0.0
2019,KOTA CIREBON,2,429.0,23,411.0,0.0,0.0
2020,KOTA CIREBON,2,418.0,23,429.0,411.0,0.043795620437956206
2021,KOTA CIREBON,2,415.0,23,418.0,429.0,-0.02564102564102564
2021,KOTA CIREBON,2,415.0,23,415.0,418.0,-0.007177033492822967
2021,KOTA CIREBON,2,415.0,23,415.0,415.0,0.0
2021,KOTA CIREBON,2,415.0,23,415.0,415.0,0.0
2021,KOTA CIREBON,2,415.0,23,415.0,415.0,0.0
2022,KOTA CIREBON,2,411.0,23,415.0,415.0,0.0
2022,KOTA CIREBON,2,411.0,23,411.0,415.0,-0.00963855421686747
2022,KOTA CIREBON,2,411.0,23,411.0,411.0,0.0
2022,KOTA CIREBON,2,411.0,23,411.0,411.0,0.0
2022,KOTA CIREBON,2,411.0,23,411.0,411.0,0.0
2022,KOTA CIREBON,2,411.0,23,411.0,411.0,0.0
2022,KOTA CIREBON,2,411.0,23,411.0,411.0,0.0
2022,KOTA CIREBON,2,411.0,23,411.0,411.0,0.0
2023,KOTA CIREBON,2,418.0,23,411.0,411.0,0.0
2023,KOTA CIREBON,2,418.0,23,418.0,411.0,0.0170316301703163
2023,KOTA CIREBON,2,418.0,23,418.0,418.0,0.0
2023,KOTA CIREBON,2,418.0,23,418.0,418.0,0.0
2023,KOTA CIREBON,2,418.0,23,418.0,418.0,0.0
2023,KOTA CIREBON,2,418.0,23,418.0,418.0,0.0
2023,KOTA CIREBON,2,418.0,23,418.0,418.0,0.0
2023,KOTA CIREBON,2,418.0,23,418.0,418.0,0.0
2024,KOTA CIREBON,2,434.0,23,418.0,418.0,0.0
2024,KOTA CIREBON,2,434.0,23,434.0,418.0,0.03827751196172249
2024,KOTA CIREBON,2,434.0,23,434.0,434.0,0.0
2024,KOTA CIREBON,2,434.0,23,434.0,434.0,0.0
2024,KOTA CIREBON,2,434.0,23,434.0,434.0,0.0
2024,KOTA CIREBON,2,434.0,23,434.0,434.0,0.0
2024,KOTA CIREBON,2,434.0,23,434.0,434.0,0.0
2024,KOTA CIREBON,2,434.0,23,434.0,434.0,0.0
2024,KOTA CIREBON,2,434.0,23,434.0,434.0,0.0
2024,KOTA CIREBON,2,434.0,23,434.0,434.0,0.0
2024,KOTA CIREBON,2,434.0,23,434.0,434.0,0.0
2024,KOTA CIREBON,2,434.0,23,434.0,434.0,0.0
2025,KOTA CIREBON,2,456.0,23,434.0,434.0,0.0
2016,KOTA CIREBON,3,0.0,23,0.0,0.0,0.0
2017,KOTA CIREBON,3,0.0,23,0.0,0.0,0.0
2018,KOTA CIREBON,3,14019.0,23,0.0,0.0,0.0
2019,KOTA CIREBON,3,14127.0,23,14019.0,0.0,0.0
2020,KOTA CIREBON,3,12656.0,23,14127.0,14019.0,0.007703830515728654
2021,KOTA CIREBON,3,12540.0,23,12656.0,14127.0,-0.10412684929567495
2021,KOTA CIREBON,3,12540.0,23,12540.0,12656.0,-0.009165613147914033
2021,KOTA CIREBON,3,12540.0,23,12540.0,12540.0,0.0
2021,KOTA CIREBON,3,12540.0,23,12540.0,12540.0,0.0
2021,KOTA CIREBON,3,12540.0,23,12540.0,12540.0,0.0
2022,KOTA CIREBON,3,12426.0,23,12540.0,12540.0,0.0
2022,KOTA CIREBON,3,12426.0,23,12426.0,12540.0,-0.00909090909090909
2022,KOTA CIREBON,3,12426.0,23,12426.0,12426.0,0.0
2022,KOTA CIREBON,3,12426.0,23,12426.0,12426.0,0.0
2022,KOTA CIREBON,3,12426.0,23,12426.0,12426.0,0.0
2022,KOTA CIREBON,3,12426.0,23,12426.0,12426.0,0.0
2022,KOTA CIREBON,3,12426.0,23,12426.0,12426.0,0.0
2022,KOTA CIREBON,3,12426.0,23,12426.0,12426.0,0.0
2023,KOTA CIREBON,3,12363.0,23,12426.0,12426.0,0.0
2023,KOTA CIREBON,3,12363.0,23,12363.0,12426.0,-0.005070014485755674
2023,KOTA CIREBON,3,12363.0,23,12363.0,12363.0,0.0
2023,KOTA CIREBON,3,12363.0,23,12363.0,12363.0,0.0
2023,KOTA CIREBON,3,12363.0,23,12363.0,12363.0,0.0
2023,KOTA CIREBON,3,12363.0,23,12363.0,12363.0,0.0
2023,KOTA CIREBON,3,12363.0,23,12363.0,12363.0,0.0
2023,KOTA CIREBON,3,12363.0,23,12363.0,12363.0,0.0
2024,KOTA CIREBON,3,12076.0,23,12363.0,12363.0,0.0
2024,KOTA CIREBON,3,12076.0,23,12076.0,12363.0,-0.023214430154493246
2024,KOTA CIREBON,3,12076.0,23,12076.0,12076.0,0.0
2024,KOTA CIREBON,3,12076.0,23,12076.0,12076.0,0.0
2024,KOTA CIREBON,3,12076.0,23,12076.0,12076.0,0.0
2024,KOTA CIREBON,3,12076.0,23,12076.0,12076.0,0.0
2024,KOTA CIREBON,3,12076.0,23,12076.0,12076.0,0.0
2024,KOTA CIREBON,3,12076.0,23,12076.0,12076.0,0.0
2024,KOTA CIREBON,3,12076.0,23,12076.0,12076.0,0.0
2024,KOTA CIREBON,3,12076.0,23,12076.0,12076.0,0.0
2024,KOTA CIREBON,3,12076.0,23,12076.0,12076.0,0.0
2024,KOTA CIREBON,3,12076.0,23,12076.0,12076.0,0.0
2025,KOTA CIREBON,3,11886.0,23,12076.0,12076.0,0.0
2016,KOTA DEPOK,0,0.0,24,0.0,0.0,0.0
2017,KOTA DEPOK,0,0.0,24,0.0,0.0,0.0
2018,KOTA DEPOK,0,189503.0,24,0.0,0.0,0.0
2019,KOTA DEPOK,0,194251.0,24,189503.0,0.0,0.0
2020,KOTA DEPOK,0,184159.0,24,194251.0,189503.0,0.025055012321704668
2021,KOTA DEPOK,0,186204.0,24,184159.0,194251.0,-0.05195340049729474
2021,KOTA DEPOK,0,186204.0,24,186204.0,184159.0,0.011104534668411535
2021,KOTA DEPOK,0,186204.0,24,186204.0,186204.0,0.0
2021,KOTA DEPOK,0,186204.0,24,186204.0,186204.0,0.0
2021,KOTA DEPOK,0,186204.0,24,186204.0,186204.0,0.0
2021,KOTA DEPOK,0,186204.0,24,186204.0,186204.0,0.0
2021,KOTA DEPOK,0,186204.0,24,186204.0,186204.0,0.0
2021,KOTA DEPOK,0,186204.0,24,186204.0,186204.0,0.0
2021,KOTA DEPOK,0,186204.0,24,186204.0,186204.0,0.0
2021,KOTA DEPOK,0,186204.0,24,186204.0,186204.0,0.0
2021,KOTA DEPOK,0,186204.0,24,186204.0,186204.0,0.0
2021,KOTA DEPOK,0,186204.0,24,186204.0,186204.0,0.0
2021,KOTA DEPOK,0,186204.0,24,186204.0,186204.0,0.0
2021,KOTA DEPOK,0,186204.0,24,186204.0,186204.0,0.0
2022,KOTA DEPOK,0,127962.0,24,186204.0,186204.0,0.0
2022,KOTA DEPOK,0,127962.0,24,127962.0,186204.0,-0.3127859766707482
2022,KOTA DEPOK,0,127962.0,24,127962.0,127962.0,0.0
2022,KOTA DEPOK,0,127962.0,24,127962.0,127962.0,0.0
2022,KOTA DEPOK,0,127962.0,24,127962.0,127962.0,0.0
2022,KOTA DEPOK,0,127962.0,24,127962.0,127962.0,0.0
2022,KOTA DEPOK,0,127962.0,24,127962.0,127962.0,0.0
2022,KOTA DEPOK,0,127962.0,24,127962.0,127962.0,0.0
2022,KOTA DEPOK,0,127962.0,24,127962.0,127962.0,0.0
2022,KOTA DEPOK,0,127962.0,24,127962.0,127962.0,0.0
2022,KOTA DEPOK,0,127962.0,24,127962.0,127962.0,0.0
2022,KOTA DEPOK,0,127962.0,24,127962.0,127962.0,0.0
2022,KOTA DEPOK,0,127962.0,24,127962.0,127962.0,0.0
2023,KOTA DEPOK,0,200304.0,24,127962.0,127962.0,0.0
2023,KOTA DEPOK,0,200304.0,24,200304.0,127962.0,0.5653397102264734
2023,KOTA DEPOK,0,200304.0,24,200304.0,200304.0,0.0
2023,KOTA DEPOK,0,200304.0,24,200304.0,200304.0,0.0
2023,KOTA DEPOK,0,200304.0,24,200304.0,200304.0,0.0
2023,KOTA DEPOK,0,200304.0,24,200304.0,200304.0,0.0
2024,KOTA DEPOK,0,206405.0,24,200304.0,200304.0,0.0
2024,KOTA DEPOK,0,206405.0,24,206405.0,200304.0,0.030458702771786885
2024,KOTA DEPOK,0,206405.0,24,206405.0,206405.0,0.0
2024,KOTA DEPOK,0,206405.0,24,206405.0,206405.0,0.0
2024,KOTA DEPOK,0,206405.0,24,206405.0,206405.0,0.0
2024,KOTA DEPOK,0,206405.0,24,206405.0,206405.0,0.0
2024,KOTA DEPOK,0,206405.0,24,206405.0,206405.0,0.0
2024,KOTA DEPOK,0,206405.0,24,206405.0,206405.0,0.0
2024,KOTA DEPOK,0,206405.0,24,206405.0,206405.0,0.0
2024,KOTA DEPOK,0,206405.0,24,206405.0,206405.0,0.0
2024,KOTA DEPOK,0,206405.0,24,206405.0,206405.0,0.0
2025,KOTA DEPOK,0,214170.0,24,206405.0,206405.0,0.0
2016,KOTA DEPOK,1,0.0,24,0.0,0.0,0.0
2017,KOTA DEPOK,1,0.0,24,0.0,0.0,0.0
2018,KOTA DEPOK,1,966451.0,24,0.0,0.0,0.0
2019,KOTA DEPOK,1,981577.0,24,966451.0,0.0,0.0
2020,KOTA DEPOK,1,931338.0,24,981577.0,966451.0,0.01565107801637124
2021,KOTA DEPOK,1,919479.0,24,931338.0,981577.0,-0.05118192459684773
2021,KOTA DEPOK,1,919479.0,24,919479.0,931338.0,-0.012733293390799044
2021,KOTA DEPOK,1,919479.0,24,919479.0,919479.0,0.0
2021,KOTA DEPOK,1,919479.0,24,919479.0,919479.0,0.0
2021,KOTA DEPOK,1,919479.0,24,919479.0,919479.0,0.0
2021,KOTA DEPOK,1,919479.0,24,919479.0,919479.0,0.0
2021,KOTA DEPOK,1,919479.0,24,919479.0,919479.0,0.0
2021,KOTA DEPOK,1,919479.0,24,919479.0,919479.0,0.0
2021,KOTA DEPOK,1,919479.0,24,919479.0,919479.0,0.0
2021,KOTA DEPOK,1,919479.0,24,919479.0,919479.0,0.0
2021,KOTA DEPOK,1,919479.0,24,919479.0,919479.0,0.0
2021,KOTA DEPOK,1,919479.0,24,919479.0,919479.0,0.0
2021,KOTA DEPOK,1,919479.0,24,919479.0,919479.0,0.0
2021,KOTA DEPOK,1,919479.0,24,919479.0,919479.0,0.0
2022,KOTA DEPOK,1,620273.0,24,919479.0,919479.0,0.0
2022,KOTA DEPOK,1,620273.0,24,620273.0,919479.0,-0.32540819311805924
2022,KOTA DEPOK,1,620273.0,24,620273.0,620273.0,0.0
2022,KOTA DEPOK,1,620273.0,24,620273.0,620273.0,0.0
2022,KOTA DEPOK,1,620273.0,24,620273.0,620273.0,0.0
2022,KOTA DEPOK,1,620273.0,24,620273.0,620273.0,0.0
2022,KOTA DEPOK,1,620273.0,24,620273.0,620273.0,0.0
2022,KOTA DEPOK,1,620273.0,24,620273.0,620273.0,0.0
2022,KOTA DEPOK,1,620273.0,24,620273.0,620273.0,0.0
2022,KOTA DEPOK,1,620273.0,24,620273.0,620273.0,0.0
2022,KOTA DEPOK,1,620273.0,24,620273.0,620273.0,0.0
2022,KOTA DEPOK,1,620273.0,24,620273.0,620273.0,0.0
2022,KOTA DEPOK,1,620273.0,24,620273.0,620273.0,0.0
2023,KOTA DEPOK,1,955647.0,24,620273.0,620273.0,0.0
2023,KOTA DEPOK,1,955647.0,24,955647.0,620273.0,0.5406877294352648
2023,KOTA DEPOK,1,955647.0,24,955647.0,955647.0,0.0
2023,KOTA DEPOK,1,955647.0,24,955647.0,955647.0,0.0
2023,KOTA DEPOK,1,955647.0,24,955647.0,955647.0,0.0
2023,KOTA DEPOK,1,955647.0,24,955647.0,955647.0,0.0
2024,KOTA DEPOK,1,973220.0,24,955647.0,955647.0,0.0
2024,KOTA DEPOK,1,973220.0,24,973220.0,955647.0,0.018388589091997358
2024,KOTA DEPOK,1,973220.0,24,973220.0,973220.0,0.0
2024,KOTA DEPOK,1,973220.0,24,973220.0,973220.0,0.0
2024,KOTA DEPOK,1,973220.0,24,973220.0,973220.0,0.0
2024,KOTA DEPOK,1,973220.0,24,973220.0,973220.0,0.0
2024,KOTA DEPOK,1,973220.0,24,973220.0,973220.0,0.0
2024,KOTA DEPOK,1,973220.0,24,973220.0,973220.0,0.0
2024,KOTA DEPOK,1,973220.0,24,973220.0,973220.0,0.0
2024,KOTA DEPOK,1,973220.0,24,973220.0,973220.0,0.0
2024,KOTA DEPOK,1,973220.0,24,973220.0,973220.0,0.0
2025,KOTA DEPOK,1,992944.0,24,973220.0,973220.0,0.0
2016,KOTA DEPOK,2,0.0,24,0.0,0.0,0.0
2017,KOTA DEPOK,2,0.0,24,0.0,0.0,0.0
2018,KOTA DEPOK,2,792.0,24,0.0,0.0,0.0
2019,KOTA DEPOK,2,807.0,24,792.0,0.0,0.0
2020,KOTA DEPOK,2,767.0,24,807.0,792.0,0.01893939393939394
2021,KOTA DEPOK,2,727.0,24,767.0,807.0,-0.04956629491945477
2021,KOTA DEPOK,2,727.0,24,727.0,767.0,-0.05215123859191656
2021,KOTA DEPOK,2,727.0,24,727.0,727.0,0.0
2021,KOTA DEPOK,2,727.0,24,727.0,727.0,0.0
2021,KOTA DEPOK,2,727.0,24,727.0,727.0,0.0
2021,KOTA DEPOK,2,727.0,24,727.0,727.0,0.0
2021,KOTA DEPOK,2,727.0,24,727.0,727.0,0.0
2021,KOTA DEPOK,2,727.0,24,727.0,727.0,0.0
2021,KOTA DEPOK,2,727.0,24,727.0,727.0,0.0
2021,KOTA DEPOK,2,727.0,24,727.0,727.0,0.0
2021,KOTA DEPOK,2,727.0,24,727.0,727.0,0.0
2021,KOTA DEPOK,2,727.0,24,727.0,727.0,0.0
2021,KOTA DEPOK,2,727.0,24,727.0,727.0,0.0
2021,KOTA DEPOK,2,727.0,24,727.0,727.0,0.0
2022,KOTA DEPOK,2,393.0,24,727.0,727.0,0.0
2022,KOTA DEPOK,2,393.0,24,393.0,727.0,-0.4594222833562586
2022,KOTA DEPOK,2,393.0,24,393.0,393.0,0.0
2022,KOTA DEPOK,2,393.0,24,393.0,393.0,0.0
2022,KOTA DEPOK,2,393.0,24,393.0,393.0,0.0
2022,KOTA DEPOK,2,393.0,24,393.0,393.0,0.0
2022,KOTA DEPOK,2,393.0,24,393.0,393.0,0.0
2022,KOTA DEPOK,2,393.0,24,393.0,393.0,0.0
2022,KOTA DEPOK,2,393.0,24,393.0,393.0,0.0
2022,KOTA DEPOK,2,393.0,24,393.0,393.0,0.0
2022,KOTA DEPOK,2,393.0,24,393.0,393.0,0.0
2022,KOTA DEPOK,2,393.0,24,393.0,393.0,0.0
2022,KOTA DEPOK,2,393.0,24,393.0,393.0,0.0
2023,KOTA DEPOK,2,738.0,24,393.0,393.0,0.0
2023,KOTA DEPOK,2,738.0,24,738.0,393.0,0.8778625954198473
2023,KOTA DEPOK,2,738.0,24,738.0,738.0,0.0
2023,KOTA DEPOK,2,738.0,24,738.0,738.0,0.0
2023,KOTA DEPOK,2,738.0,24,738.0,738.0,0.0
2023,KOTA DEPOK,2,738.0,24,738.0,738.0,0.0
2024,KOTA DEPOK,2,841.0,24,738.0,738.0,0.0
2024,KOTA DEPOK,2,841.0,24,841.0,738.0,0.13956639566395665
2024,KOTA DEPOK,2,841.0,24,841.0,841.0,0.0
2024,KOTA DEPOK,2,841.0,24,841.0,841.0,0.0
2024,KOTA DEPOK,2,841.0,24,841.0,841.0,0.0
2024,KOTA DEPOK,2,841.0,24,841.0,841.0,0.0
2024,KOTA DEPOK,2,841.0,24,841.0,841.0,0.0
2024,KOTA DEPOK,2,841.0,24,841.0,841.0,0.0
2024,KOTA DEPOK,2,841.0,24,841.0,841.0,0.0
2024,KOTA DEPOK,2,841.0,24,841.0,841.0,0.0
2024,KOTA DEPOK,2,841.0,24,841.0,841.0,0.0
2025,KOTA DEPOK,2,918.0,24,841.0,841.0,0.0
2016,KOTA DEPOK,3,0.0,24,0.0,0.0,0.0
2017,KOTA DEPOK,3,0.0,24,0.0,0.0,0.0
2018,KOTA DEPOK,3,19919.0,24,0.0,0.0,0.0
2019,KOTA DEPOK,3,19895.0,24,19919.0,0.0,0.0
2020,KOTA DEPOK,3,18969.0,24,19895.0,19919.0,-0.0012048797630403133
2021,KOTA DEPOK,3,18954.0,24,18969.0,19895.0,-0.04654435787886404
2021,KOTA DEPOK,3,18954.0,24,18954.0,18969.0,-0.0007907638779060573
2021,KOTA DEPOK,3,18954.0,24,18954.0,18954.0,0.0
2021,KOTA DEPOK,3,18954.0,24,18954.0,18954.0,0.0
2021,KOTA DEPOK,3,18954.0,24,18954.0,18954.0,0.0
2021,KOTA DEPOK,3,18954.0,24,18954.0,18954.0,0.0
2021,KOTA DEPOK,3,18954.0,24,18954.0,18954.0,0.0
2021,KOTA DEPOK,3,18954.0,24,18954.0,18954.0,0.0
2021,KOTA DEPOK,3,18954.0,24,18954.0,18954.0,0.0
2021,KOTA DEPOK,3,18954.0,24,18954.0,18954.0,0.0
2021,KOTA DEPOK,3,18954.0,24,18954.0,18954.0,0.0
2021,KOTA DEPOK,3,18954.0,24,18954.0,18954.0,0.0
2021,KOTA DEPOK,3,18954.0,24,18954.0,18954.0,0.0
2021,KOTA DEPOK,3,18954.0,24,18954.0,18954.0,0.0
2022,KOTA DEPOK,3,12368.0,24,18954.0,18954.0,0.0
2022,KOTA DEPOK,3,12368.0,24,12368.0,18954.0,-0.3474728289543104
2022,KOTA DEPOK,3,12368.0,24,12368.0,12368.0,0.0
2022,KOTA DEPOK,3,12368.0,24,12368.0,12368.0,0.0
2022,KOTA DEPOK,3,12368.0,24,12368.0,12368.0,0.0
2022,KOTA DEPOK,3,12368.0,24,12368.0,12368.0,0.0
2022,KOTA DEPOK,3,12368.0,24,12368.0,12368.0,0.0
2022,KOTA DEPOK,3,12368.0,24,12368.0,12368.0,0.0
2022,KOTA DEPOK,3,12368.0,24,12368.0,12368.0,0.0
2022,KOTA DEPOK,3,12368.0,24,12368.0,12368.0,0.0
2022,KOTA DEPOK,3,12368.0,24,12368.0,12368.0,0.0
2022,KOTA DEPOK,3,12368.0,24,12368.0,12368.0,0.0
2022,KOTA DEPOK,3,12368.0,24,12368.0,12368.0,0.0
2023,KOTA DEPOK,3,19699.0,24,12368.0,12368.0,0.0
2023,KOTA DEPOK,3,19699.0,24,19699.0,12368.0,0.5927393272962483
2023,KOTA DEPOK,3,19699.0,24,19699.0,19699.0,0.0
2023,KOTA DEPOK,3,19699.0,24,19699.0,19699.0,0.0
2023,KOTA DEPOK,3,19699.0,24,19699.0,19699.0,0.0
2023,KOTA DEPOK,3,19699.0,24,19699.0,19699.0,0.0
2024,KOTA DEPOK,3,19682.0,24,19699.0,19699.0,0.0
2024,KOTA DEPOK,3,19682.0,24,19682.0,19699.0,-0.0008629879689324332
2024,KOTA DEPOK,3,19682.0,24,19682.0,19682.0,0.0
2024,KOTA DEPOK,3,19682.0,24,19682.0,19682.0,0.0
2024,KOTA DEPOK,3,19682.0,24,19682.0,19682.0,0.0
2024,KOTA DEPOK,3,19682.0,24,19682.0,19682.0,0.0
2024,KOTA DEPOK,3,19682.0,24,19682.0,19682.0,0.0
2024,KOTA DEPOK,3,19682.0,24,19682.0,19682.0,0.0
2024,KOTA DEPOK,3,19682.0,24,19682.0,19682.0,0.0
2024,KOTA DEPOK,3,19682.0,24,19682.0,19682.0,0.0
2024,KOTA DEPOK,3,19682.0,24,19682.0,19682.0,0.0
2025,KOTA DEPOK,3,20114.0,24,19682.0,19682.0,0.0
2016,KOTA SUKABUMI,0,0.0,25,0.0,0.0,0.0
2017,KOTA SUKABUMI,0,0.0,25,0.0,0.0,0.0
2018,KOTA SUKABUMI,0,19483.0,25,0.0,0.0,0.0
2019,KOTA SUKABUMI,0,20363.0,25,19483.0,0.0,0.0
2020,KOTA SUKABUMI,0,19241.0,25,20363.0,19483.0,0.04516758199455936
2021,KOTA SUKABUMI,0,19138.0,25,19241.0,20363.0,-0.05509993615871925
2021,KOTA SUKABUMI,0,19138.0,25,19138.0,19241.0,-0.005353152123070527
2021,KOTA SUKABUMI,0,19138.0,25,19138.0,19138.0,0.0
2021,KOTA SUKABUMI,0,19138.0,25,19138.0,19138.0,0.0
2021,KOTA SUKABUMI,0,19138.0,25,19138.0,19138.0,0.0
2021,KOTA SUKABUMI,0,19138.0,25,19138.0,19138.0,0.0
2021,KOTA SUKABUMI,0,19138.0,25,19138.0,19138.0,0.0
2022,KOTA SUKABUMI,0,19553.0,25,19138.0,19138.0,0.0
2022,KOTA SUKABUMI,0,19553.0,25,19553.0,19138.0,0.021684606541958407
2022,KOTA SUKABUMI,0,19553.0,25,19553.0,19553.0,0.0
2022,KOTA SUKABUMI,0,19553.0,25,19553.0,19553.0,0.0
2022,KOTA SUKABUMI,0,19553.0,25,19553.0,19553.0,0.0
2022,KOTA SUKABUMI,0,19553.0,25,19553.0,19553.0,0.0
2022,KOTA SUKABUMI,0,19553.0,25,19553.0,19553.0,0.0
2022,KOTA SUKABUMI,0,19553.0,25,19553.0,19553.0,0.0
2022,KOTA SUKABUMI,0,19553.0,25,19553.0,19553.0,0.0
2022,KOTA SUKABUMI,0,19553.0,25,19553.0,19553.0,0.0
2023,KOTA SUKABUMI,0,19900.0,25,19553.0,19553.0,0.0
2023,KOTA SUKABUMI,0,19900.0,25,19900.0,19553.0,0.017746637344652993
2023,KOTA SUKABUMI,0,19900.0,25,19900.0,19900.0,0.0
2023,KOTA SUKABUMI,0,19900.0,25,19900.0,19900.0,0.0
2023,KOTA SUKABUMI,0,19900.0,25,19900.0,19900.0,0.0
2023,KOTA SUKABUMI,0,19900.0,25,19900.0,19900.0,0.0
2023,KOTA SUKABUMI,0,19900.0,25,19900.0,19900.0,0.0
2023,KOTA SUKABUMI,0,19900.0,25,19900.0,19900.0,0.0
2023,KOTA SUKABUMI,0,19900.0,25,19900.0,19900.0,0.0
2024,KOTA SUKABUMI,0,19741.0,25,19900.0,19900.0,0.0
2024,KOTA SUKABUMI,0,19741.0,25,19741.0,19900.0,-0.007989949748743718
2024,KOTA SUKABUMI,0,19741.0,25,19741.0,19741.0,0.0
2024,KOTA SUKABUMI,0,19741.0,25,19741.0,19741.0,0.0
2024,KOTA SUKABUMI,0,19741.0,25,19741.0,19741.0,0.0
2024,KOTA SUKABUMI,0,19741.0,25,19741.0,19741.0,0.0
2024,KOTA SUKABUMI,0,19741.0,25,19741.0,19741.0,0.0
2024,KOTA SUKABUMI,0,19741.0,25,19741.0,19741.0,0.0
2024,KOTA SUKABUMI,0,19741.0,25,19741.0,19741.0,0.0
2024,KOTA SUKABUMI,0,19741.0,25,19741.0,19741.0,0.0
2024,KOTA SUKABUMI,0,19741.0,25,19741.0,19741.0,0.0
2024,KOTA SUKABUMI,0,19741.0,25,19741.0,19741.0,0.0
2024,KOTA SUKABUMI,0,19741.0,25,19741.0,19741.0,0.0
2024,KOTA SUKABUMI,0,19741.0,25,19741.0,19741.0,0.0
2024,KOTA SUKABUMI,0,19741.0,25,19741.0,19741.0,0.0
2025,KOTA SUKABUMI,0,20030.0,25,19741.0,19741.0,0.0
2016,KOTA SUKABUMI,1,0.0,25,0.0,0.0,0.0
2017,KOTA SUKABUMI,1,0.0,25,0.0,0.0,0.0
2018,KOTA SUKABUMI,1,100486.0,25,0.0,0.0,0.0
2019,KOTA SUKABUMI,1,102602.0,25,100486.0,0.0,0.0
2020,KOTA SUKABUMI,1,94484.0,25,102602.0,100486.0,0.021057659773500787
2021,KOTA SUKABUMI,1,94263.0,25,94484.0,102602.0,-0.07912126469269605
2021,KOTA SUKABUMI,1,94263.0,25,94263.0,94484.0,-0.0023390203632361033
2021,KOTA SUKABUMI,1,94263.0,25,94263.0,94263.0,0.0
2021,KOTA SUKABUMI,1,94263.0,25,94263.0,94263.0,0.0
2021,KOTA SUKABUMI,1,94263.0,25,94263.0,94263.0,0.0
2021,KOTA SUKABUMI,1,94263.0,25,94263.0,94263.0,0.0
2021,KOTA SUKABUMI,1,94263.0,25,94263.0,94263.0,0.0
2022,KOTA SUKABUMI,1,95566.0,25,94263.0,94263.0,0.0
2022,KOTA SUKABUMI,1,95566.0,25,95566.0,94263.0,0.013823027062580227
2022,KOTA SUKABUMI,1,95566.0,25,95566.0,95566.0,0.0
2022,KOTA SUKABUMI,1,95566.0,25,95566.0,95566.0,0.0
2022,KOTA SUKABUMI,1,95566.0,25,95566.0,95566.0,0.0
2022,KOTA SUKABUMI,1,95566.0,25,95566.0,95566.0,0.0
2022,KOTA SUKABUMI,1,95566.0,25,95566.0,95566.0,0.0
2022,KOTA SUKABUMI,1,95566.0,25,95566.0,95566.0,0.0
2022,KOTA SUKABUMI,1,95566.0,25,95566.0,95566.0,0.0
2022,KOTA SUKABUMI,1,95566.0,25,95566.0,95566.0,0.0
2023,KOTA SUKABUMI,1,97322.0,25,95566.0,95566.0,0.0
2023,KOTA SUKABUMI,1,97322.0,25,97322.0,95566.0,0.0183747357846933
2023,KOTA SUKABUMI,1,97322.0,25,97322.0,97322.0,0.0
2023,KOTA SUKABUMI,1,97322.0,25,97322.0,97322.0,0.0
2023,KOTA SUKABUMI,1,97322.0,25,97322.0,97322.0,0.0
2023,KOTA SUKABUMI,1,97322.0,25,97322.0,97322.0,0.0
2023,KOTA SUKABUMI,1,97322.0,25,97322.0,97322.0,0.0
2023,KOTA SUKABUMI,1,97322.0,25,97322.0,97322.0,0.0
2023,KOTA SUKABUMI,1,97322.0,25,97322.0,97322.0,0.0
2024,KOTA SUKABUMI,1,97853.0,25,97322.0,97322.0,0.0
2024,KOTA SUKABUMI,1,97853.0,25,97853.0,97322.0,0.005456114753087688
2024,KOTA SUKABUMI,1,97853.0,25,97853.0,97853.0,0.0
2024,KOTA SUKABUMI,1,97853.0,25,97853.0,97853.0,0.0
2024,KOTA SUKABUMI,1,97853.0,25,97853.0,97853.0,0.0
2024,KOTA SUKABUMI,1,97853.0,25,97853.0,97853.0,0.0
2024,KOTA SUKABUMI,1,97853.0,25,97853.0,97853.0,0.0
2024,KOTA SUKABUMI,1,97853.0,25,97853.0,97853.0,0.0
2024,KOTA SUKABUMI,1,97853.0,25,97853.0,97853.0,0.0
2024,KOTA SUKABUMI,1,97853.0,25,97853.0,97853.0,0.0
2024,KOTA SUKABUMI,1,97853.0,25,97853.0,97853.0,0.0
2024,KOTA SUKABUMI,1,97853.0,25,97853.0,97853.0,0.0
2024,KOTA SUKABUMI,1,97853.0,25,97853.0,97853.0,0.0
2024,KOTA SUKABUMI,1,97853.0,25,97853.0,97853.0,0.0
2024,KOTA SUKABUMI,1,97853.0,25,97853.0,97853.0,0.0
2025,KOTA SUKABUMI,1,98481.0,25,97853.0,97853.0,0.0
2016,KOTA SUKABUMI,2,0.0,25,0.0,0.0,0.0
2017,KOTA SUKABUMI,2,0.0,25,0.0,0.0,0.0
2018,KOTA SUKABUMI,2,714.0,25,0.0,0.0,0.0
2019,KOTA SUKABUMI,2,696.0,25,714.0,0.0,0.0
2020,KOTA SUKABUMI,2,642.0,25,696.0,714.0,-0.025210084033613446
2021,KOTA SUKABUMI,2,565.0,25,642.0,696.0,-0.07758620689655173
2021,KOTA SUKABUMI,2,565.0,25,565.0,642.0,-0.11993769470404984
2021,KOTA SUKABUMI,2,565.0,25,565.0,565.0,0.0
2021,KOTA SUKABUMI,2,565.0,25,565.0,565.0,0.0
2021,KOTA SUKABUMI,2,565.0,25,565.0,565.0,0.0
2021,KOTA SUKABUMI,2,565.0,25,565.0,565.0,0.0
2021,KOTA SUKABUMI,2,565.0,25,565.0,565.0,0.0
2022,KOTA SUKABUMI,2,515.0,25,565.0,565.0,0.0
2022,KOTA SUKABUMI,2,515.0,25,515.0,565.0,-0.08849557522123894
2022,KOTA SUKABUMI,2,515.0,25,515.0,515.0,0.0
2022,KOTA SUKABUMI,2,515.0,25,515.0,515.0,0.0
2022,KOTA SUKABUMI,2,515.0,25,515.0,515.0,0.0
2022,KOTA SUKABUMI,2,515.0,25,515.0,515.0,0.0
2022,KOTA SUKABUMI,2,515.0,25,515.0,515.0,0.0
2022,KOTA SUKABUMI,2,515.0,25,515.0,515.0,0.0
2022,KOTA SUKABUMI,2,515.0,25,515.0,515.0,0.0
2022,KOTA SUKABUMI,2,515.0,25,515.0,515.0,0.0
2023,KOTA SUKABUMI,2,479.0,25,515.0,515.0,0.0
2023,KOTA SUKABUMI,2,479.0,25,479.0,515.0,-0.06990291262135923
2023,KOTA SUKABUMI,2,479.0,25,479.0,479.0,0.0
2023,KOTA SUKABUMI,2,479.0,25,479.0,479.0,0.0
2023,KOTA SUKABUMI,2,479.0,25,479.0,479.0,0.0
2023,KOTA SUKABUMI,2,479.0,25,479.0,479.0,0.0
2023,KOTA SUKABUMI,2,479.0,25,479.0,479.0,0.0
2023,KOTA SUKABUMI,2,479.0,25,479.0,479.0,0.0
2023,KOTA SUKABUMI,2,479.0,25,479.0,479.0,0.0
2024,KOTA SUKABUMI,2,439.0,25,479.0,479.0,0.0
2024,KOTA SUKABUMI,2,439.0,25,439.0,479.0,-0.08350730688935282
2024,KOTA SUKABUMI,2,439.0,25,439.0,439.0,0.0
2024,KOTA SUKABUMI,2,439.0,25,439.0,439.0,0.0
2024,KOTA SUKABUMI,2,439.0,25,439.0,439.0,0.0
2024,KOTA SUKABUMI,2,439.0,25,439.0,439.0,0.0
2024,KOTA SUKABUMI,2,439.0,25,439.0,439.0,0.0
2024,KOTA SUKABUMI,2,439.0,25,439.0,439.0,0.0
2024,KOTA SUKABUMI,2,439.0,25,439.0,439.0,0.0
2024,KOTA SUKABUMI,2,439.0,25,439.0,439.0,0.0
2024,KOTA SUKABUMI,2,439.0,25,439.0,439.0,0.0
2024,KOTA SUKABUMI,2,439.0,25,439.0,439.0,0.0
2024,KOTA SUKABUMI,2,439.0,25,439.0,439.0,0.0
2024,KOTA SUKABUMI,2,439.0,25,439.0,439.0,0.0
2024,KOTA SUKABUMI,2,439.0,25,439.0,439.0,0.0
2025,KOTA SUKABUMI,2,403.0,25,439.0,439.0,0.0
2016,KOTA SUKABUMI,3,0.0,25,0.0,0.0,0.0
2017,KOTA SUKABUMI,3,0.0,25,0.0,0.0,0.0
2018,KOTA SUKABUMI,3,5644.0,25,0.0,0.0,0.0
2019,KOTA SUKABUMI,3,5565.0,25,5644.0,0.0,0.0
2020,KOTA SUKABUMI,3,5077.0,25,5565.0,5644.0,-0.013997165131112686
2021,KOTA SUKABUMI,3,4966.0,25,5077.0,5565.0,-0.08769092542677448
2021,KOTA SUKABUMI,3,4966.0,25,4966.0,5077.0,-0.021863305101437858
2021,KOTA SUKABUMI,3,4966.0,25,4966.0,4966.0,0.0
2021,KOTA SUKABUMI,3,4966.0,25,4966.0,4966.0,0.0
2021,KOTA SUKABUMI,3,4966.0,25,4966.0,4966.0,0.0
2021,KOTA SUKABUMI,3,4966.0,25,4966.0,4966.0,0.0
2021,KOTA SUKABUMI,3,4966.0,25,4966.0,4966.0,0.0
2022,KOTA SUKABUMI,3,5073.0,25,4966.0,4966.0,0.0
2022,KOTA SUKABUMI,3,5073.0,25,5073.0,4966.0,0.021546516310914216
2022,KOTA SUKABUMI,3,5073.0,25,5073.0,5073.0,0.0
2022,KOTA SUKABUMI,3,5073.0,25,5073.0,5073.0,0.0
2022,KOTA SUKABUMI,3,5073.0,25,5073.0,5073.0,0.0
2022,KOTA SUKABUMI,3,5073.0,25,5073.0,5073.0,0.0
2022,KOTA SUKABUMI,3,5073.0,25,5073.0,5073.0,0.0
2022,KOTA SUKABUMI,3,5073.0,25,5073.0,5073.0,0.0
2022,KOTA SUKABUMI,3,5073.0,25,5073.0,5073.0,0.0
2022,KOTA SUKABUMI,3,5073.0,25,5073.0,5073.0,0.0
2023,KOTA SUKABUMI,3,5041.0,25,5073.0,5073.0,0.0
2023,KOTA SUKABUMI,3,5041.0,25,5041.0,5073.0,-0.006307904592943032
2023,KOTA SUKABUMI,3,5041.0,25,5041.0,5041.0,0.0
2023,KOTA SUKABUMI,3,5041.0,25,5041.0,5041.0,0.0
2023,KOTA SUKABUMI,3,5041.0,25,5041.0,5041.0,0.0
2023,KOTA SUKABUMI,3,5041.0,25,5041.0,5041.0,0.0
2023,KOTA SUKABUMI,3,5041.0,25,5041.0,5041.0,0.0
2023,KOTA SUKABUMI,3,5041.0,25,5041.0,5041.0,0.0
2023,KOTA SUKABUMI,3,5041.0,25,5041.0,5041.0,0.0
2024,KOTA SUKABUMI,3,4920.0,25,5041.0,5041.0,0.0
2024,KOTA SUKABUMI,3,4920.0,25,4920.0,5041.0,-0.024003173973417974
2024,KOTA SUKABUMI,3,4920.0,25,4920.0,4920.0,0.0
2024,KOTA SUKABUMI,3,4920.0,25,4920.0,4920.0,0.0
2024,KOTA SUKABUMI,3,4920.0,25,4920.0,4920.0,0.0
2024,KOTA SUKABUMI,3,4920.0,25,4920.0,4920.0,0.0
2024,KOTA SUKABUMI,3,4920.0,25,4920.0,4920.0,0.0
2024,KOTA SUKABUMI,3,4920.0,25,4920.0,4920.0,0.0
2024,KOTA SUKABUMI,3,4920.0,25,4920.0,4920.0,0.0
2024,KOTA SUKABUMI,3,4920.0,25,4920.0,4920.0,0.0
2024,KOTA SUKABUMI,3,4920.0,25,4920.0,4920.0,0.0
2024,KOTA SUKABUMI,3,4920.0,25,4920.0,4920.0,0.0
2024,KOTA SUKABUMI,3,4920.0,25,4920.0,4920.0,0.0
2024,KOTA SUKABUMI,3,4920.0,25,4920.0,4920.0,0.0
2024,KOTA SUKABUMI,3,4920.0,25,4920.0,4920.0,0.0
2025,KOTA SUKABUMI,3,4995.0,25,4920.0,4920.0,0.0
2016,KOTA TASIKMALAYA,0,0.0,26,0.0,0.0,0.0
2017,KOTA TASIKMALAYA,0,0.0,26,0.0,0.0,0.0
2018,KOTA TASIKMALAYA,0,26358.0,26,0.0,0.0,0.0
2019,KOTA TASIKMALAYA,0,27858.0,26,26358.0,0.0,0.0
2020,KOTA TASIKMALAYA,0,27484.0,26,27858.0,26358.0,0.05690871841566128
2021,KOTA TASIKMALAYA,0,27319.0,26,27484.0,27858.0,-0.013425227941704358
2021,KOTA TASIKMALAYA,0,27319.0,26,27319.0,27484.0,-0.006003492941347693
2021,KOTA TASIKMALAYA,0,27319.0,26,27319.0,27319.0,0.0
2021,KOTA TASIKMALAYA,0,27319.0,26,27319.0,27319.0,0.0
2021,KOTA TASIKMALAYA,0,27319.0,26,27319.0,27319.0,0.0
2021,KOTA TASIKMALAYA,0,27319.0,26,27319.0,27319.0,0.0
2022,KOTA TASIKMALAYA,0,28825.0,26,27319.0,27319.0,0.0
2022,KOTA TASIKMALAYA,0,28825.0,26,28825.0,27319.0,0.055126468758007245
2022,KOTA TASIKMALAYA,0,28825.0,26,28825.0,28825.0,0.0
2022,KOTA TASIKMALAYA,0,28825.0,26,28825.0,28825.0,0.0
2022,KOTA TASIKMALAYA,0,28825.0,26,28825.0,28825.0,0.0
2022,KOTA TASIKMALAYA,0,28825.0,26,28825.0,28825.0,0.0
2022,KOTA TASIKMALAYA,0,28825.0,26,28825.0,28825.0,0.0
2022,KOTA TASIKMALAYA,0,28825.0,26,28825.0,28825.0,0.0
2022,KOTA TASIKMALAYA,0,28825.0,26,28825.0,28825.0,0.0
2022,KOTA TASIKMALAYA,0,28825.0,26,28825.0,28825.0,0.0
2022,KOTA TASIKMALAYA,0,28825.0,26,28825.0,28825.0,0.0
2023,KOTA TASIKMALAYA,0,29958.0,26,28825.0,28825.0,0.0
2023,KOTA TASIKMALAYA,0,29958.0,26,29958.0,28825.0,0.039306157849089335
2023,KOTA TASIKMALAYA,0,29958.0,26,29958.0,29958.0,0.0
2023,KOTA TASIKMALAYA,0,29958.0,26,29958.0,29958.0,0.0
2023,KOTA TASIKMALAYA,0,29958.0,26,29958.0,29958.0,0.0
2023,KOTA TASIKMALAYA,0,29958.0,26,29958.0,29958.0,0.0
2023,KOTA TASIKMALAYA,0,29958.0,26,29958.0,29958.0,0.0
2023,KOTA TASIKMALAYA,0,29958.0,26,29958.0,29958.0,0.0
2024,KOTA TASIKMALAYA,0,30412.0,26,29958.0,29958.0,0.0
2024,KOTA TASIKMALAYA,0,30412.0,26,30412.0,29958.0,0.015154549702917419
2024,KOTA TASIKMALAYA,0,30412.0,26,30412.0,30412.0,0.0
2024,KOTA TASIKMALAYA,0,30412.0,26,30412.0,30412.0,0.0
2025,KOTA TASIKMALAYA,0,31429.0,26,30412.0,30412.0,0.0
2016,KOTA TASIKMALAYA,1,0.0,26,0.0,0.0,0.0
2017,KOTA TASIKMALAYA,1,0.0,26,0.0,0.0,0.0
2018,KOTA TASIKMALAYA,1,207147.0,26,0.0,0.0,0.0
2019,KOTA TASIKMALAYA,1,212465.0,26,207147.0,0.0,0.0
2020,KOTA TASIKMALAYA,1,200263.0,26,212465.0,207147.0,0.025672589996475932
2021,KOTA TASIKMALAYA,1,199579.0,26,200263.0,212465.0,-0.05743063563410444
2021,KOTA TASIKMALAYA,1,199579.0,26,199579.0,200263.0,-0.0034155086061828694
2021,KOTA TASIKMALAYA,1,199579.0,26,199579.0,199579.0,0.0
2021,KOTA TASIKMALAYA,1,199579.0,26,199579.0,199579.0,0.0
2021,KOTA TASIKMALAYA,1,199579.0,26,199579.0,199579.0,0.0
2021,KOTA TASIKMALAYA,1,199579.0,26,199579.0,199579.0,0.0
2022,KOTA TASIKMALAYA,1,201379.0,26,199579.0,199579.0,0.0
2022,KOTA TASIKMALAYA,1,201379.0,26,201379.0,199579.0,0.009018984963347847
2022,KOTA TASIKMALAYA,1,201379.0,26,201379.0,201379.0,0.0
2022,KOTA TASIKMALAYA,1,201379.0,26,201379.0,201379.0,0.0
2022,KOTA TASIKMALAYA,1,201379.0,26,201379.0,201379.0,0.0
2022,KOTA TASIKMALAYA,1,201379.0,26,201379.0,201379.0,0.0
2022,KOTA TASIKMALAYA,1,201379.0,26,201379.0,201379.0,0.0
2022,KOTA TASIKMALAYA,1,201379.0,26,201379.0,201379.0,0.0
2022,KOTA TASIKMALAYA,1,201379.0,26,201379.0,201379.0,0.0
2022,KOTA TASIKMALAYA,1,201379.0,26,201379.0,201379.0,0.0
2022,KOTA TASIKMALAYA,1,201379.0,26,201379.0,201379.0,0.0
2023,KOTA TASIKMALAYA,1,204669.0,26,201379.0,201379.0,0.0
2023,KOTA TASIKMALAYA,1,204669.0,26,204669.0,201379.0,0.01633735394455231
2023,KOTA TASIKMALAYA,1,204669.0,26,204669.0,204669.0,0.0
2023,KOTA TASIKMALAYA,1,204669.0,26,204669.0,204669.0,0.0
2023,KOTA TASIKMALAYA,1,204669.0,26,204669.0,204669.0,0.0
2023,KOTA TASIKMALAYA,1,204669.0,26,204669.0,204669.0,0.0
2023,KOTA TASIKMALAYA,1,204669.0,26,204669.0,204669.0,0.0
2023,KOTA TASIKMALAYA,1,204669.0,26,204669.0,204669.0,0.0
2024,KOTA TASIKMALAYA,1,205759.0,26,204669.0,204669.0,0.0
2024,KOTA TASIKMALAYA,1,205759.0,26,205759.0,204669.0,0.005325672182890423
2024,KOTA TASIKMALAYA,1,205759.0,26,205759.0,205759.0,0.0
2024,KOTA TASIKMALAYA,1,205759.0,26,205759.0,205759.0,0.0
2025,KOTA TASIKMALAYA,1,206376.0,26,205759.0,205759.0,0.0
2016,KOTA TASIKMALAYA,2,0.0,26,0.0,0.0,0.0
2017,KOTA TASIKMALAYA,2,0.0,26,0.0,0.0,0.0
2018,KOTA TASIKMALAYA,2,1390.0,26,0.0,0.0,0.0
2019,KOTA TASIKMALAYA,2,1415.0,26,1390.0,0.0,0.0
2020,KOTA TASIKMALAYA,2,1402.0,26,1415.0,1390.0,0.017985611510791366
2021,KOTA TASIKMALAYA,2,1264.0,26,1402.0,1415.0,-0.009187279151943463
2021,KOTA TASIKMALAYA,2,1264.0,26,1264.0,1402.0,-0.09843081312410841
2021,KOTA TASIKMALAYA,2,1264.0,26,1264.0,1264.0,0.0
2021,KOTA TASIKMALAYA,2,1264.0,26,1264.0,1264.0,0.0
2021,KOTA TASIKMALAYA,2,1264.0,26,1264.0,1264.0,0.0
2021,KOTA TASIKMALAYA,2,1264.0,26,1264.0,1264.0,0.0
2022,KOTA TASIKMALAYA,2,1302.0,26,1264.0,1264.0,0.0
2022,KOTA TASIKMALAYA,2,1302.0,26,1302.0,1264.0,0.030063291139240507
2022,KOTA TASIKMALAYA,2,1302.0,26,1302.0,1302.0,0.0
2022,KOTA TASIKMALAYA,2,1302.0,26,1302.0,1302.0,0.0
2022,KOTA TASIKMALAYA,2,1302.0,26,1302.0,1302.0,0.0
2022,KOTA TASIKMALAYA,2,1302.0,26,1302.0,1302.0,0.0
2022,KOTA TASIKMALAYA,2,1302.0,26,1302.0,1302.0,0.0
2022,KOTA TASIKMALAYA,2,1302.0,26,1302.0,1302.0,0.0
2022,KOTA TASIKMALAYA,2,1302.0,26,1302.0,1302.0,0.0
2022,KOTA TASIKMALAYA,2,1302.0,26,1302.0,1302.0,0.0
2022,KOTA TASIKMALAYA,2,1302.0,26,1302.0,1302.0,0.0
2023,KOTA TASIKMALAYA,2,1300.0,26,1302.0,1302.0,0.0
2023,KOTA TASIKMALAYA,2,1300.0,26,1300.0,1302.0,-0.0015360983102918587
2023,KOTA TASIKMALAYA,2,1300.0,26,1300.0,1300.0,0.0
2023,KOTA TASIKMALAYA,2,1300.0,26,1300.0,1300.0,0.0
2023,KOTA TASIKMALAYA,2,1300.0,26,1300.0,1300.0,0.0
2023,KOTA TASIKMALAYA,2,1300.0,26,1300.0,1300.0,0.0
2023,KOTA TASIKMALAYA,2,1300.0,26,1300.0,1300.0,0.0
2023,KOTA TASIKMALAYA,2,1300.0,26,1300.0,1300.0,0.0
2024,KOTA TASIKMALAYA,2,1227.0,26,1300.0,1300.0,0.0
2024,KOTA TASIKMALAYA,2,1227.0,26,1227.0,1300.0,-0.05615384615384615
2024,KOTA TASIKMALAYA,2,1227.0,26,1227.0,1227.0,0.0
2024,KOTA TASIKMALAYA,2,1227.0,26,1227.0,1227.0,0.0
2025,KOTA TASIKMALAYA,2,1206.0,26,1227.0,1227.0,0.0
2016,KOTA TASIKMALAYA,3,0.0,26,0.0,0.0,0.0
2017,KOTA TASIKMALAYA,3,0.0,26,0.0,0.0,0.0
2018,KOTA TASIKMALAYA,3,11945.0,26,0.0,0.0,0.0
2019,KOTA TASIKMALAYA,3,12320.0,26,11945.0,0.0,0.0
2020,KOTA TASIKMALAYA,3,12039.0,26,12320.0,11945.0,0.031393888656341566
2021,KOTA TASIKMALAYA,3,11676.0,26,12039.0,12320.0,-0.02280844155844156
2021,KOTA TASIKMALAYA,3,11676.0,26,11676.0,12039.0,-0.03015200598056317
2021,KOTA TASIKMALAYA,3,11676.0,26,11676.0,11676.0,0.0
2021,KOTA TASIKMALAYA,3,11676.0,26,11676.0,11676.0,0.0
2021,KOTA TASIKMALAYA,3,11676.0,26,11676.0,11676.0,0.0
2021,KOTA TASIKMALAYA,3,11676.0,26,11676.0,11676.0,0.0
2022,KOTA TASIKMALAYA,3,12231.0,26,11676.0,11676.0,0.0
2022,KOTA TASIKMALAYA,3,12231.0,26,12231.0,11676.0,0.047533401849948614
2022,KOTA TASIKMALAYA,3,12231.0,26,12231.0,12231.0,0.0
2022,KOTA TASIKMALAYA,3,12231.0,26,12231.0,12231.0,0.0
2022,KOTA TASIKMALAYA,3,12231.0,26,12231.0,12231.0,0.0
2022,KOTA TASIKMALAYA,3,12231.0,26,12231.0,12231.0,0.0
2022,KOTA TASIKMALAYA,3,12231.0,26,12231.0,12231.0,0.0
2022,KOTA TASIKMALAYA,3,12231.0,26,12231.0,12231.0,0.0
2022,KOTA TASIKMALAYA,3,12231.0,26,12231.0,12231.0,0.0
2022,KOTA TASIKMALAYA,3,12231.0,26,12231.0,12231.0,0.0
2022,KOTA TASIKMALAYA,3,12231.0,26,12231.0,12231.0,0.0
2023,KOTA TASIKMALAYA,3,12514.0,26,12231.0,12231.0,0.0
2023,KOTA TASIKMALAYA,3,12514.0,26,12514.0,12231.0,0.02313792821519091
2023,KOTA TASIKMALAYA,3,12514.0,26,12514.0,12514.0,0.0
2023,KOTA TASIKMALAYA,3,12514.0,26,12514.0,12514.0,0.0
2023,KOTA TASIKMALAYA,3,12514.0,26,12514.0,12514.0,0.0
2023,KOTA TASIKMALAYA,3,12514.0,26,12514.0,12514.0,0.0
2023,KOTA TASIKMALAYA,3,12514.0,26,12514.0,12514.0,0.0
2023,KOTA TASIKMALAYA,3,12514.0,26,12514.0,12514.0,0.0
2024,KOTA TASIKMALAYA,3,12614.0,26,12514.0,12514.0,0.0
2024,KOTA TASIKMALAYA,3,12614.0,26,12614.0,12514.0,0.00799105002397315
2024,KOTA TASIKMALAYA,3,12614.0,26,12614.0,12614.0,0.0
2024,KOTA TASIKMALAYA,3,12614.0,26,12614.0,12614.0,0.0
2025,KOTA TASIKMALAYA,3,12866.0,26,12614.0,12614.0,0.0
