wilayah,kategori_kendaraan,tahun,jumlah_kendaraan,lag_1,lag_2,growth,tipe
KABUPATEN BANDUNG,0,2021,119820.0,0.0,0.0,0.0,historis
KABUPATEN BANDUNG,0,2021,119820.0,119820.0,0.0,0.0,historis
KABUPATEN BANDUNG,0,2021,119820.0,119820.0,119820.0,0.0,historis
KABUPATEN BANDUNG,0,2021,119820.0,119820.0,119820.0,0.0,historis
KABUPATEN BANDUNG,0,2021,119820.0,119820.0,119820.0,0.0,historis
KABUPATEN BANDUNG,0,2021,119820.0,119820.0,119820.0,0.0,historis
KABUPATEN BANDUNG,0,2021,119820.0,119820.0,119820.0,0.0,historis
KABUPATEN BANDUNG,0,2021,119820.0,119820.0,119820.0,0.0,historis
KABUPATEN BANDUNG,0,2021,119820.0,119820.0,119820.0,0.0,historis
KABUPATEN BANDUNG,0,2021,119820.0,119820.0,119820.0,0.0,historis
KABUPATEN BANDUNG,0,2021,119820.0,119820.0,119820.0,0.0,historis
KABUPATEN BANDUNG,0,2022,125496.0,119820.0,119820.0,0.0,historis
KABUPATEN BANDUNG,0,2022,125496.0,125496.0,119820.0,0.047371056584877315,historis
KABUPATEN BANDUNG,0,2022,125496.0,125496.0,125496.0,0.0,historis
KABUPATEN BANDUNG,0,2023,130443.0,125496.0,125496.0,0.0,historis
KABUPATEN BANDUNG,0,2023,130443.0,130443.0,125496.0,0.03941958309428189,historis
KABUPATEN BANDUNG,0,2023,130443.0,130443.0,130443.0,0.0,historis
KABUPATEN BANDUNG,0,2023,130443.0,130443.0,130443.0,0.0,historis
KABUPATEN BANDUNG,0,2023,130443.0,130443.0,130443.0,0.0,historis
KABUPATEN BANDUNG,0,2023,130443.0,130443.0,130443.0,0.0,historis
KABUPATEN BANDUNG,0,2023,130443.0,130443.0,130443.0,0.0,historis
KABUPATEN BANDUNG,0,2023,130443.0,130443.0,130443.0,0.0,historis
KABUPATEN BANDUNG,0,2023,130443.0,130443.0,130443.0,0.0,historis
KABUPATEN BANDUNG,0,2023,130443.0,130443.0,130443.0,0.0,historis
KABUPATEN BANDUNG,0,2023,130443.0,130443.0,130443.0,0.0,historis
KABUPATEN BANDUNG,0,2023,130443.0,130443.0,130443.0,0.0,historis
KABUPATEN BANDUNG,0,2023,130443.0,130443.0,130443.0,0.0,historis
KABUPATEN BANDUNG,0,2023,130443.0,130443.0,130443.0,0.0,historis
KABUPATEN BANDUNG,0,2023,130443.0,130443.0,130443.0,0.0,historis
KABUPATEN BANDUNG,0,2024,133007.0,130443.0,130443.0,0.0,historis
KABUPATEN BANDUNG,0,2024,133007.0,133007.0,130443.0,0.019656094999348374,historis
KABUPATEN BANDUNG,0,2024,133007.0,133007.0,133007.0,0.0,historis
KABUPATEN BANDUNG,0,2024,133007.0,133007.0,133007.0,0.0,historis
KABUPATEN BANDUNG,0,2024,133007.0,133007.0,133007.0,0.0,historis
KABUPATEN BANDUNG,0,2024,133007.0,133007.0,133007.0,0.0,historis
KABUPATEN BANDUNG,0,2024,133007.0,133007.0,133007.0,0.0,historis
KABUPATEN BANDUNG,0,2024,133007.0,133007.0,133007.0,0.0,historis
KABUPATEN BANDUNG,0,2026,133007.0,133007.0,130443.0,0.0197,prediksi
KABUPATEN BANDUNG,0,2027,133007.0,133007.0,133007.0,0.0,prediksi
KABUPATEN BANDUNG,0,2028,133007.0,133007.0,133007.0,0.0,prediksi
KABUPATEN BANDUNG,0,2029,133007.0,133007.0,133007.0,0.0,prediksi
KABUPATEN BANDUNG,0,2030,133007.0,133007.0,133007.0,0.0,prediksi
KABUPATEN BANDUNG,1,2021,944465.0,0.0,0.0,0.0,historis
KABUPATEN BANDUNG,1,2021,944465.0,944465.0,0.0,0.0,historis
KABUPATEN BANDUNG,1,2021,944465.0,944465.0,944465.0,0.0,historis
KABUPATEN BANDUNG,1,2021,944465.0,944465.0,944465.0,0.0,historis
KABUPATEN BANDUNG,1,2021,944465.0,944465.0,944465.0,0.0,historis
KABUPATEN BANDUNG,1,2021,944465.0,944465.0,944465.0,0.0,historis
KABUPATEN BANDUNG,1,2021,944465.0,944465.0,944465.0,0.0,historis
KABUPATEN BANDUNG,1,2021,944465.0,944465.0,944465.0,0.0,historis
KABUPATEN BANDUNG,1,2021,944465.0,944465.0,944465.0,0.0,historis
KABUPATEN BANDUNG,1,2021,944465.0,944465.0,944465.0,0.0,historis
KABUPATEN BANDUNG,1,2021,944465.0,944465.0,944465.0,0.0,historis
KABUPATEN BANDUNG,1,2022,957033.0,944465.0,944465.0,0.0,historis
KABUPATEN BANDUNG,1,2022,957033.0,957033.0,944465.0,0.013307004494608058,historis
KABUPATEN BANDUNG,1,2022,957033.0,957033.0,957033.0,0.0,historis
KABUPATEN BANDUNG,1,2023,973384.0,957033.0,957033.0,0.0,historis
KABUPATEN BANDUNG,1,2023,973384.0,973384.0,957033.0,0.017085095289295145,historis
KABUPATEN BANDUNG,1,2023,973384.0,973384.0,973384.0,0.0,historis
KABUPATEN BANDUNG,1,2023,973384.0,973384.0,973384.0,0.0,historis
KABUPATEN BANDUNG,1,2023,973384.0,973384.0,973384.0,0.0,historis
KABUPATEN BANDUNG,1,2023,973384.0,973384.0,973384.0,0.0,historis
KABUPATEN BANDUNG,1,2023,973384.0,973384.0,973384.0,0.0,historis
KABUPATEN BANDUNG,1,2023,973384.0,973384.0,973384.0,0.0,historis
KABUPATEN BANDUNG,1,2023,973384.0,973384.0,973384.0,0.0,historis
KABUPATEN BANDUNG,1,2023,973384.0,973384.0,973384.0,0.0,historis
KABUPATEN BANDUNG,1,2023,973384.0,973384.0,973384.0,0.0,historis
KABUPATEN BANDUNG,1,2023,973384.0,973384.0,973384.0,0.0,historis
KABUPATEN BANDUNG,1,2023,973384.0,973384.0,973384.0,0.0,historis
KABUPATEN BANDUNG,1,2023,973384.0,973384.0,973384.0,0.0,historis
KABUPATEN BANDUNG,1,2023,973384.0,973384.0,973384.0,0.0,historis
KABUPATEN BANDUNG,1,2024,975892.0,973384.0,973384.0,0.0,historis
KABUPATEN BANDUNG,1,2024,975892.0,975892.0,973384.0,0.002576578205518069,historis
KABUPATEN BANDUNG,1,2024,975892.0,975892.0,975892.0,0.0,historis
KABUPATEN BANDUNG,1,2024,975892.0,975892.0,975892.0,0.0,historis
KABUPATEN BANDUNG,1,2024,975892.0,975892.0,975892.0,0.0,historis
KABUPATEN BANDUNG,1,2024,975892.0,975892.0,975892.0,0.0,historis
KABUPATEN BANDUNG,1,2024,975892.0,975892.0,975892.0,0.0,historis
KABUPATEN BANDUNG,1,2024,975892.0,975892.0,975892.0,0.0,historis
KABUPATEN BANDUNG,1,2026,975892.0,975892.0,975892.0,0.0,prediksi
KABUPATEN BANDUNG,1,2027,975892.0,975892.0,975892.0,0.0,prediksi
KABUPATEN BANDUNG,1,2028,975892.0,975892.0,975892.0,0.0,prediksi
KABUPATEN BANDUNG,1,2029,975892.0,975892.0,975892.0,0.0,prediksi
KABUPATEN BANDUNG,1,2030,975892.0,975892.0,975892.0,0.0,prediksi
KABUPATEN BANDUNG,2,2021,964.0,0.0,0.0,0.0,historis
KABUPATEN BANDUNG,2,2021,964.0,964.0,0.0,0.0,historis
KABUPATEN BANDUNG,2,2021,964.0,964.0,964.0,0.0,historis
KABUPATEN BANDUNG,2,2021,964.0,964.0,964.0,0.0,historis
KABUPATEN BANDUNG,2,2021,964.0,964.0,964.0,0.0,historis
KABUPATEN BANDUNG,2,2021,964.0,964.0,964.0,0.0,historis
KABUPATEN BANDUNG,2,2021,964.0,964.0,964.0,0.0,historis
KABUPATEN BANDUNG,2,2021,964.0,964.0,964.0,0.0,historis
KABUPATEN BANDUNG,2,2021,964.0,964.0,964.0,0.0,historis
KABUPATEN BANDUNG,2,2021,964.0,964.0,964.0,0.0,historis
KABUPATEN BANDUNG,2,2021,964.0,964.0,964.0,0.0,historis
KABUPATEN BANDUNG,2,2022,982.0,964.0,964.0,0.0,historis
KABUPATEN BANDUNG,2,2022,982.0,982.0,964.0,0.01867219917012448,historis
KABUPATEN BANDUNG,2,2022,982.0,982.0,982.0,0.0,historis
KABUPATEN BANDUNG,2,2023,984.0,982.0,982.0,0.0,historis
KABUPATEN BANDUNG,2,2023,984.0,984.0,982.0,0.002036659877800407,historis
KABUPATEN BANDUNG,2,2023,984.0,984.0,984.0,0.0,historis
KABUPATEN BANDUNG,2,2023,984.0,984.0,984.0,0.0,historis
KABUPATEN BANDUNG,2,2023,984.0,984.0,984.0,0.0,historis
KABUPATEN BANDUNG,2,2023,984.0,984.0,984.0,0.0,historis
KABUPATEN BANDUNG,2,2023,984.0,984.0,984.0,0.0,historis
KABUPATEN BANDUNG,2,2023,984.0,984.0,984.0,0.0,historis
KABUPATEN BANDUNG,2,2023,984.0,984.0,984.0,0.0,historis
KABUPATEN BANDUNG,2,2023,984.0,984.0,984.0,0.0,historis
KABUPATEN BANDUNG,2,2023,984.0,984.0,984.0,0.0,historis
KABUPATEN BANDUNG,2,2023,984.0,984.0,984.0,0.0,historis
KABUPATEN BANDUNG,2,2023,984.0,984.0,984.0,0.0,historis
KABUPATEN BANDUNG,2,2023,984.0,984.0,984.0,0.0,historis
KABUPATEN BANDUNG,2,2023,984.0,984.0,984.0,0.0,historis
KABUPATEN BANDUNG,2,2024,1023.0,984.0,984.0,0.0,historis
KABUPATEN BANDUNG,2,2024,1023.0,1023.0,984.0,0.039634146341463415,historis
KABUPATEN BANDUNG,2,2024,1023.0,1023.0,1023.0,0.0,historis
KABUPATEN BANDUNG,2,2024,1023.0,1023.0,1023.0,0.0,historis
KABUPATEN BANDUNG,2,2024,1023.0,1023.0,1023.0,0.0,historis
KABUPATEN BANDUNG,2,2024,1023.0,1023.0,1023.0,0.0,historis
KABUPATEN BANDUNG,2,2024,1023.0,1023.0,1023.0,0.0,historis
KABUPATEN BANDUNG,2,2024,1023.0,1023.0,1023.0,0.0,historis
KABUPATEN BANDUNG,2,2026,966.0,1023.0,984.0,0.0396,prediksi
KABUPATEN BANDUNG,2,2027,966.0,966.0,1023.0,-0.0559,prediksi
KABUPATEN BANDUNG,2,2028,966.0,966.0,966.0,0.0,prediksi
KABUPATEN BANDUNG,2,2029,966.0,966.0,966.0,0.0,prediksi
KABUPATEN BANDUNG,2,2030,966.0,966.0,966.0,0.0,prediksi
KABUPATEN BANDUNG,3,2021,36697.0,0.0,0.0,0.0,historis
KABUPATEN BANDUNG,3,2021,36697.0,36697.0,0.0,0.0,historis
KABUPATEN BANDUNG,3,2021,36697.0,36697.0,36697.0,0.0,historis
KABUPATEN BANDUNG,3,2021,36697.0,36697.0,36697.0,0.0,historis
KABUPATEN BANDUNG,3,2021,36697.0,36697.0,36697.0,0.0,historis
KABUPATEN BANDUNG,3,2021,36697.0,36697.0,36697.0,0.0,historis
KABUPATEN BANDUNG,3,2021,36697.0,36697.0,36697.0,0.0,historis
KABUPATEN BANDUNG,3,2021,36697.0,36697.0,36697.0,0.0,historis
KABUPATEN BANDUNG,3,2021,36697.0,36697.0,36697.0,0.0,historis
KABUPATEN BANDUNG,3,2021,36697.0,36697.0,36697.0,0.0,historis
KABUPATEN BANDUNG,3,2021,36697.0,36697.0,36697.0,0.0,historis
KABUPATEN BANDUNG,3,2022,37762.0,36697.0,36697.0,0.0,historis
KABUPATEN BANDUNG,3,2022,37762.0,37762.0,36697.0,0.02902144589475979,historis
KABUPATEN BANDUNG,3,2022,37762.0,37762.0,37762.0,0.0,historis
KABUPATEN BANDUNG,3,2023,38386.0,37762.0,37762.0,0.0,historis
KABUPATEN BANDUNG,3,2023,38386.0,38386.0,37762.0,0.016524548487897885,historis
KABUPATEN BANDUNG,3,2023,38386.0,38386.0,38386.0,0.0,historis
KABUPATEN BANDUNG,3,2023,38386.0,38386.0,38386.0,0.0,historis
KABUPATEN BANDUNG,3,2023,38386.0,38386.0,38386.0,0.0,historis
KABUPATEN BANDUNG,3,2023,38386.0,38386.0,38386.0,0.0,historis
KABUPATEN BANDUNG,3,2023,38386.0,38386.0,38386.0,0.0,historis
KABUPATEN BANDUNG,3,2023,38386.0,38386.0,38386.0,0.0,historis
KABUPATEN BANDUNG,3,2023,38386.0,38386.0,38386.0,0.0,historis
KABUPATEN BANDUNG,3,2023,38386.0,38386.0,38386.0,0.0,historis
KABUPATEN BANDUNG,3,2023,38386.0,38386.0,38386.0,0.0,historis
KABUPATEN BANDUNG,3,2023,38386.0,38386.0,38386.0,0.0,historis
KABUPATEN BANDUNG,3,2023,38386.0,38386.0,38386.0,0.0,historis
KABUPATEN BANDUNG,3,2023,38386.0,38386.0,38386.0,0.0,historis
KABUPATEN BANDUNG,3,2023,38386.0,38386.0,38386.0,0.0,historis
KABUPATEN BANDUNG,3,2024,38026.0,38386.0,38386.0,0.0,historis
KABUPATEN BANDUNG,3,2024,38026.0,38026.0,38386.0,-0.009378419215338926,historis
KABUPATEN BANDUNG,3,2024,38026.0,38026.0,38026.0,0.0,historis
KABUPATEN BANDUNG,3,2024,38026.0,38026.0,38026.0,0.0,historis
KABUPATEN BANDUNG,3,2024,38026.0,38026.0,38026.0,0.0,historis
KABUPATEN BANDUNG,3,2024,38026.0,38026.0,38026.0,0.0,historis
KABUPATEN BANDUNG,3,2024,38026.0,38026.0,38026.0,0.0,historis
KABUPATEN BANDUNG,3,2024,38026.0,38026.0,38026.0,0.0,historis
KABUPATEN BANDUNG,3,2026,38026.0,38026.0,38026.0,0.0,prediksi
KABUPATEN BANDUNG,3,2027,38026.0,38026.0,38026.0,0.0,prediksi
KABUPATEN BANDUNG,3,2028,38026.0,38026.0,38026.0,0.0,prediksi
KABUPATEN BANDUNG,3,2029,38026.0,38026.0,38026.0,0.0,prediksi
KABUPATEN BANDUNG,3,2030,38026.0,38026.0,38026.0,0.0,prediksi
KABUPATEN BANDUNG BARAT,0,2021,66197.0,0.0,0.0,0.0,historis
KABUPATEN BANDUNG BARAT,0,2021,66197.0,66197.0,0.0,0.0,historis
KABUPATEN BANDUNG BARAT,0,2021,66197.0,66197.0,66197.0,0.0,historis
KABUPATEN BANDUNG BARAT,0,2021,66197.0,66197.0,66197.0,0.0,historis
KABUPATEN BANDUNG BARAT,0,2021,66197.0,66197.0,66197.0,0.0,historis
KABUPATEN BANDUNG BARAT,0,2021,66197.0,66197.0,66197.0,0.0,historis
KABUPATEN BANDUNG BARAT,0,2021,66197.0,66197.0,66197.0,0.0,historis
KABUPATEN BANDUNG BARAT,0,2021,66197.0,66197.0,66197.0,0.0,historis
KABUPATEN BANDUNG BARAT,0,2021,66197.0,66197.0,66197.0,0.0,historis
KABUPATEN BANDUNG BARAT,0,2021,66197.0,66197.0,66197.0,0.0,historis
KABUPATEN BANDUNG BARAT,0,2021,66197.0,66197.0,66197.0,0.0,historis
KABUPATEN BANDUNG BARAT,0,2021,66197.0,66197.0,66197.0,0.0,historis
KABUPATEN BANDUNG BARAT,0,2021,66197.0,66197.0,66197.0,0.0,historis
KABUPATEN BANDUNG BARAT,0,2022,69830.0,66197.0,66197.0,0.0,historis
KABUPATEN BANDUNG BARAT,0,2022,69830.0,69830.0,66197.0,0.05488164116198619,historis
KABUPATEN BANDUNG BARAT,0,2022,69830.0,69830.0,69830.0,0.0,historis
KABUPATEN BANDUNG BARAT,0,2022,69830.0,69830.0,69830.0,0.0,historis
KABUPATEN BANDUNG BARAT,0,2022,69830.0,69830.0,69830.0,0.0,historis
KABUPATEN BANDUNG BARAT,0,2022,69830.0,69830.0,69830.0,0.0,historis
KABUPATEN BANDUNG BARAT,0,2022,69830.0,69830.0,69830.0,0.0,historis
KABUPATEN BANDUNG BARAT,0,2022,69830.0,69830.0,69830.0,0.0,historis
KABUPATEN BANDUNG BARAT,0,2022,69830.0,69830.0,69830.0,0.0,historis
KABUPATEN BANDUNG BARAT,0,2023,72948.0,69830.0,69830.0,0.0,historis
KABUPATEN BANDUNG BARAT,0,2023,72948.0,72948.0,69830.0,0.04465129600458256,historis
KABUPATEN BANDUNG BARAT,0,2023,72948.0,72948.0,72948.0,0.0,historis
KABUPATEN BANDUNG BARAT,0,2023,72948.0,72948.0,72948.0,0.0,historis
KABUPATEN BANDUNG BARAT,0,2023,72948.0,72948.0,72948.0,0.0,historis
KABUPATEN BANDUNG BARAT,0,2023,72948.0,72948.0,72948.0,0.0,historis
KABUPATEN BANDUNG BARAT,0,2024,74820.0,72948.0,72948.0,0.0,historis
KABUPATEN BANDUNG BARAT,0,2024,74820.0,74820.0,72948.0,0.02566211547951966,historis
KABUPATEN BANDUNG BARAT,0,2024,74820.0,74820.0,74820.0,0.0,historis
KABUPATEN BANDUNG BARAT,0,2024,74820.0,74820.0,74820.0,0.0,historis
KABUPATEN BANDUNG BARAT,0,2024,74820.0,74820.0,74820.0,0.0,historis
KABUPATEN BANDUNG BARAT,0,2024,74820.0,74820.0,74820.0,0.0,historis
KABUPATEN BANDUNG BARAT,0,2024,74820.0,74820.0,74820.0,0.0,historis
KABUPATEN BANDUNG BARAT,0,2026,74820.0,74820.0,74820.0,0.0,prediksi
KABUPATEN BANDUNG BARAT,0,2027,74820.0,74820.0,74820.0,0.0,prediksi
KABUPATEN BANDUNG BARAT,0,2028,74820.0,74820.0,74820.0,0.0,prediksi
KABUPATEN BANDUNG BARAT,0,2029,74820.0,74820.0,74820.0,0.0,prediksi
KABUPATEN BANDUNG BARAT,0,2030,74820.0,74820.0,74820.0,0.0,prediksi
KABUPATEN BANDUNG BARAT,1,2021,535359.0,0.0,0.0,0.0,historis
KABUPATEN BANDUNG BARAT,1,2021,535359.0,535359.0,0.0,0.0,historis
KABUPATEN BANDUNG BARAT,1,2021,535359.0,535359.0,535359.0,0.0,historis
KABUPATEN BANDUNG BARAT,1,2021,535359.0,535359.0,535359.0,0.0,historis
KABUPATEN BANDUNG BARAT,1,2021,535359.0,535359.0,535359.0,0.0,historis
KABUPATEN BANDUNG BARAT,1,2021,535359.0,535359.0,535359.0,0.0,historis
KABUPATEN BANDUNG BARAT,1,2021,535359.0,535359.0,535359.0,0.0,historis
KABUPATEN BANDUNG BARAT,1,2021,535359.0,535359.0,535359.0,0.0,historis
KABUPATEN BANDUNG BARAT,1,2021,535359.0,535359.0,535359.0,0.0,historis
KABUPATEN BANDUNG BARAT,1,2021,535359.0,535359.0,535359.0,0.0,historis
KABUPATEN BANDUNG BARAT,1,2021,535359.0,535359.0,535359.0,0.0,historis
KABUPATEN BANDUNG BARAT,1,2021,535359.0,535359.0,535359.0,0.0,historis
KABUPATEN BANDUNG BARAT,1,2021,535359.0,535359.0,535359.0,0.0,historis
KABUPATEN BANDUNG BARAT,1,2022,541983.0,535359.0,535359.0,0.0,historis
KABUPATEN BANDUNG BARAT,1,2022,541983.0,541983.0,535359.0,0.012373005777431592,historis
KABUPATEN BANDUNG BARAT,1,2022,541983.0,541983.0,541983.0,0.0,historis
KABUPATEN BANDUNG BARAT,1,2022,541983.0,541983.0,541983.0,0.0,historis
KABUPATEN BANDUNG BARAT,1,2022,541983.0,541983.0,541983.0,0.0,historis
KABUPATEN BANDUNG BARAT,1,2022,541983.0,541983.0,541983.0,0.0,historis
KABUPATEN BANDUNG BARAT,1,2022,541983.0,541983.0,541983.0,0.0,historis
KABUPATEN BANDUNG BARAT,1,2022,541983.0,541983.0,541983.0,0.0,historis
KABUPATEN BANDUNG BARAT,1,2022,541983.0,541983.0,541983.0,0.0,historis
KABUPATEN BANDUNG BARAT,1,2023,554116.0,541983.0,541983.0,0.0,historis
KABUPATEN BANDUNG BARAT,1,2023,554116.0,554116.0,541983.0,0.022386311009754918,historis
KABUPATEN BANDUNG BARAT,1,2023,554116.0,554116.0,554116.0,0.0,historis
KABUPATEN BANDUNG BARAT,1,2023,554116.0,554116.0,554116.0,0.0,historis
KABUPATEN BANDUNG BARAT,1,2023,554116.0,554116.0,554116.0,0.0,historis
KABUPATEN BANDUNG BARAT,1,2023,554116.0,554116.0,554116.0,0.0,historis
KABUPATEN BANDUNG BARAT,1,2024,561092.0,554116.0,554116.0,0.0,historis
KABUPATEN BANDUNG BARAT,1,2024,561092.0,561092.0,554116.0,0.012589421709533744,historis
KABUPATEN BANDUNG BARAT,1,2024,561092.0,561092.0,561092.0,0.0,historis
KABUPATEN BANDUNG BARAT,1,2024,561092.0,561092.0,561092.0,0.0,historis
KABUPATEN BANDUNG BARAT,1,2024,561092.0,561092.0,561092.0,0.0,historis
KABUPATEN BANDUNG BARAT,1,2024,561092.0,561092.0,561092.0,0.0,historis
KABUPATEN BANDUNG BARAT,1,2024,561092.0,561092.0,561092.0,0.0,historis
KABUPATEN BANDUNG BARAT,1,2026,561092.0,561092.0,561092.0,0.0,prediksi
KABUPATEN BANDUNG BARAT,1,2027,561092.0,561092.0,561092.0,0.0,prediksi
KABUPATEN BANDUNG BARAT,1,2028,561092.0,561092.0,561092.0,0.0,prediksi
KABUPATEN BANDUNG BARAT,1,2029,561092.0,561092.0,561092.0,0.0,prediksi
KABUPATEN BANDUNG BARAT,1,2030,561092.0,561092.0,561092.0,0.0,prediksi
KABUPATEN BANDUNG BARAT,2,2021,502.0,0.0,0.0,0.0,historis
KABUPATEN BANDUNG BARAT,2,2021,502.0,502.0,0.0,0.0,historis
KABUPATEN BANDUNG BARAT,2,2021,502.0,502.0,502.0,0.0,historis
KABUPATEN BANDUNG BARAT,2,2021,502.0,502.0,502.0,0.0,historis
KABUPATEN BANDUNG BARAT,2,2021,502.0,502.0,502.0,0.0,historis
KABUPATEN BANDUNG BARAT,2,2021,502.0,502.0,502.0,0.0,historis
KABUPATEN BANDUNG BARAT,2,2021,502.0,502.0,502.0,0.0,historis
KABUPATEN BANDUNG BARAT,2,2021,502.0,502.0,502.0,0.0,historis
KABUPATEN BANDUNG BARAT,2,2021,502.0,502.0,502.0,0.0,historis
KABUPATEN BANDUNG BARAT,2,2021,502.0,502.0,502.0,0.0,historis
KABUPATEN BANDUNG BARAT,2,2021,502.0,502.0,502.0,0.0,historis
KABUPATEN BANDUNG BARAT,2,2021,502.0,502.0,502.0,0.0,historis
KABUPATEN BANDUNG BARAT,2,2021,502.0,502.0,502.0,0.0,historis
KABUPATEN BANDUNG BARAT,2,2022,516.0,502.0,502.0,0.0,historis
KABUPATEN BANDUNG BARAT,2,2022,516.0,516.0,502.0,0.027888446215139442,historis
KABUPATEN BANDUNG BARAT,2,2022,516.0,516.0,516.0,0.0,historis
KABUPATEN BANDUNG BARAT,2,2022,516.0,516.0,516.0,0.0,historis
KABUPATEN BANDUNG BARAT,2,2022,516.0,516.0,516.0,0.0,historis
KABUPATEN BANDUNG BARAT,2,2022,516.0,516.0,516.0,0.0,historis
KABUPATEN BANDUNG BARAT,2,2022,516.0,516.0,516.0,0.0,historis
KABUPATEN BANDUNG BARAT,2,2022,516.0,516.0,516.0,0.0,historis
KABUPATEN BANDUNG BARAT,2,2022,516.0,516.0,516.0,0.0,historis
KABUPATEN BANDUNG BARAT,2,2023,518.0,516.0,516.0,0.0,historis
KABUPATEN BANDUNG BARAT,2,2023,518.0,518.0,516.0,0.003875968992248062,historis
KABUPATEN BANDUNG BARAT,2,2023,518.0,518.0,518.0,0.0,historis
KABUPATEN BANDUNG BARAT,2,2023,518.0,518.0,518.0,0.0,historis
KABUPATEN BANDUNG BARAT,2,2023,518.0,518.0,518.0,0.0,historis
KABUPATEN BANDUNG BARAT,2,2023,518.0,518.0,518.0,0.0,historis
KABUPATEN BANDUNG BARAT,2,2024,546.0,518.0,518.0,0.0,historis
KABUPATEN BANDUNG BARAT,2,2024,546.0,546.0,518.0,0.05405405405405406,historis
KABUPATEN BANDUNG BARAT,2,2024,546.0,546.0,546.0,0.0,historis
KABUPATEN BANDUNG BARAT,2,2024,546.0,546.0,546.0,0.0,historis
KABUPATEN BANDUNG BARAT,2,2024,546.0,546.0,546.0,0.0,historis
KABUPATEN BANDUNG BARAT,2,2024,546.0,546.0,546.0,0.0,historis
KABUPATEN BANDUNG BARAT,2,2024,546.0,546.0,546.0,0.0,historis
KABUPATEN BANDUNG BARAT,2,2026,508.0,546.0,518.0,0.0541,prediksi
KABUPATEN BANDUNG BARAT,2,2027,508.0,508.0,546.0,-0.0694,prediksi
KABUPATEN BANDUNG BARAT,2,2028,508.0,508.0,508.0,0.0,prediksi
KABUPATEN BANDUNG BARAT,2,2029,508.0,508.0,508.0,0.0,prediksi
KABUPATEN BANDUNG BARAT,2,2030,508.0,508.0,508.0,0.0,prediksi
KABUPATEN BANDUNG BARAT,3,2021,20851.0,0.0,0.0,0.0,historis
KABUPATEN BANDUNG BARAT,3,2021,20851.0,20851.0,0.0,0.0,historis
KABUPATEN BANDUNG BARAT,3,2021,20851.0,20851.0,20851.0,0.0,historis
KABUPATEN BANDUNG BARAT,3,2021,20851.0,20851.0,20851.0,0.0,historis
KABUPATEN BANDUNG BARAT,3,2021,20851.0,20851.0,20851.0,0.0,historis
KABUPATEN BANDUNG BARAT,3,2021,20851.0,20851.0,20851.0,0.0,historis
KABUPATEN BANDUNG BARAT,3,2021,20851.0,20851.0,20851.0,0.0,historis
KABUPATEN BANDUNG BARAT,3,2021,20851.0,20851.0,20851.0,0.0,historis
KABUPATEN BANDUNG BARAT,3,2021,20851.0,20851.0,20851.0,0.0,historis
KABUPATEN BANDUNG BARAT,3,2021,20851.0,20851.0,20851.0,0.0,historis
KABUPATEN BANDUNG BARAT,3,2021,20851.0,20851.0,20851.0,0.0,historis
KABUPATEN BANDUNG BARAT,3,2021,20851.0,20851.0,20851.0,0.0,historis
KABUPATEN BANDUNG BARAT,3,2021,20851.0,20851.0,20851.0,0.0,historis
KABUPATEN BANDUNG BARAT,3,2022,21395.0,20851.0,20851.0,0.0,historis
KABUPATEN BANDUNG BARAT,3,2022,21395.0,21395.0,20851.0,0.026089875785334036,historis
KABUPATEN BANDUNG BARAT,3,2022,21395.0,21395.0,21395.0,0.0,historis
KABUPATEN BANDUNG BARAT,3,2022,21395.0,21395.0,21395.0,0.0,historis
KABUPATEN BANDUNG BARAT,3,2022,21395.0,21395.0,21395.0,0.0,historis
KABUPATEN BANDUNG BARAT,3,2022,21395.0,21395.0,21395.0,0.0,historis
KABUPATEN BANDUNG BARAT,3,2022,21395.0,21395.0,21395.0,0.0,historis
KABUPATEN BANDUNG BARAT,3,2022,21395.0,21395.0,21395.0,0.0,historis
KABUPATEN BANDUNG BARAT,3,2022,21395.0,21395.0,21395.0,0.0,historis
KABUPATEN BANDUNG BARAT,3,2023,21730.0,21395.0,21395.0,0.0,historis
KABUPATEN BANDUNG BARAT,3,2023,21730.0,21730.0,21395.0,0.01565786398691283,historis
KABUPATEN BANDUNG BARAT,3,2023,21730.0,21730.0,21730.0,0.0,historis
KABUPATEN BANDUNG BARAT,3,2023,21730.0,21730.0,21730.0,0.0,historis
KABUPATEN BANDUNG BARAT,3,2023,21730.0,21730.0,21730.0,0.0,historis
KABUPATEN BANDUNG BARAT,3,2023,21730.0,21730.0,21730.0,0.0,historis
KABUPATEN BANDUNG BARAT,3,2024,21732.0,21730.0,21730.0,0.0,historis
KABUPATEN BANDUNG BARAT,3,2024,21732.0,21732.0,21730.0,9.203865623561896e-05,historis
KABUPATEN BANDUNG BARAT,3,2024,21732.0,21732.0,21732.0,0.0,historis
KABUPATEN BANDUNG BARAT,3,2024,21732.0,21732.0,21732.0,0.0,historis
KABUPATEN BANDUNG BARAT,3,2024,21732.0,21732.0,21732.0,0.0,historis
KABUPATEN BANDUNG BARAT,3,2024,21732.0,21732.0,21732.0,0.0,historis
KABUPATEN BANDUNG BARAT,3,2024,21732.0,21732.0,21732.0,0.0,historis
KABUPATEN BANDUNG BARAT,3,2026,21732.0,21732.0,21730.0,0.0001,prediksi
KABUPATEN BANDUNG BARAT,3,2027,21732.0,21732.0,21732.0,0.0,prediksi
KABUPATEN BANDUNG BARAT,3,2028,21732.0,21732.0,21732.0,0.0,prediksi
KABUPATEN BANDUNG BARAT,3,2029,21732.0,21732.0,21732.0,0.0,prediksi
KABUPATEN BANDUNG BARAT,3,2030,21732.0,21732.0,21732.0,0.0,prediksi
KABUPATEN BEKASI,0,2021,212563.0,0.0,0.0,0.0,historis
KABUPATEN BEKASI,0,2021,212563.0,212563.0,0.0,0.0,historis
KABUPATEN BEKASI,0,2021,212563.0,212563.0,212563.0,0.0,historis
KABUPATEN BEKASI,0,2021,212563.0,212563.0,212563.0,0.0,historis
KABUPATEN BEKASI,0,2021,212563.0,212563.0,212563.0,0.0,historis
KABUPATEN BEKASI,0,2021,212563.0,212563.0,212563.0,0.0,historis
KABUPATEN BEKASI,0,2021,212563.0,212563.0,212563.0,0.0,historis
KABUPATEN BEKASI,0,2021,212563.0,212563.0,212563.0,0.0,historis
KABUPATEN BEKASI,0,2021,212563.0,212563.0,212563.0,0.0,historis
KABUPATEN BEKASI,0,2021,212563.0,212563.0,212563.0,0.0,historis
KABUPATEN BEKASI,0,2021,212563.0,212563.0,212563.0,0.0,historis
KABUPATEN BEKASI,0,2021,212563.0,212563.0,212563.0,0.0,historis
KABUPATEN BEKASI,0,2021,212563.0,212563.0,212563.0,0.0,historis
KABUPATEN BEKASI,0,2022,300651.0,212563.0,212563.0,0.0,historis
KABUPATEN BEKASI,0,2022,300651.0,300651.0,212563.0,0.4144089046541496,historis
KABUPATEN BEKASI,0,2022,300651.0,300651.0,300651.0,0.0,historis
KABUPATEN BEKASI,0,2022,300651.0,300651.0,300651.0,0.0,historis
KABUPATEN BEKASI,0,2022,300651.0,300651.0,300651.0,0.0,historis
KABUPATEN BEKASI,0,2023,233260.0,300651.0,300651.0,0.0,historis
KABUPATEN BEKASI,0,2023,233260.0,233260.0,300651.0,-0.22415026060116214,historis
KABUPATEN BEKASI,0,2023,233260.0,233260.0,233260.0,0.0,historis
KABUPATEN BEKASI,0,2023,233260.0,233260.0,233260.0,0.0,historis
KABUPATEN BEKASI,0,2023,233260.0,233260.0,233260.0,0.0,historis
KABUPATEN BEKASI,0,2023,233260.0,233260.0,233260.0,0.0,historis
KABUPATEN BEKASI,0,2024,241387.0,233260.0,233260.0,0.0,historis
KABUPATEN BEKASI,0,2024,241387.0,241387.0,233260.0,0.03484095001286119,historis
KABUPATEN BEKASI,0,2024,241387.0,241387.0,241387.0,0.0,historis
KABUPATEN BEKASI,0,2024,241387.0,241387.0,241387.0,0.0,historis
KABUPATEN BEKASI,0,2024,241387.0,241387.0,241387.0,0.0,historis
KABUPATEN BEKASI,0,2024,241387.0,241387.0,241387.0,0.0,historis
KABUPATEN BEKASI,0,2024,241387.0,241387.0,241387.0,0.0,historis
KABUPATEN BEKASI,0,2024,241387.0,241387.0,241387.0,0.0,historis
KABUPATEN BEKASI,0,2024,241387.0,241387.0,241387.0,0.0,historis
KABUPATEN BEKASI,0,2026,241297.0,241387.0,241387.0,0.0,prediksi
KABUPATEN BEKASI,0,2027,241297.0,241297.0,241387.0,-0.0004,prediksi
KABUPATEN BEKASI,0,2028,241297.0,241297.0,241297.0,0.0,prediksi
KABUPATEN BEKASI,0,2029,241297.0,241297.0,241297.0,0.0,prediksi
KABUPATEN BEKASI,0,2030,241297.0,241297.0,241297.0,0.0,prediksi
KABUPATEN BEKASI,1,2021,1220358.0,0.0,0.0,0.0,historis
KABUPATEN BEKASI,1,2021,1220358.0,1220358.0,0.0,0.0,historis
KABUPATEN BEKASI,1,2021,1220358.0,1220358.0,1220358.0,0.0,historis
KABUPATEN BEKASI,1,2021,1220358.0,1220358.0,1220358.0,0.0,historis
KABUPATEN BEKASI,1,2021,1220358.0,1220358.0,1220358.0,0.0,historis
KABUPATEN BEKASI,1,2021,1220358.0,1220358.0,1220358.0,0.0,historis
KABUPATEN BEKASI,1,2021,1220358.0,1220358.0,1220358.0,0.0,historis
KABUPATEN BEKASI,1,2021,1220358.0,1220358.0,1220358.0,0.0,historis
KABUPATEN BEKASI,1,2021,1220358.0,1220358.0,1220358.0,0.0,historis
KABUPATEN BEKASI,1,2021,1220358.0,1220358.0,1220358.0,0.0,historis
KABUPATEN BEKASI,1,2021,1220358.0,1220358.0,1220358.0,0.0,historis
KABUPATEN BEKASI,1,2021,1220358.0,1220358.0,1220358.0,0.0,historis
KABUPATEN BEKASI,1,2021,1220358.0,1220358.0,1220358.0,0.0,historis
KABUPATEN BEKASI,1,2022,1147706.0,1220358.0,1220358.0,0.0,historis
KABUPATEN BEKASI,1,2022,1147706.0,1147706.0,1220358.0,-0.0595333500497395,historis
KABUPATEN BEKASI,1,2022,1147706.0,1147706.0,1147706.0,0.0,historis
KABUPATEN BEKASI,1,2022,1147706.0,1147706.0,1147706.0,0.0,historis
KABUPATEN BEKASI,1,2022,1147706.0,1147706.0,1147706.0,0.0,historis
KABUPATEN BEKASI,1,2023,1258080.0,1147706.0,1147706.0,0.0,historis
KABUPATEN BEKASI,1,2023,1258080.0,1258080.0,1147706.0,0.09616922800786962,historis
KABUPATEN BEKASI,1,2023,1258080.0,1258080.0,1258080.0,0.0,historis
KABUPATEN BEKASI,1,2023,1258080.0,1258080.0,1258080.0,0.0,historis
KABUPATEN BEKASI,1,2023,1258080.0,1258080.0,1258080.0,0.0,historis
KABUPATEN BEKASI,1,2023,1258080.0,1258080.0,1258080.0,0.0,historis
KABUPATEN BEKASI,1,2024,1268448.0,1258080.0,1258080.0,0.0,historis
KABUPATEN BEKASI,1,2024,1268448.0,1268448.0,1258080.0,0.008241129339946585,historis
KABUPATEN BEKASI,1,2024,1268448.0,1268448.0,1268448.0,0.0,historis
KABUPATEN BEKASI,1,2024,1268448.0,1268448.0,1268448.0,0.0,historis
KABUPATEN BEKASI,1,2024,1268448.0,1268448.0,1268448.0,0.0,historis
KABUPATEN BEKASI,1,2024,1268448.0,1268448.0,1268448.0,0.0,historis
KABUPATEN BEKASI,1,2024,1268448.0,1268448.0,1268448.0,0.0,historis
KABUPATEN BEKASI,1,2024,1268448.0,1268448.0,1268448.0,0.0,historis
KABUPATEN BEKASI,1,2024,1268448.0,1268448.0,1268448.0,0.0,historis
KABUPATEN BEKASI,1,2026,1268448.0,1268448.0,1268448.0,0.0,prediksi
KABUPATEN BEKASI,1,2027,1268448.0,1268448.0,1268448.0,0.0,prediksi
KABUPATEN BEKASI,1,2028,1268448.0,1268448.0,1268448.0,0.0,prediksi
KABUPATEN BEKASI,1,2029,1268448.0,1268448.0,1268448.0,0.0,prediksi
KABUPATEN BEKASI,1,2030,1268448.0,1268448.0,1268448.0,0.0,prediksi
KABUPATEN BEKASI,2,2021,3367.0,0.0,0.0,0.0,historis
KABUPATEN BEKASI,2,2021,3367.0,3367.0,0.0,0.0,historis
KABUPATEN BEKASI,2,2021,3367.0,3367.0,3367.0,0.0,historis
KABUPATEN BEKASI,2,2021,3367.0,3367.0,3367.0,0.0,historis
KABUPATEN BEKASI,2,2021,3367.0,3367.0,3367.0,0.0,historis
KABUPATEN BEKASI,2,2021,3367.0,3367.0,3367.0,0.0,historis
KABUPATEN BEKASI,2,2021,3367.0,3367.0,3367.0,0.0,historis
KABUPATEN BEKASI,2,2021,3367.0,3367.0,3367.0,0.0,historis
KABUPATEN BEKASI,2,2021,3367.0,3367.0,3367.0,0.0,historis
KABUPATEN BEKASI,2,2021,3367.0,3367.0,3367.0,0.0,historis
KABUPATEN BEKASI,2,2021,3367.0,3367.0,3367.0,0.0,historis
KABUPATEN BEKASI,2,2021,3367.0,3367.0,3367.0,0.0,historis
KABUPATEN BEKASI,2,2021,3367.0,3367.0,3367.0,0.0,historis
KABUPATEN BEKASI,2,2022,2331.0,3367.0,3367.0,0.0,historis
KABUPATEN BEKASI,2,2022,2331.0,2331.0,3367.0,-0.3076923076923077,historis
KABUPATEN BEKASI,2,2022,2331.0,2331.0,2331.0,0.0,historis
KABUPATEN BEKASI,2,2022,2331.0,2331.0,2331.0,0.0,historis
KABUPATEN BEKASI,2,2022,2331.0,2331.0,2331.0,0.0,historis
KABUPATEN BEKASI,2,2023,3545.0,2331.0,2331.0,0.0,historis
KABUPATEN BEKASI,2,2023,3545.0,3545.0,2331.0,0.5208065208065208,historis
KABUPATEN BEKASI,2,2023,3545.0,3545.0,3545.0,0.0,historis
KABUPATEN BEKASI,2,2023,3545.0,3545.0,3545.0,0.0,historis
KABUPATEN BEKASI,2,2023,3545.0,3545.0,3545.0,0.0,historis
KABUPATEN BEKASI,2,2023,3545.0,3545.0,3545.0,0.0,historis
KABUPATEN BEKASI,2,2024,3696.0,3545.0,3545.0,0.0,historis
KABUPATEN BEKASI,2,2024,3696.0,3696.0,3545.0,0.042595204513399154,historis
KABUPATEN BEKASI,2,2024,3696.0,3696.0,3696.0,0.0,historis
KABUPATEN BEKASI,2,2024,3696.0,3696.0,3696.0,0.0,historis
KABUPATEN BEKASI,2,2024,3696.0,3696.0,3696.0,0.0,historis
KABUPATEN BEKASI,2,2024,3696.0,3696.0,3696.0,0.0,historis
KABUPATEN BEKASI,2,2024,3696.0,3696.0,3696.0,0.0,historis
KABUPATEN BEKASI,2,2024,3696.0,3696.0,3696.0,0.0,historis
KABUPATEN BEKASI,2,2024,3696.0,3696.0,3696.0,0.0,historis
KABUPATEN BEKASI,2,2026,3650.0,3696.0,3696.0,0.0,prediksi
KABUPATEN BEKASI,2,2027,3650.0,3650.0,3696.0,-0.0126,prediksi
KABUPATEN BEKASI,2,2028,3650.0,3650.0,3650.0,0.0,prediksi
KABUPATEN BEKASI,2,2029,3650.0,3650.0,3650.0,0.0,prediksi
KABUPATEN BEKASI,2,2030,3650.0,3650.0,3650.0,0.0,prediksi
KABUPATEN BEKASI,3,2021,58017.0,0.0,0.0,0.0,historis
KABUPATEN BEKASI,3,2021,58017.0,58017.0,0.0,0.0,historis
KABUPATEN BEKASI,3,2021,58017.0,58017.0,58017.0,0.0,historis
KABUPATEN BEKASI,3,2021,58017.0,58017.0,58017.0,0.0,historis
KABUPATEN BEKASI,3,2021,58017.0,58017.0,58017.0,0.0,historis
KABUPATEN BEKASI,3,2021,58017.0,58017.0,58017.0,0.0,historis
KABUPATEN BEKASI,3,2021,58017.0,58017.0,58017.0,0.0,historis
KABUPATEN BEKASI,3,2021,58017.0,58017.0,58017.0,0.0,historis
KABUPATEN BEKASI,3,2021,58017.0,58017.0,58017.0,0.0,historis
KABUPATEN BEKASI,3,2021,58017.0,58017.0,58017.0,0.0,historis
KABUPATEN BEKASI,3,2021,58017.0,58017.0,58017.0,0.0,historis
KABUPATEN BEKASI,3,2021,58017.0,58017.0,58017.0,0.0,historis
KABUPATEN BEKASI,3,2021,58017.0,58017.0,58017.0,0.0,historis
KABUPATEN BEKASI,3,2022,51445.0,58017.0,58017.0,0.0,historis
KABUPATEN BEKASI,3,2022,51445.0,51445.0,58017.0,-0.1132771429063895,historis
KABUPATEN BEKASI,3,2022,51445.0,51445.0,51445.0,0.0,historis
KABUPATEN BEKASI,3,2022,51445.0,51445.0,51445.0,0.0,historis
KABUPATEN BEKASI,3,2022,51445.0,51445.0,51445.0,0.0,historis
KABUPATEN BEKASI,3,2023,61401.0,51445.0,51445.0,0.0,historis
KABUPATEN BEKASI,3,2023,61401.0,61401.0,51445.0,0.193527067742249,historis
KABUPATEN BEKASI,3,2023,61401.0,61401.0,61401.0,0.0,historis
KABUPATEN BEKASI,3,2023,61401.0,61401.0,61401.0,0.0,historis
KABUPATEN BEKASI,3,2023,61401.0,61401.0,61401.0,0.0,historis
KABUPATEN BEKASI,3,2023,61401.0,61401.0,61401.0,0.0,historis
KABUPATEN BEKASI,3,2024,62313.0,61401.0,61401.0,0.0,historis
KABUPATEN BEKASI,3,2024,62313.0,62313.0,61401.0,0.014853178286998583,historis
KABUPATEN BEKASI,3,2024,62313.0,62313.0,62313.0,0.0,historis
KABUPATEN BEKASI,3,2024,62313.0,62313.0,62313.0,0.0,historis
KABUPATEN BEKASI,3,2024,62313.0,62313.0,62313.0,0.0,historis
KABUPATEN BEKASI,3,2024,62313.0,62313.0,62313.0,0.0,historis
KABUPATEN BEKASI,3,2024,62313.0,62313.0,62313.0,0.0,historis
KABUPATEN BEKASI,3,2024,62313.0,62313.0,62313.0,0.0,historis
KABUPATEN BEKASI,3,2024,62313.0,62313.0,62313.0,0.0,historis
KABUPATEN BEKASI,3,2026,62313.0,62313.0,62313.0,0.0,prediksi
KABUPATEN BEKASI,3,2027,62313.0,62313.0,62313.0,0.0,prediksi
KABUPATEN BEKASI,3,2028,62313.0,62313.0,62313.0,0.0,prediksi
KABUPATEN BEKASI,3,2029,62313.0,62313.0,62313.0,0.0,prediksi
KABUPATEN BEKASI,3,2030,62313.0,62313.0,62313.0,0.0,prediksi
KABUPATEN BOGOR,0,2021,174391.0,0.0,0.0,0.0,historis
KABUPATEN BOGOR,0,2021,174391.0,174391.0,0.0,0.0,historis
KABUPATEN BOGOR,0,2021,174391.0,174391.0,174391.0,0.0,historis
KABUPATEN BOGOR,0,2021,174391.0,174391.0,174391.0,0.0,historis
KABUPATEN BOGOR,0,2021,174391.0,174391.0,174391.0,0.0,historis
KABUPATEN BOGOR,0,2021,174391.0,174391.0,174391.0,0.0,historis
KABUPATEN BOGOR,0,2021,174391.0,174391.0,174391.0,0.0,historis
KABUPATEN BOGOR,0,2021,174391.0,174391.0,174391.0,0.0,historis
KABUPATEN BOGOR,0,2021,174391.0,174391.0,174391.0,0.0,historis
KABUPATEN BOGOR,0,2021,174391.0,174391.0,174391.0,0.0,historis
KABUPATEN BOGOR,0,2021,174391.0,174391.0,174391.0,0.0,historis
KABUPATEN BOGOR,0,2021,174391.0,174391.0,174391.0,0.0,historis
KABUPATEN BOGOR,0,2021,174391.0,174391.0,174391.0,0.0,historis
KABUPATEN BOGOR,0,2021,174391.0,174391.0,174391.0,0.0,historis
KABUPATEN BOGOR,0,2022,184107.0,174391.0,174391.0,0.0,historis
KABUPATEN BOGOR,0,2022,184107.0,184107.0,174391.0,0.05571388431742464,historis
KABUPATEN BOGOR,0,2022,184107.0,184107.0,184107.0,0.0,historis
KABUPATEN BOGOR,0,2022,184107.0,184107.0,184107.0,0.0,historis
KABUPATEN BOGOR,0,2022,184107.0,184107.0,184107.0,0.0,historis
KABUPATEN BOGOR,0,2022,184107.0,184107.0,184107.0,0.0,historis
KABUPATEN BOGOR,0,2022,184107.0,184107.0,184107.0,0.0,historis
KABUPATEN BOGOR,0,2022,184107.0,184107.0,184107.0,0.0,historis
KABUPATEN BOGOR,0,2023,193502.0,184107.0,184107.0,0.0,historis
KABUPATEN BOGOR,0,2023,193502.0,193502.0,184107.0,0.051030107491838984,historis
KABUPATEN BOGOR,0,2023,193502.0,193502.0,193502.0,0.0,historis
KABUPATEN BOGOR,0,2023,193502.0,193502.0,193502.0,0.0,historis
KABUPATEN BOGOR,0,2023,193502.0,193502.0,193502.0,0.0,historis
KABUPATEN BOGOR,0,2023,193502.0,193502.0,193502.0,0.0,historis
KABUPATEN BOGOR,0,2023,193502.0,193502.0,193502.0,0.0,historis
KABUPATEN BOGOR,0,2024,198711.0,193502.0,193502.0,0.0,historis
KABUPATEN BOGOR,0,2024,198711.0,198711.0,193502.0,0.026919618401876982,historis
KABUPATEN BOGOR,0,2024,198711.0,198711.0,198711.0,0.0,historis
KABUPATEN BOGOR,0,2024,198711.0,198711.0,198711.0,0.0,historis
KABUPATEN BOGOR,0,2024,198711.0,198711.0,198711.0,0.0,historis
KABUPATEN BOGOR,0,2024,198711.0,198711.0,198711.0,0.0,historis
KABUPATEN BOGOR,0,2024,198711.0,198711.0,198711.0,0.0,historis
KABUPATEN BOGOR,0,2026,198711.0,198711.0,198711.0,0.0,prediksi
KABUPATEN BOGOR,0,2027,198711.0,198711.0,198711.0,0.0,prediksi
KABUPATEN BOGOR,0,2028,198711.0,198711.0,198711.0,0.0,prediksi
KABUPATEN BOGOR,0,2029,198711.0,198711.0,198711.0,0.0,prediksi
KABUPATEN BOGOR,0,2030,198711.0,198711.0,198711.0,0.0,prediksi
KABUPATEN BOGOR,1,2021,1420066.0,0.0,0.0,0.0,historis
KABUPATEN BOGOR,1,2021,1420066.0,1420066.0,0.0,0.0,historis
KABUPATEN BOGOR,1,2021,1420066.0,1420066.0,1420066.0,0.0,historis
KABUPATEN BOGOR,1,2021,1420066.0,1420066.0,1420066.0,0.0,historis
KABUPATEN BOGOR,1,2021,1420066.0,1420066.0,1420066.0,0.0,historis
KABUPATEN BOGOR,1,2021,1420066.0,1420066.0,1420066.0,0.0,historis
KABUPATEN BOGOR,1,2021,1420066.0,1420066.0,1420066.0,0.0,historis
KABUPATEN BOGOR,1,2021,1420066.0,1420066.0,1420066.0,0.0,historis
KABUPATEN BOGOR,1,2021,1420066.0,1420066.0,1420066.0,0.0,historis
KABUPATEN BOGOR,1,2021,1420066.0,1420066.0,1420066.0,0.0,historis
KABUPATEN BOGOR,1,2021,1420066.0,1420066.0,1420066.0,0.0,historis
KABUPATEN BOGOR,1,2021,1420066.0,1420066.0,1420066.0,0.0,historis
KABUPATEN BOGOR,1,2021,1420066.0,1420066.0,1420066.0,0.0,historis
KABUPATEN BOGOR,1,2021,1420066.0,1420066.0,1420066.0,0.0,historis
KABUPATEN BOGOR,1,2022,1433350.0,1420066.0,1420066.0,0.0,historis
KABUPATEN BOGOR,1,2022,1433350.0,1433350.0,1420066.0,0.009354494791087175,historis
KABUPATEN BOGOR,1,2022,1433350.0,1433350.0,1433350.0,0.0,historis
KABUPATEN BOGOR,1,2022,1433350.0,1433350.0,1433350.0,0.0,historis
KABUPATEN BOGOR,1,2022,1433350.0,1433350.0,1433350.0,0.0,historis
KABUPATEN BOGOR,1,2022,1433350.0,1433350.0,1433350.0,0.0,historis
KABUPATEN BOGOR,1,2022,1433350.0,1433350.0,1433350.0,0.0,historis
KABUPATEN BOGOR,1,2022,1433350.0,1433350.0,1433350.0,0.0,historis
KABUPATEN BOGOR,1,2023,1485781.0,1433350.0,1433350.0,0.0,historis
KABUPATEN BOGOR,1,2023,1485781.0,1485781.0,1433350.0,0.03657934210067325,historis
KABUPATEN BOGOR,1,2023,1485781.0,1485781.0,1485781.0,0.0,historis
KABUPATEN BOGOR,1,2023,1485781.0,1485781.0,1485781.0,0.0,historis
KABUPATEN BOGOR,1,2023,1485781.0,1485781.0,1485781.0,0.0,historis
KABUPATEN BOGOR,1,2023,1485781.0,1485781.0,1485781.0,0.0,historis
KABUPATEN BOGOR,1,2023,1485781.0,1485781.0,1485781.0,0.0,historis
KABUPATEN BOGOR,1,2024,1513233.0,1485781.0,1485781.0,0.0,historis
KABUPATEN BOGOR,1,2024,1513233.0,1513233.0,1485781.0,0.018476478027380887,historis
KABUPATEN BOGOR,1,2024,1513233.0,1513233.0,1513233.0,0.0,historis
KABUPATEN BOGOR,1,2024,1513233.0,1513233.0,1513233.0,0.0,historis
KABUPATEN BOGOR,1,2024,1513233.0,1513233.0,1513233.0,0.0,historis
KABUPATEN BOGOR,1,2024,1513233.0,1513233.0,1513233.0,0.0,historis
KABUPATEN BOGOR,1,2024,1513233.0,1513233.0,1513233.0,0.0,historis
KABUPATEN BOGOR,1,2026,1513233.0,1513233.0,1513233.0,0.0,prediksi
KABUPATEN BOGOR,1,2027,1513233.0,1513233.0,1513233.0,0.0,prediksi
KABUPATEN BOGOR,1,2028,1513233.0,1513233.0,1513233.0,0.0,prediksi
KABUPATEN BOGOR,1,2029,1513233.0,1513233.0,1513233.0,0.0,prediksi
KABUPATEN BOGOR,1,2030,1513233.0,1513233.0,1513233.0,0.0,prediksi
KABUPATEN BOGOR,2,2021,971.0,0.0,0.0,0.0,historis
KABUPATEN BOGOR,2,2021,971.0,971.0,0.0,0.0,historis
KABUPATEN BOGOR,2,2021,971.0,971.0,971.0,0.0,historis
KABUPATEN BOGOR,2,2021,971.0,971.0,971.0,0.0,historis
KABUPATEN BOGOR,2,2021,971.0,971.0,971.0,0.0,historis
KABUPATEN BOGOR,2,2021,971.0,971.0,971.0,0.0,historis
KABUPATEN BOGOR,2,2021,971.0,971.0,971.0,0.0,historis
KABUPATEN BOGOR,2,2021,971.0,971.0,971.0,0.0,historis
KABUPATEN BOGOR,2,2021,971.0,971.0,971.0,0.0,historis
KABUPATEN BOGOR,2,2021,971.0,971.0,971.0,0.0,historis
KABUPATEN BOGOR,2,2021,971.0,971.0,971.0,0.0,historis
KABUPATEN BOGOR,2,2021,971.0,971.0,971.0,0.0,historis
KABUPATEN BOGOR,2,2021,971.0,971.0,971.0,0.0,historis
KABUPATEN BOGOR,2,2021,971.0,971.0,971.0,0.0,historis
KABUPATEN BOGOR,2,2022,973.0,971.0,971.0,0.0,historis
KABUPATEN BOGOR,2,2022,973.0,973.0,971.0,0.0020597322348094747,historis
KABUPATEN BOGOR,2,2022,973.0,973.0,973.0,0.0,historis
KABUPATEN BOGOR,2,2022,973.0,973.0,973.0,0.0,historis
KABUPATEN BOGOR,2,2022,973.0,973.0,973.0,0.0,historis
KABUPATEN BOGOR,2,2022,973.0,973.0,973.0,0.0,historis
KABUPATEN BOGOR,2,2022,973.0,973.0,973.0,0.0,historis
KABUPATEN BOGOR,2,2022,973.0,973.0,973.0,0.0,historis
KABUPATEN BOGOR,2,2023,1016.0,973.0,973.0,0.0,historis
KABUPATEN BOGOR,2,2023,1016.0,1016.0,973.0,0.044193216855087356,historis
KABUPATEN BOGOR,2,2023,1016.0,1016.0,1016.0,0.0,historis
KABUPATEN BOGOR,2,2023,1016.0,1016.0,1016.0,0.0,historis
KABUPATEN BOGOR,2,2023,1016.0,1016.0,1016.0,0.0,historis
KABUPATEN BOGOR,2,2023,1016.0,1016.0,1016.0,0.0,historis
KABUPATEN BOGOR,2,2023,1016.0,1016.0,1016.0,0.0,historis
KABUPATEN BOGOR,2,2024,1091.0,1016.0,1016.0,0.0,historis
KABUPATEN BOGOR,2,2024,1091.0,1091.0,1016.0,0.07381889763779527,historis
KABUPATEN BOGOR,2,2024,1091.0,1091.0,1091.0,0.0,historis
KABUPATEN BOGOR,2,2024,1091.0,1091.0,1091.0,0.0,historis
KABUPATEN BOGOR,2,2024,1091.0,1091.0,1091.0,0.0,historis
KABUPATEN BOGOR,2,2024,1091.0,1091.0,1091.0,0.0,historis
KABUPATEN BOGOR,2,2024,1091.0,1091.0,1091.0,0.0,historis
KABUPATEN BOGOR,2,2026,966.0,1091.0,1016.0,0.0738,prediksi
KABUPATEN BOGOR,2,2027,966.0,966.0,1091.0,-0.1148,prediksi
KABUPATEN BOGOR,2,2028,966.0,966.0,966.0,0.0,prediksi
KABUPATEN BOGOR,2,2029,966.0,966.0,966.0,0.0,prediksi
KABUPATEN BOGOR,2,2030,966.0,966.0,966.0,0.0,prediksi
KABUPATEN BOGOR,3,2021,46175.0,0.0,0.0,0.0,historis
KABUPATEN BOGOR,3,2021,46175.0,46175.0,0.0,0.0,historis
KABUPATEN BOGOR,3,2021,46175.0,46175.0,46175.0,0.0,historis
KABUPATEN BOGOR,3,2021,46175.0,46175.0,46175.0,0.0,historis
KABUPATEN BOGOR,3,2021,46175.0,46175.0,46175.0,0.0,historis
KABUPATEN BOGOR,3,2021,46175.0,46175.0,46175.0,0.0,historis
KABUPATEN BOGOR,3,2021,46175.0,46175.0,46175.0,0.0,historis
KABUPATEN BOGOR,3,2021,46175.0,46175.0,46175.0,0.0,historis
KABUPATEN BOGOR,3,2021,46175.0,46175.0,46175.0,0.0,historis
KABUPATEN BOGOR,3,2021,46175.0,46175.0,46175.0,0.0,historis
KABUPATEN BOGOR,3,2021,46175.0,46175.0,46175.0,0.0,historis
KABUPATEN BOGOR,3,2021,46175.0,46175.0,46175.0,0.0,historis
KABUPATEN BOGOR,3,2021,46175.0,46175.0,46175.0,0.0,historis
KABUPATEN BOGOR,3,2021,46175.0,46175.0,46175.0,0.0,historis
KABUPATEN BOGOR,3,2022,48429.0,46175.0,46175.0,0.0,historis
KABUPATEN BOGOR,3,2022,48429.0,48429.0,46175.0,0.04881429344883595,historis
KABUPATEN BOGOR,3,2022,48429.0,48429.0,48429.0,0.0,historis
KABUPATEN BOGOR,3,2022,48429.0,48429.0,48429.0,0.0,historis
KABUPATEN BOGOR,3,2022,48429.0,48429.0,48429.0,0.0,historis
KABUPATEN BOGOR,3,2022,48429.0,48429.0,48429.0,0.0,historis
KABUPATEN BOGOR,3,2022,48429.0,48429.0,48429.0,0.0,historis
KABUPATEN BOGOR,3,2022,48429.0,48429.0,48429.0,0.0,historis
KABUPATEN BOGOR,3,2023,49868.0,48429.0,48429.0,0.0,historis
KABUPATEN BOGOR,3,2023,49868.0,49868.0,48429.0,0.029713601354560283,historis
KABUPATEN BOGOR,3,2023,49868.0,49868.0,49868.0,0.0,historis
KABUPATEN BOGOR,3,2023,49868.0,49868.0,49868.0,0.0,historis
KABUPATEN BOGOR,3,2023,49868.0,49868.0,49868.0,0.0,historis
KABUPATEN BOGOR,3,2023,49868.0,49868.0,49868.0,0.0,historis
KABUPATEN BOGOR,3,2023,49868.0,49868.0,49868.0,0.0,historis
KABUPATEN BOGOR,3,2024,50206.0,49868.0,49868.0,0.0,historis
KABUPATEN BOGOR,3,2024,50206.0,50206.0,49868.0,0.006777893639207508,historis
KABUPATEN BOGOR,3,2024,50206.0,50206.0,50206.0,0.0,historis
KABUPATEN BOGOR,3,2024,50206.0,50206.0,50206.0,0.0,historis
KABUPATEN BOGOR,3,2024,50206.0,50206.0,50206.0,0.0,historis
KABUPATEN BOGOR,3,2024,50206.0,50206.0,50206.0,0.0,historis
KABUPATEN BOGOR,3,2024,50206.0,50206.0,50206.0,0.0,historis
KABUPATEN BOGOR,3,2026,50206.0,50206.0,50206.0,0.0,prediksi
KABUPATEN BOGOR,3,2027,50206.0,50206.0,50206.0,0.0,prediksi
KABUPATEN BOGOR,3,2028,50206.0,50206.0,50206.0,0.0,prediksi
KABUPATEN BOGOR,3,2029,50206.0,50206.0,50206.0,0.0,prediksi
KABUPATEN BOGOR,3,2030,50206.0,50206.0,50206.0,0.0,prediksi
KABUPATEN CIAMIS,0,2021,22074.0,0.0,0.0,0.0,historis
KABUPATEN CIAMIS,0,2021,22074.0,22074.0,0.0,0.0,historis
KABUPATEN CIAMIS,0,2021,22074.0,22074.0,22074.0,0.0,historis
KABUPATEN CIAMIS,0,2021,22074.0,22074.0,22074.0,0.0,historis
KABUPATEN CIAMIS,0,2021,22074.0,22074.0,22074.0,0.0,historis
KABUPATEN CIAMIS,0,2021,22074.0,22074.0,22074.0,0.0,historis
KABUPATEN CIAMIS,0,2021,22074.0,22074.0,22074.0,0.0,historis
KABUPATEN CIAMIS,0,2022,23554.0,22074.0,22074.0,0.0,historis
KABUPATEN CIAMIS,0,2022,23554.0,23554.0,22074.0,0.06704720485639214,historis
KABUPATEN CIAMIS,0,2022,23554.0,23554.0,23554.0,0.0,historis
KABUPATEN CIAMIS,0,2022,23554.0,23554.0,23554.0,0.0,historis
KABUPATEN CIAMIS,0,2022,23554.0,23554.0,23554.0,0.0,historis
KABUPATEN CIAMIS,0,2022,23554.0,23554.0,23554.0,0.0,historis
KABUPATEN CIAMIS,0,2022,23554.0,23554.0,23554.0,0.0,historis
KABUPATEN CIAMIS,0,2022,23554.0,23554.0,23554.0,0.0,historis
KABUPATEN CIAMIS,0,2023,24733.0,23554.0,23554.0,0.0,historis
KABUPATEN CIAMIS,0,2023,24733.0,24733.0,23554.0,0.0500551923240214,historis
KABUPATEN CIAMIS,0,2023,24733.0,24733.0,24733.0,0.0,historis
KABUPATEN CIAMIS,0,2023,24733.0,24733.0,24733.0,0.0,historis
KABUPATEN CIAMIS,0,2023,24733.0,24733.0,24733.0,0.0,historis
KABUPATEN CIAMIS,0,2023,24733.0,24733.0,24733.0,0.0,historis
KABUPATEN CIAMIS,0,2023,24733.0,24733.0,24733.0,0.0,historis
KABUPATEN CIAMIS,0,2023,24733.0,24733.0,24733.0,0.0,historis
KABUPATEN CIAMIS,0,2023,24733.0,24733.0,24733.0,0.0,historis
KABUPATEN CIAMIS,0,2023,24733.0,24733.0,24733.0,0.0,historis
KABUPATEN CIAMIS,0,2023,24733.0,24733.0,24733.0,0.0,historis
KABUPATEN CIAMIS,0,2024,25541.0,24733.0,24733.0,0.0,historis
KABUPATEN CIAMIS,0,2024,25541.0,25541.0,24733.0,0.03266890389358347,historis
KABUPATEN CIAMIS,0,2024,25541.0,25541.0,25541.0,0.0,historis
KABUPATEN CIAMIS,0,2024,25541.0,25541.0,25541.0,0.0,historis
KABUPATEN CIAMIS,0,2024,25541.0,25541.0,25541.0,0.0,historis
KABUPATEN CIAMIS,0,2024,25541.0,25541.0,25541.0,0.0,historis
KABUPATEN CIAMIS,0,2024,25541.0,25541.0,25541.0,0.0,historis
KABUPATEN CIAMIS,0,2024,25541.0,25541.0,25541.0,0.0,historis
KABUPATEN CIAMIS,0,2026,25155.0,25541.0,24733.0,0.0327,prediksi
KABUPATEN CIAMIS,0,2027,25155.0,25155.0,25541.0,-0.0151,prediksi
KABUPATEN CIAMIS,0,2028,25155.0,25155.0,25155.0,0.0,prediksi
KABUPATEN CIAMIS,0,2029,25155.0,25155.0,25155.0,0.0,prediksi
KABUPATEN CIAMIS,0,2030,25155.0,25155.0,25155.0,0.0,prediksi
KABUPATEN CIAMIS,1,2021,248261.0,0.0,0.0,0.0,historis
KABUPATEN CIAMIS,1,2021,248261.0,248261.0,0.0,0.0,historis
KABUPATEN CIAMIS,1,2021,248261.0,248261.0,248261.0,0.0,historis
KABUPATEN CIAMIS,1,2021,248261.0,248261.0,248261.0,0.0,historis
KABUPATEN CIAMIS,1,2021,248261.0,248261.0,248261.0,0.0,historis
KABUPATEN CIAMIS,1,2021,248261.0,248261.0,248261.0,0.0,historis
KABUPATEN CIAMIS,1,2021,248261.0,248261.0,248261.0,0.0,historis
KABUPATEN CIAMIS,1,2022,247921.0,248261.0,248261.0,0.0,historis
KABUPATEN CIAMIS,1,2022,247921.0,247921.0,248261.0,-0.0013695264258179898,historis
KABUPATEN CIAMIS,1,2022,247921.0,247921.0,247921.0,0.0,historis
KABUPATEN CIAMIS,1,2022,247921.0,247921.0,247921.0,0.0,historis
KABUPATEN CIAMIS,1,2022,247921.0,247921.0,247921.0,0.0,historis
KABUPATEN CIAMIS,1,2022,247921.0,247921.0,247921.0,0.0,historis
KABUPATEN CIAMIS,1,2022,247921.0,247921.0,247921.0,0.0,historis
KABUPATEN CIAMIS,1,2022,247921.0,247921.0,247921.0,0.0,historis
KABUPATEN CIAMIS,1,2023,248580.0,247921.0,247921.0,0.0,historis
KABUPATEN CIAMIS,1,2023,248580.0,248580.0,247921.0,0.002658104799512748,historis
KABUPATEN CIAMIS,1,2023,248580.0,248580.0,248580.0,0.0,historis
KABUPATEN CIAMIS,1,2023,248580.0,248580.0,248580.0,0.0,historis
KABUPATEN CIAMIS,1,2023,248580.0,248580.0,248580.0,0.0,historis
KABUPATEN CIAMIS,1,2023,248580.0,248580.0,248580.0,0.0,historis
KABUPATEN CIAMIS,1,2023,248580.0,248580.0,248580.0,0.0,historis
KABUPATEN CIAMIS,1,2023,248580.0,248580.0,248580.0,0.0,historis
KABUPATEN CIAMIS,1,2023,248580.0,248580.0,248580.0,0.0,historis
KABUPATEN CIAMIS,1,2023,248580.0,248580.0,248580.0,0.0,historis
KABUPATEN CIAMIS,1,2023,248580.0,248580.0,248580.0,0.0,historis
KABUPATEN CIAMIS,1,2024,247576.0,248580.0,248580.0,0.0,historis
KABUPATEN CIAMIS,1,2024,247576.0,247576.0,248580.0,-0.004038941185936117,historis
KABUPATEN CIAMIS,1,2024,247576.0,247576.0,247576.0,0.0,historis
KABUPATEN CIAMIS,1,2024,247576.0,247576.0,247576.0,0.0,historis
KABUPATEN CIAMIS,1,2024,247576.0,247576.0,247576.0,0.0,historis
KABUPATEN CIAMIS,1,2024,247576.0,247576.0,247576.0,0.0,historis
KABUPATEN CIAMIS,1,2024,247576.0,247576.0,247576.0,0.0,historis
KABUPATEN CIAMIS,1,2024,247576.0,247576.0,247576.0,0.0,historis
KABUPATEN CIAMIS,1,2026,247576.0,247576.0,247576.0,0.0,prediksi
KABUPATEN CIAMIS,1,2027,247576.0,247576.0,247576.0,0.0,prediksi
KABUPATEN CIAMIS,1,2028,247576.0,247576.0,247576.0,0.0,prediksi
KABUPATEN CIAMIS,1,2029,247576.0,247576.0,247576.0,0.0,prediksi
KABUPATEN CIAMIS,1,2030,247576.0,247576.0,247576.0,0.0,prediksi
KABUPATEN CIAMIS,2,2021,930.0,0.0,0.0,0.0,historis
KABUPATEN CIAMIS,2,2021,930.0,930.0,0.0,0.0,historis
KABUPATEN CIAMIS,2,2021,930.0,930.0,930.0,0.0,historis
KABUPATEN CIAMIS,2,2021,930.0,930.0,930.0,0.0,historis
KABUPATEN CIAMIS,2,2021,930.0,930.0,930.0,0.0,historis
KABUPATEN CIAMIS,2,2021,930.0,930.0,930.0,0.0,historis
KABUPATEN CIAMIS,2,2021,930.0,930.0,930.0,0.0,historis
KABUPATEN CIAMIS,2,2022,925.0,930.0,930.0,0.0,historis
KABUPATEN CIAMIS,2,2022,925.0,925.0,930.0,-0.005376344086021506,historis
KABUPATEN CIAMIS,2,2022,925.0,925.0,925.0,0.0,historis
KABUPATEN CIAMIS,2,2022,925.0,925.0,925.0,0.0,historis
KABUPATEN CIAMIS,2,2022,925.0,925.0,925.0,0.0,historis
KABUPATEN CIAMIS,2,2022,925.0,925.0,925.0,0.0,historis
KABUPATEN CIAMIS,2,2022,925.0,925.0,925.0,0.0,historis
KABUPATEN CIAMIS,2,2022,925.0,925.0,925.0,0.0,historis
KABUPATEN CIAMIS,2,2023,867.0,925.0,925.0,0.0,historis
KABUPATEN CIAMIS,2,2023,867.0,867.0,925.0,-0.0627027027027027,historis
KABUPATEN CIAMIS,2,2023,867.0,867.0,867.0,0.0,historis
KABUPATEN CIAMIS,2,2023,867.0,867.0,867.0,0.0,historis
KABUPATEN CIAMIS,2,2023,867.0,867.0,867.0,0.0,historis
KABUPATEN CIAMIS,2,2023,867.0,867.0,867.0,0.0,historis
KABUPATEN CIAMIS,2,2023,867.0,867.0,867.0,0.0,historis
KABUPATEN CIAMIS,2,2023,867.0,867.0,867.0,0.0,historis
KABUPATEN CIAMIS,2,2023,867.0,867.0,867.0,0.0,historis
KABUPATEN CIAMIS,2,2023,867.0,867.0,867.0,0.0,historis
KABUPATEN CIAMIS,2,2023,867.0,867.0,867.0,0.0,historis
KABUPATEN CIAMIS,2,2024,831.0,867.0,867.0,0.0,historis
KABUPATEN CIAMIS,2,2024,831.0,831.0,867.0,-0.04152249134948097,historis
KABUPATEN CIAMIS,2,2024,831.0,831.0,831.0,0.0,historis
KABUPATEN CIAMIS,2,2024,831.0,831.0,831.0,0.0,historis
KABUPATEN CIAMIS,2,2024,831.0,831.0,831.0,0.0,historis
KABUPATEN CIAMIS,2,2024,831.0,831.0,831.0,0.0,historis
KABUPATEN CIAMIS,2,2024,831.0,831.0,831.0,0.0,historis
KABUPATEN CIAMIS,2,2024,831.0,831.0,831.0,0.0,historis
KABUPATEN CIAMIS,2,2026,835.0,831.0,831.0,0.0,prediksi
KABUPATEN CIAMIS,2,2027,835.0,835.0,831.0,0.0047,prediksi
KABUPATEN CIAMIS,2,2028,835.0,835.0,835.0,0.0,prediksi
KABUPATEN CIAMIS,2,2029,835.0,835.0,835.0,0.0,prediksi
KABUPATEN CIAMIS,2,2030,835.0,835.0,835.0,0.0,prediksi
KABUPATEN CIAMIS,3,2021,11123.0,0.0,0.0,0.0,historis
KABUPATEN CIAMIS,3,2021,11123.0,11123.0,0.0,0.0,historis
KABUPATEN CIAMIS,3,2021,11123.0,11123.0,11123.0,0.0,historis
KABUPATEN CIAMIS,3,2021,11123.0,11123.0,11123.0,0.0,historis
KABUPATEN CIAMIS,3,2021,11123.0,11123.0,11123.0,0.0,historis
KABUPATEN CIAMIS,3,2021,11123.0,11123.0,11123.0,0.0,historis
KABUPATEN CIAMIS,3,2021,11123.0,11123.0,11123.0,0.0,historis
KABUPATEN CIAMIS,3,2022,11436.0,11123.0,11123.0,0.0,historis
KABUPATEN CIAMIS,3,2022,11436.0,11436.0,11123.0,0.028139890317360423,historis
KABUPATEN CIAMIS,3,2022,11436.0,11436.0,11436.0,0.0,historis
KABUPATEN CIAMIS,3,2022,11436.0,11436.0,11436.0,0.0,historis
KABUPATEN CIAMIS,3,2022,11436.0,11436.0,11436.0,0.0,historis
KABUPATEN CIAMIS,3,2022,11436.0,11436.0,11436.0,0.0,historis
KABUPATEN CIAMIS,3,2022,11436.0,11436.0,11436.0,0.0,historis
KABUPATEN CIAMIS,3,2022,11436.0,11436.0,11436.0,0.0,historis
KABUPATEN CIAMIS,3,2023,11538.0,11436.0,11436.0,0.0,historis
KABUPATEN CIAMIS,3,2023,11538.0,11538.0,11436.0,0.008919202518363064,historis
KABUPATEN CIAMIS,3,2023,11538.0,11538.0,11538.0,0.0,historis
KABUPATEN CIAMIS,3,2023,11538.0,11538.0,11538.0,0.0,historis
KABUPATEN CIAMIS,3,2023,11538.0,11538.0,11538.0,0.0,historis
KABUPATEN CIAMIS,3,2023,11538.0,11538.0,11538.0,0.0,historis
KABUPATEN CIAMIS,3,2023,11538.0,11538.0,11538.0,0.0,historis
KABUPATEN CIAMIS,3,2023,11538.0,11538.0,11538.0,0.0,historis
KABUPATEN CIAMIS,3,2023,11538.0,11538.0,11538.0,0.0,historis
KABUPATEN CIAMIS,3,2023,11538.0,11538.0,11538.0,0.0,historis
KABUPATEN CIAMIS,3,2023,11538.0,11538.0,11538.0,0.0,historis
KABUPATEN CIAMIS,3,2024,11544.0,11538.0,11538.0,0.0,historis
KABUPATEN CIAMIS,3,2024,11544.0,11544.0,11538.0,0.0005200208008320333,historis
KABUPATEN CIAMIS,3,2024,11544.0,11544.0,11544.0,0.0,historis
KABUPATEN CIAMIS,3,2024,11544.0,11544.0,11544.0,0.0,historis
KABUPATEN CIAMIS,3,2024,11544.0,11544.0,11544.0,0.0,historis
KABUPATEN CIAMIS,3,2024,11544.0,11544.0,11544.0,0.0,historis
KABUPATEN CIAMIS,3,2024,11544.0,11544.0,11544.0,0.0,historis
KABUPATEN CIAMIS,3,2024,11544.0,11544.0,11544.0,0.0,historis
KABUPATEN CIAMIS,3,2026,11531.0,11544.0,11544.0,0.0,prediksi
KABUPATEN CIAMIS,3,2027,11531.0,11531.0,11544.0,-0.0011,prediksi
KABUPATEN CIAMIS,3,2028,11531.0,11531.0,11531.0,0.0,prediksi
KABUPATEN CIAMIS,3,2029,11531.0,11531.0,11531.0,0.0,prediksi
KABUPATEN CIAMIS,3,2030,11531.0,11531.0,11531.0,0.0,prediksi
KABUPATEN CIANJUR,0,2021,38217.0,0.0,0.0,0.0,historis
KABUPATEN CIANJUR,0,2021,38217.0,38217.0,0.0,0.0,historis
KABUPATEN CIANJUR,0,2021,38217.0,38217.0,38217.0,0.0,historis
KABUPATEN CIANJUR,0,2021,38217.0,38217.0,38217.0,0.0,historis
KABUPATEN CIANJUR,0,2021,38217.0,38217.0,38217.0,0.0,historis
KABUPATEN CIANJUR,0,2021,38217.0,38217.0,38217.0,0.0,historis
KABUPATEN CIANJUR,0,2021,38217.0,38217.0,38217.0,0.0,historis
KABUPATEN CIANJUR,0,2021,38217.0,38217.0,38217.0,0.0,historis
KABUPATEN CIANJUR,0,2021,38217.0,38217.0,38217.0,0.0,historis
KABUPATEN CIANJUR,0,2021,38217.0,38217.0,38217.0,0.0,historis
KABUPATEN CIANJUR,0,2021,38217.0,38217.0,38217.0,0.0,historis
KABUPATEN CIANJUR,0,2022,40053.0,38217.0,38217.0,0.0,historis
KABUPATEN CIANJUR,0,2022,40053.0,40053.0,38217.0,0.04804144752335348,historis
KABUPATEN CIANJUR,0,2022,40053.0,40053.0,40053.0,0.0,historis
KABUPATEN CIANJUR,0,2022,40053.0,40053.0,40053.0,0.0,historis
KABUPATEN CIANJUR,0,2022,40053.0,40053.0,40053.0,0.0,historis
KABUPATEN CIANJUR,0,2022,40053.0,40053.0,40053.0,0.0,historis
KABUPATEN CIANJUR,0,2022,40053.0,40053.0,40053.0,0.0,historis
KABUPATEN CIANJUR,0,2022,40053.0,40053.0,40053.0,0.0,historis
KABUPATEN CIANJUR,0,2022,40053.0,40053.0,40053.0,0.0,historis
KABUPATEN CIANJUR,0,2022,40053.0,40053.0,40053.0,0.0,historis
KABUPATEN CIANJUR,0,2023,41747.0,40053.0,40053.0,0.0,historis
KABUPATEN CIANJUR,0,2023,41747.0,41747.0,40053.0,0.04229396050233441,historis
KABUPATEN CIANJUR,0,2023,41747.0,41747.0,41747.0,0.0,historis
KABUPATEN CIANJUR,0,2023,41747.0,41747.0,41747.0,0.0,historis
KABUPATEN CIANJUR,0,2023,41747.0,41747.0,41747.0,0.0,historis
KABUPATEN CIANJUR,0,2023,41747.0,41747.0,41747.0,0.0,historis
KABUPATEN CIANJUR,0,2023,41747.0,41747.0,41747.0,0.0,historis
KABUPATEN CIANJUR,0,2023,41747.0,41747.0,41747.0,0.0,historis
KABUPATEN CIANJUR,0,2024,42856.0,41747.0,41747.0,0.0,historis
KABUPATEN CIANJUR,0,2024,42856.0,42856.0,41747.0,0.026564783098186696,historis
KABUPATEN CIANJUR,0,2024,42856.0,42856.0,42856.0,0.0,historis
KABUPATEN CIANJUR,0,2024,42856.0,42856.0,42856.0,0.0,historis
KABUPATEN CIANJUR,0,2024,42856.0,42856.0,42856.0,0.0,historis
KABUPATEN CIANJUR,0,2024,42856.0,42856.0,42856.0,0.0,historis
KABUPATEN CIANJUR,0,2024,42856.0,42856.0,42856.0,0.0,historis
KABUPATEN CIANJUR,0,2026,42440.0,42856.0,42856.0,0.0,prediksi
KABUPATEN CIANJUR,0,2027,42440.0,42440.0,42856.0,-0.0097,prediksi
KABUPATEN CIANJUR,0,2028,42440.0,42440.0,42440.0,0.0,prediksi
KABUPATEN CIANJUR,0,2029,42440.0,42440.0,42440.0,0.0,prediksi
KABUPATEN CIANJUR,0,2030,42440.0,42440.0,42440.0,0.0,prediksi
KABUPATEN CIANJUR,1,2021,407425.0,0.0,0.0,0.0,historis
KABUPATEN CIANJUR,1,2021,407425.0,407425.0,0.0,0.0,historis
KABUPATEN CIANJUR,1,2021,407425.0,407425.0,407425.0,0.0,historis
KABUPATEN CIANJUR,1,2021,407425.0,407425.0,407425.0,0.0,historis
KABUPATEN CIANJUR,1,2021,407425.0,407425.0,407425.0,0.0,historis
KABUPATEN CIANJUR,1,2021,407425.0,407425.0,407425.0,0.0,historis
KABUPATEN CIANJUR,1,2021,407425.0,407425.0,407425.0,0.0,historis
KABUPATEN CIANJUR,1,2021,407425.0,407425.0,407425.0,0.0,historis
KABUPATEN CIANJUR,1,2021,407425.0,407425.0,407425.0,0.0,historis
KABUPATEN CIANJUR,1,2021,407425.0,407425.0,407425.0,0.0,historis
KABUPATEN CIANJUR,1,2021,407425.0,407425.0,407425.0,0.0,historis
KABUPATEN CIANJUR,1,2022,410835.0,407425.0,407425.0,0.0,historis
KABUPATEN CIANJUR,1,2022,410835.0,410835.0,407425.0,0.008369638583788428,historis
KABUPATEN CIANJUR,1,2022,410835.0,410835.0,410835.0,0.0,historis
KABUPATEN CIANJUR,1,2022,410835.0,410835.0,410835.0,0.0,historis
KABUPATEN CIANJUR,1,2022,410835.0,410835.0,410835.0,0.0,historis
KABUPATEN CIANJUR,1,2022,410835.0,410835.0,410835.0,0.0,historis
KABUPATEN CIANJUR,1,2022,410835.0,410835.0,410835.0,0.0,historis
KABUPATEN CIANJUR,1,2022,410835.0,410835.0,410835.0,0.0,historis
KABUPATEN CIANJUR,1,2022,410835.0,410835.0,410835.0,0.0,historis
KABUPATEN CIANJUR,1,2022,410835.0,410835.0,410835.0,0.0,historis
KABUPATEN CIANJUR,1,2023,422844.0,410835.0,410835.0,0.0,historis
KABUPATEN CIANJUR,1,2023,422844.0,422844.0,410835.0,0.029230713059987586,historis
KABUPATEN CIANJUR,1,2023,422844.0,422844.0,422844.0,0.0,historis
KABUPATEN CIANJUR,1,2023,422844.0,422844.0,422844.0,0.0,historis
KABUPATEN CIANJUR,1,2023,422844.0,422844.0,422844.0,0.0,historis
KABUPATEN CIANJUR,1,2023,422844.0,422844.0,422844.0,0.0,historis
KABUPATEN CIANJUR,1,2023,422844.0,422844.0,422844.0,0.0,historis
KABUPATEN CIANJUR,1,2023,422844.0,422844.0,422844.0,0.0,historis
KABUPATEN CIANJUR,1,2024,431472.0,422844.0,422844.0,0.0,historis
KABUPATEN CIANJUR,1,2024,431472.0,431472.0,422844.0,0.020404688253824105,historis
KABUPATEN CIANJUR,1,2024,431472.0,431472.0,431472.0,0.0,historis
KABUPATEN CIANJUR,1,2024,431472.0,431472.0,431472.0,0.0,historis
KABUPATEN CIANJUR,1,2024,431472.0,431472.0,431472.0,0.0,historis
KABUPATEN CIANJUR,1,2024,431472.0,431472.0,431472.0,0.0,historis
KABUPATEN CIANJUR,1,2024,431472.0,431472.0,431472.0,0.0,historis
KABUPATEN CIANJUR,1,2026,431472.0,431472.0,431472.0,0.0,prediksi
KABUPATEN CIANJUR,1,2027,431472.0,431472.0,431472.0,0.0,prediksi
KABUPATEN CIANJUR,1,2028,431472.0,431472.0,431472.0,0.0,prediksi
KABUPATEN CIANJUR,1,2029,431472.0,431472.0,431472.0,0.0,prediksi
KABUPATEN CIANJUR,1,2030,431472.0,431472.0,431472.0,0.0,prediksi
KABUPATEN CIANJUR,2,2021,647.0,0.0,0.0,0.0,historis
KABUPATEN CIANJUR,2,2021,647.0,647.0,0.0,0.0,historis
KABUPATEN CIANJUR,2,2021,647.0,647.0,647.0,0.0,historis
KABUPATEN CIANJUR,2,2021,647.0,647.0,647.0,0.0,historis
KABUPATEN CIANJUR,2,2021,647.0,647.0,647.0,0.0,historis
KABUPATEN CIANJUR,2,2021,647.0,647.0,647.0,0.0,historis
KABUPATEN CIANJUR,2,2021,647.0,647.0,647.0,0.0,historis
KABUPATEN CIANJUR,2,2021,647.0,647.0,647.0,0.0,historis
KABUPATEN CIANJUR,2,2021,647.0,647.0,647.0,0.0,historis
KABUPATEN CIANJUR,2,2021,647.0,647.0,647.0,0.0,historis
KABUPATEN CIANJUR,2,2021,647.0,647.0,647.0,0.0,historis
KABUPATEN CIANJUR,2,2022,641.0,647.0,647.0,0.0,historis
KABUPATEN CIANJUR,2,2022,641.0,641.0,647.0,-0.00927357032457496,historis
KABUPATEN CIANJUR,2,2022,641.0,641.0,641.0,0.0,historis
KABUPATEN CIANJUR,2,2022,641.0,641.0,641.0,0.0,historis
KABUPATEN CIANJUR,2,2022,641.0,641.0,641.0,0.0,historis
KABUPATEN CIANJUR,2,2022,641.0,641.0,641.0,0.0,historis
KABUPATEN CIANJUR,2,2022,641.0,641.0,641.0,0.0,historis
KABUPATEN CIANJUR,2,2022,641.0,641.0,641.0,0.0,historis
KABUPATEN CIANJUR,2,2022,641.0,641.0,641.0,0.0,historis
KABUPATEN CIANJUR,2,2022,641.0,641.0,641.0,0.0,historis
KABUPATEN CIANJUR,2,2023,639.0,641.0,641.0,0.0,historis
KABUPATEN CIANJUR,2,2023,639.0,639.0,641.0,-0.0031201248049922,historis
KABUPATEN CIANJUR,2,2023,639.0,639.0,639.0,0.0,historis
KABUPATEN CIANJUR,2,2023,639.0,639.0,639.0,0.0,historis
KABUPATEN CIANJUR,2,2023,639.0,639.0,639.0,0.0,historis
KABUPATEN CIANJUR,2,2023,639.0,639.0,639.0,0.0,historis
KABUPATEN CIANJUR,2,2023,639.0,639.0,639.0,0.0,historis
KABUPATEN CIANJUR,2,2023,639.0,639.0,639.0,0.0,historis
KABUPATEN CIANJUR,2,2024,626.0,639.0,639.0,0.0,historis
KABUPATEN CIANJUR,2,2024,626.0,626.0,639.0,-0.02034428794992175,historis
KABUPATEN CIANJUR,2,2024,626.0,626.0,626.0,0.0,historis
KABUPATEN CIANJUR,2,2024,626.0,626.0,626.0,0.0,historis
KABUPATEN CIANJUR,2,2024,626.0,626.0,626.0,0.0,historis
KABUPATEN CIANJUR,2,2024,626.0,626.0,626.0,0.0,historis
KABUPATEN CIANJUR,2,2024,626.0,626.0,626.0,0.0,historis
KABUPATEN CIANJUR,2,2026,657.0,626.0,626.0,0.0,prediksi
KABUPATEN CIANJUR,2,2027,657.0,657.0,626.0,0.0501,prediksi
KABUPATEN CIANJUR,2,2028,657.0,657.0,657.0,0.0,prediksi
KABUPATEN CIANJUR,2,2029,657.0,657.0,657.0,0.0,prediksi
KABUPATEN CIANJUR,2,2030,657.0,657.0,657.0,0.0,prediksi
KABUPATEN CIANJUR,3,2021,18949.0,0.0,0.0,0.0,historis
KABUPATEN CIANJUR,3,2021,18949.0,18949.0,0.0,0.0,historis
KABUPATEN CIANJUR,3,2021,18949.0,18949.0,18949.0,0.0,historis
KABUPATEN CIANJUR,3,2021,18949.0,18949.0,18949.0,0.0,historis
KABUPATEN CIANJUR,3,2021,18949.0,18949.0,18949.0,0.0,historis
KABUPATEN CIANJUR,3,2021,18949.0,18949.0,18949.0,0.0,historis
KABUPATEN CIANJUR,3,2021,18949.0,18949.0,18949.0,0.0,historis
KABUPATEN CIANJUR,3,2021,18949.0,18949.0,18949.0,0.0,historis
KABUPATEN CIANJUR,3,2021,18949.0,18949.0,18949.0,0.0,historis
KABUPATEN CIANJUR,3,2021,18949.0,18949.0,18949.0,0.0,historis
KABUPATEN CIANJUR,3,2021,18949.0,18949.0,18949.0,0.0,historis
KABUPATEN CIANJUR,3,2022,19337.0,18949.0,18949.0,0.0,historis
KABUPATEN CIANJUR,3,2022,19337.0,19337.0,18949.0,0.020476014565412422,historis
KABUPATEN CIANJUR,3,2022,19337.0,19337.0,19337.0,0.0,historis
KABUPATEN CIANJUR,3,2022,19337.0,19337.0,19337.0,0.0,historis
KABUPATEN CIANJUR,3,2022,19337.0,19337.0,19337.0,0.0,historis
KABUPATEN CIANJUR,3,2022,19337.0,19337.0,19337.0,0.0,historis
KABUPATEN CIANJUR,3,2022,19337.0,19337.0,19337.0,0.0,historis
KABUPATEN CIANJUR,3,2022,19337.0,19337.0,19337.0,0.0,historis
KABUPATEN CIANJUR,3,2022,19337.0,19337.0,19337.0,0.0,historis
KABUPATEN CIANJUR,3,2022,19337.0,19337.0,19337.0,0.0,historis
KABUPATEN CIANJUR,3,2023,19490.0,19337.0,19337.0,0.0,historis
KABUPATEN CIANJUR,3,2023,19490.0,19490.0,19337.0,0.00791229249625071,historis
KABUPATEN CIANJUR,3,2023,19490.0,19490.0,19490.0,0.0,historis
KABUPATEN CIANJUR,3,2023,19490.0,19490.0,19490.0,0.0,historis
KABUPATEN CIANJUR,3,2023,19490.0,19490.0,19490.0,0.0,historis
KABUPATEN CIANJUR,3,2023,19490.0,19490.0,19490.0,0.0,historis
KABUPATEN CIANJUR,3,2023,19490.0,19490.0,19490.0,0.0,historis
KABUPATEN CIANJUR,3,2023,19490.0,19490.0,19490.0,0.0,historis
KABUPATEN CIANJUR,3,2024,19233.0,19490.0,19490.0,0.0,historis
KABUPATEN CIANJUR,3,2024,19233.0,19233.0,19490.0,-0.01318624935864546,historis
KABUPATEN CIANJUR,3,2024,19233.0,19233.0,19233.0,0.0,historis
KABUPATEN CIANJUR,3,2024,19233.0,19233.0,19233.0,0.0,historis
KABUPATEN CIANJUR,3,2024,19233.0,19233.0,19233.0,0.0,historis
KABUPATEN CIANJUR,3,2024,19233.0,19233.0,19233.0,0.0,historis
KABUPATEN CIANJUR,3,2024,19233.0,19233.0,19233.0,0.0,historis
KABUPATEN CIANJUR,3,2026,19498.0,19233.0,19233.0,0.0,prediksi
KABUPATEN CIANJUR,3,2027,19498.0,19498.0,19233.0,0.0138,prediksi
KABUPATEN CIANJUR,3,2028,19498.0,19498.0,19498.0,0.0,prediksi
KABUPATEN CIANJUR,3,2029,19498.0,19498.0,19498.0,0.0,prediksi
KABUPATEN CIANJUR,3,2030,19498.0,19498.0,19498.0,0.0,prediksi
KABUPATEN CIREBON,0,2021,53290.0,0.0,0.0,0.0,historis
KABUPATEN CIREBON,0,2021,53290.0,53290.0,0.0,0.0,historis
KABUPATEN CIREBON,0,2021,53290.0,53290.0,53290.0,0.0,historis
KABUPATEN CIREBON,0,2021,53290.0,53290.0,53290.0,0.0,historis
KABUPATEN CIREBON,0,2021,53290.0,53290.0,53290.0,0.0,historis
KABUPATEN CIREBON,0,2021,53290.0,53290.0,53290.0,0.0,historis
KABUPATEN CIREBON,0,2021,53290.0,53290.0,53290.0,0.0,historis
KABUPATEN CIREBON,0,2021,53290.0,53290.0,53290.0,0.0,historis
KABUPATEN CIREBON,0,2021,53290.0,53290.0,53290.0,0.0,historis
KABUPATEN CIREBON,0,2021,53290.0,53290.0,53290.0,0.0,historis
KABUPATEN CIREBON,0,2022,56054.0,53290.0,53290.0,0.0,historis
KABUPATEN CIREBON,0,2022,56054.0,56054.0,53290.0,0.051867142052917994,historis
KABUPATEN CIREBON,0,2022,56054.0,56054.0,56054.0,0.0,historis
KABUPATEN CIREBON,0,2022,56054.0,56054.0,56054.0,0.0,historis
KABUPATEN CIREBON,0,2022,56054.0,56054.0,56054.0,0.0,historis
KABUPATEN CIREBON,0,2022,56054.0,56054.0,56054.0,0.0,historis
KABUPATEN CIREBON,0,2022,56054.0,56054.0,56054.0,0.0,historis
KABUPATEN CIREBON,0,2022,56054.0,56054.0,56054.0,0.0,historis
KABUPATEN CIREBON,0,2022,56054.0,56054.0,56054.0,0.0,historis
KABUPATEN CIREBON,0,2022,56054.0,56054.0,56054.0,0.0,historis
KABUPATEN CIREBON,0,2022,56054.0,56054.0,56054.0,0.0,historis
KABUPATEN CIREBON,0,2023,58368.0,56054.0,56054.0,0.0,historis
KABUPATEN CIREBON,0,2023,58368.0,58368.0,56054.0,0.04128162129375245,historis
KABUPATEN CIREBON,0,2023,58368.0,58368.0,58368.0,0.0,historis
KABUPATEN CIREBON,0,2023,58368.0,58368.0,58368.0,0.0,historis
KABUPATEN CIREBON,0,2023,58368.0,58368.0,58368.0,0.0,historis
KABUPATEN CIREBON,0,2023,58368.0,58368.0,58368.0,0.0,historis
KABUPATEN CIREBON,0,2023,58368.0,58368.0,58368.0,0.0,historis
KABUPATEN CIREBON,0,2023,58368.0,58368.0,58368.0,0.0,historis
KABUPATEN CIREBON,0,2023,58368.0,58368.0,58368.0,0.0,historis
KABUPATEN CIREBON,0,2023,58368.0,58368.0,58368.0,0.0,historis
KABUPATEN CIREBON,0,2023,58368.0,58368.0,58368.0,0.0,historis
KABUPATEN CIREBON,0,2023,58368.0,58368.0,58368.0,0.0,historis
KABUPATEN CIREBON,0,2024,59374.0,58368.0,58368.0,0.0,historis
KABUPATEN CIREBON,0,2024,59374.0,59374.0,58368.0,0.01723547149122807,historis
KABUPATEN CIREBON,0,2024,59374.0,59374.0,59374.0,0.0,historis
KABUPATEN CIREBON,0,2024,59374.0,59374.0,59374.0,0.0,historis
KABUPATEN CIREBON,0,2024,59374.0,59374.0,59374.0,0.0,historis
KABUPATEN CIREBON,0,2024,59374.0,59374.0,59374.0,0.0,historis
KABUPATEN CIREBON,0,2024,59374.0,59374.0,59374.0,0.0,historis
KABUPATEN CIREBON,0,2024,59374.0,59374.0,59374.0,0.0,historis
KABUPATEN CIREBON,0,2024,59374.0,59374.0,59374.0,0.0,historis
KABUPATEN CIREBON,0,2024,59374.0,59374.0,59374.0,0.0,historis
KABUPATEN CIREBON,0,2024,59374.0,59374.0,59374.0,0.0,historis
KABUPATEN CIREBON,0,2024,59374.0,59374.0,59374.0,0.0,historis
KABUPATEN CIREBON,0,2024,59374.0,59374.0,59374.0,0.0,historis
KABUPATEN CIREBON,0,2024,59374.0,59374.0,59374.0,0.0,historis
KABUPATEN CIREBON,0,2024,59374.0,59374.0,59374.0,0.0,historis
KABUPATEN CIREBON,0,2024,59374.0,59374.0,59374.0,0.0,historis
KABUPATEN CIREBON,0,2026,59374.0,59374.0,59374.0,0.0,prediksi
KABUPATEN CIREBON,0,2027,59374.0,59374.0,59374.0,0.0,prediksi
KABUPATEN CIREBON,0,2028,59374.0,59374.0,59374.0,0.0,prediksi
KABUPATEN CIREBON,0,2029,59374.0,59374.0,59374.0,0.0,prediksi
KABUPATEN CIREBON,0,2030,59374.0,59374.0,59374.0,0.0,prediksi
KABUPATEN CIREBON,1,2021,649864.0,0.0,0.0,0.0,historis
KABUPATEN CIREBON,1,2021,649864.0,649864.0,0.0,0.0,historis
KABUPATEN CIREBON,1,2021,649864.0,649864.0,649864.0,0.0,historis
KABUPATEN CIREBON,1,2021,649864.0,649864.0,649864.0,0.0,historis
KABUPATEN CIREBON,1,2021,649864.0,649864.0,649864.0,0.0,historis
KABUPATEN CIREBON,1,2021,649864.0,649864.0,649864.0,0.0,historis
KABUPATEN CIREBON,1,2021,649864.0,649864.0,649864.0,0.0,historis
KABUPATEN CIREBON,1,2021,649864.0,649864.0,649864.0,0.0,historis
KABUPATEN CIREBON,1,2021,649864.0,649864.0,649864.0,0.0,historis
KABUPATEN CIREBON,1,2021,649864.0,649864.0,649864.0,0.0,historis
KABUPATEN CIREBON,1,2022,658894.0,649864.0,649864.0,0.0,historis
KABUPATEN CIREBON,1,2022,658894.0,658894.0,649864.0,0.013895214998830525,historis
KABUPATEN CIREBON,1,2022,658894.0,658894.0,658894.0,0.0,historis
KABUPATEN CIREBON,1,2022,658894.0,658894.0,658894.0,0.0,historis
KABUPATEN CIREBON,1,2022,658894.0,658894.0,658894.0,0.0,historis
KABUPATEN CIREBON,1,2022,658894.0,658894.0,658894.0,0.0,historis
KABUPATEN CIREBON,1,2022,658894.0,658894.0,658894.0,0.0,historis
KABUPATEN CIREBON,1,2022,658894.0,658894.0,658894.0,0.0,historis
KABUPATEN CIREBON,1,2022,658894.0,658894.0,658894.0,0.0,historis
KABUPATEN CIREBON,1,2022,658894.0,658894.0,658894.0,0.0,historis
KABUPATEN CIREBON,1,2022,658894.0,658894.0,658894.0,0.0,historis
KABUPATEN CIREBON,1,2023,670694.0,658894.0,658894.0,0.0,historis
KABUPATEN CIREBON,1,2023,670694.0,670694.0,658894.0,0.017908798683855066,historis
KABUPATEN CIREBON,1,2023,670694.0,670694.0,670694.0,0.0,historis
KABUPATEN CIREBON,1,2023,670694.0,670694.0,670694.0,0.0,historis
KABUPATEN CIREBON,1,2023,670694.0,670694.0,670694.0,0.0,historis
KABUPATEN CIREBON,1,2023,670694.0,670694.0,670694.0,0.0,historis
KABUPATEN CIREBON,1,2023,670694.0,670694.0,670694.0,0.0,historis
KABUPATEN CIREBON,1,2023,670694.0,670694.0,670694.0,0.0,historis
KABUPATEN CIREBON,1,2023,670694.0,670694.0,670694.0,0.0,historis
KABUPATEN CIREBON,1,2023,670694.0,670694.0,670694.0,0.0,historis
KABUPATEN CIREBON,1,2023,670694.0,670694.0,670694.0,0.0,historis
KABUPATEN CIREBON,1,2023,670694.0,670694.0,670694.0,0.0,historis
KABUPATEN CIREBON,1,2024,675009.0,670694.0,670694.0,0.0,historis
KABUPATEN CIREBON,1,2024,675009.0,675009.0,670694.0,0.006433634414501993,historis
KABUPATEN CIREBON,1,2024,675009.0,675009.0,675009.0,0.0,historis
KABUPATEN CIREBON,1,2024,675009.0,675009.0,675009.0,0.0,historis
KABUPATEN CIREBON,1,2024,675009.0,675009.0,675009.0,0.0,historis
KABUPATEN CIREBON,1,2024,675009.0,675009.0,675009.0,0.0,historis
KABUPATEN CIREBON,1,2024,675009.0,675009.0,675009.0,0.0,historis
KABUPATEN CIREBON,1,2024,675009.0,675009.0,675009.0,0.0,historis
KABUPATEN CIREBON,1,2024,675009.0,675009.0,675009.0,0.0,historis
KABUPATEN CIREBON,1,2024,675009.0,675009.0,675009.0,0.0,historis
KABUPATEN CIREBON,1,2024,675009.0,675009.0,675009.0,0.0,historis
KABUPATEN CIREBON,1,2024,675009.0,675009.0,675009.0,0.0,historis
KABUPATEN CIREBON,1,2024,675009.0,675009.0,675009.0,0.0,historis
KABUPATEN CIREBON,1,2024,675009.0,675009.0,675009.0,0.0,historis
KABUPATEN CIREBON,1,2024,675009.0,675009.0,675009.0,0.0,historis
KABUPATEN CIREBON,1,2024,675009.0,675009.0,675009.0,0.0,historis
KABUPATEN CIREBON,1,2026,675009.0,675009.0,675009.0,0.0,prediksi
KABUPATEN CIREBON,1,2027,675009.0,675009.0,675009.0,0.0,prediksi
KABUPATEN CIREBON,1,2028,675009.0,675009.0,675009.0,0.0,prediksi
KABUPATEN CIREBON,1,2029,675009.0,675009.0,675009.0,0.0,prediksi
KABUPATEN CIREBON,1,2030,675009.0,675009.0,675009.0,0.0,prediksi
KABUPATEN CIREBON,2,2021,1255.0,0.0,0.0,0.0,historis
KABUPATEN CIREBON,2,2021,1255.0,1255.0,0.0,0.0,historis
KABUPATEN CIREBON,2,2021,1255.0,1255.0,1255.0,0.0,historis
KABUPATEN CIREBON,2,2021,1255.0,1255.0,1255.0,0.0,historis
KABUPATEN CIREBON,2,2021,1255.0,1255.0,1255.0,0.0,historis
KABUPATEN CIREBON,2,2021,1255.0,1255.0,1255.0,0.0,historis
KABUPATEN CIREBON,2,2021,1255.0,1255.0,1255.0,0.0,historis
KABUPATEN CIREBON,2,2021,1255.0,1255.0,1255.0,0.0,historis
KABUPATEN CIREBON,2,2021,1255.0,1255.0,1255.0,0.0,historis
KABUPATEN CIREBON,2,2021,1255.0,1255.0,1255.0,0.0,historis
KABUPATEN CIREBON,2,2022,1263.0,1255.0,1255.0,0.0,historis
KABUPATEN CIREBON,2,2022,1263.0,1263.0,1255.0,0.006374501992031873,historis
KABUPATEN CIREBON,2,2022,1263.0,1263.0,1263.0,0.0,historis
KABUPATEN CIREBON,2,2022,1263.0,1263.0,1263.0,0.0,historis
KABUPATEN CIREBON,2,2022,1263.0,1263.0,1263.0,0.0,historis
KABUPATEN CIREBON,2,2022,1263.0,1263.0,1263.0,0.0,historis
KABUPATEN CIREBON,2,2022,1263.0,1263.0,1263.0,0.0,historis
KABUPATEN CIREBON,2,2022,1263.0,1263.0,1263.0,0.0,historis
KABUPATEN CIREBON,2,2022,1263.0,1263.0,1263.0,0.0,historis
KABUPATEN CIREBON,2,2022,1263.0,1263.0,1263.0,0.0,historis
KABUPATEN CIREBON,2,2022,1263.0,1263.0,1263.0,0.0,historis
KABUPATEN CIREBON,2,2023,1336.0,1263.0,1263.0,0.0,historis
KABUPATEN CIREBON,2,2023,1336.0,1336.0,1263.0,0.05779889152810768,historis
KABUPATEN CIREBON,2,2023,1336.0,1336.0,1336.0,0.0,historis
KABUPATEN CIREBON,2,2023,1336.0,1336.0,1336.0,0.0,historis
KABUPATEN CIREBON,2,2023,1336.0,1336.0,1336.0,0.0,historis
KABUPATEN CIREBON,2,2023,1336.0,1336.0,1336.0,0.0,historis
KABUPATEN CIREBON,2,2023,1336.0,1336.0,1336.0,0.0,historis
KABUPATEN CIREBON,2,2023,1336.0,1336.0,1336.0,0.0,historis
KABUPATEN CIREBON,2,2023,1336.0,1336.0,1336.0,0.0,historis
KABUPATEN CIREBON,2,2023,1336.0,1336.0,1336.0,0.0,historis
KABUPATEN CIREBON,2,2023,1336.0,1336.0,1336.0,0.0,historis
KABUPATEN CIREBON,2,2023,1336.0,1336.0,1336.0,0.0,historis
KABUPATEN CIREBON,2,2024,1403.0,1336.0,1336.0,0.0,historis
KABUPATEN CIREBON,2,2024,1403.0,1403.0,1336.0,0.050149700598802395,historis
KABUPATEN CIREBON,2,2024,1403.0,1403.0,1403.0,0.0,historis
KABUPATEN CIREBON,2,2024,1403.0,1403.0,1403.0,0.0,historis
KABUPATEN CIREBON,2,2024,1403.0,1403.0,1403.0,0.0,historis
KABUPATEN CIREBON,2,2024,1403.0,1403.0,1403.0,0.0,historis
KABUPATEN CIREBON,2,2024,1403.0,1403.0,1403.0,0.0,historis
KABUPATEN CIREBON,2,2024,1403.0,1403.0,1403.0,0.0,historis
KABUPATEN CIREBON,2,2024,1403.0,1403.0,1403.0,0.0,historis
KABUPATEN CIREBON,2,2024,1403.0,1403.0,1403.0,0.0,historis
KABUPATEN CIREBON,2,2024,1403.0,1403.0,1403.0,0.0,historis
KABUPATEN CIREBON,2,2024,1403.0,1403.0,1403.0,0.0,historis
KABUPATEN CIREBON,2,2024,1403.0,1403.0,1403.0,0.0,historis
KABUPATEN CIREBON,2,2024,1403.0,1403.0,1403.0,0.0,historis
KABUPATEN CIREBON,2,2024,1403.0,1403.0,1403.0,0.0,historis
KABUPATEN CIREBON,2,2024,1403.0,1403.0,1403.0,0.0,historis
KABUPATEN CIREBON,2,2026,1390.0,1403.0,1403.0,0.0,prediksi
KABUPATEN CIREBON,2,2027,1390.0,1390.0,1403.0,-0.0095,prediksi
KABUPATEN CIREBON,2,2028,1390.0,1390.0,1390.0,0.0,prediksi
KABUPATEN CIREBON,2,2029,1390.0,1390.0,1390.0,0.0,prediksi
KABUPATEN CIREBON,2,2030,1390.0,1390.0,1390.0,0.0,prediksi
KABUPATEN CIREBON,3,2021,23831.0,0.0,0.0,0.0,historis
KABUPATEN CIREBON,3,2021,23831.0,23831.0,0.0,0.0,historis
KABUPATEN CIREBON,3,2021,23831.0,23831.0,23831.0,0.0,historis
KABUPATEN CIREBON,3,2021,23831.0,23831.0,23831.0,0.0,historis
KABUPATEN CIREBON,3,2021,23831.0,23831.0,23831.0,0.0,historis
KABUPATEN CIREBON,3,2021,23831.0,23831.0,23831.0,0.0,historis
KABUPATEN CIREBON,3,2021,23831.0,23831.0,23831.0,0.0,historis
KABUPATEN CIREBON,3,2021,23831.0,23831.0,23831.0,0.0,historis
KABUPATEN CIREBON,3,2021,23831.0,23831.0,23831.0,0.0,historis
KABUPATEN CIREBON,3,2021,23831.0,23831.0,23831.0,0.0,historis
KABUPATEN CIREBON,3,2022,24539.0,23831.0,23831.0,0.0,historis
KABUPATEN CIREBON,3,2022,24539.0,24539.0,23831.0,0.02970920229952583,historis
KABUPATEN CIREBON,3,2022,24539.0,24539.0,24539.0,0.0,historis
KABUPATEN CIREBON,3,2022,24539.0,24539.0,24539.0,0.0,historis
KABUPATEN CIREBON,3,2022,24539.0,24539.0,24539.0,0.0,historis
KABUPATEN CIREBON,3,2022,24539.0,24539.0,24539.0,0.0,historis
KABUPATEN CIREBON,3,2022,24539.0,24539.0,24539.0,0.0,historis
KABUPATEN CIREBON,3,2022,24539.0,24539.0,24539.0,0.0,historis
KABUPATEN CIREBON,3,2022,24539.0,24539.0,24539.0,0.0,historis
KABUPATEN CIREBON,3,2022,24539.0,24539.0,24539.0,0.0,historis
KABUPATEN CIREBON,3,2022,24539.0,24539.0,24539.0,0.0,historis
KABUPATEN CIREBON,3,2023,25006.0,24539.0,24539.0,0.0,historis
KABUPATEN CIREBON,3,2023,25006.0,25006.0,24539.0,0.019030930355760218,historis
KABUPATEN CIREBON,3,2023,25006.0,25006.0,25006.0,0.0,historis
KABUPATEN CIREBON,3,2023,25006.0,25006.0,25006.0,0.0,historis
KABUPATEN CIREBON,3,2023,25006.0,25006.0,25006.0,0.0,historis
KABUPATEN CIREBON,3,2023,25006.0,25006.0,25006.0,0.0,historis
KABUPATEN CIREBON,3,2023,25006.0,25006.0,25006.0,0.0,historis
KABUPATEN CIREBON,3,2023,25006.0,25006.0,25006.0,0.0,historis
KABUPATEN CIREBON,3,2023,25006.0,25006.0,25006.0,0.0,historis
KABUPATEN CIREBON,3,2023,25006.0,25006.0,25006.0,0.0,historis
KABUPATEN CIREBON,3,2023,25006.0,25006.0,25006.0,0.0,historis
KABUPATEN CIREBON,3,2023,25006.0,25006.0,25006.0,0.0,historis
KABUPATEN CIREBON,3,2024,24531.0,25006.0,25006.0,0.0,historis
KABUPATEN CIREBON,3,2024,24531.0,24531.0,25006.0,-0.018995441094137408,historis
KABUPATEN CIREBON,3,2024,24531.0,24531.0,24531.0,0.0,historis
KABUPATEN CIREBON,3,2024,24531.0,24531.0,24531.0,0.0,historis
KABUPATEN CIREBON,3,2024,24531.0,24531.0,24531.0,0.0,historis
KABUPATEN CIREBON,3,2024,24531.0,24531.0,24531.0,0.0,historis
KABUPATEN CIREBON,3,2024,24531.0,24531.0,24531.0,0.0,historis
KABUPATEN CIREBON,3,2024,24531.0,24531.0,24531.0,0.0,historis
KABUPATEN CIREBON,3,2024,24531.0,24531.0,24531.0,0.0,historis
KABUPATEN CIREBON,3,2024,24531.0,24531.0,24531.0,0.0,historis
KABUPATEN CIREBON,3,2024,24531.0,24531.0,24531.0,0.0,historis
KABUPATEN CIREBON,3,2024,24531.0,24531.0,24531.0,0.0,historis
KABUPATEN CIREBON,3,2024,24531.0,24531.0,24531.0,0.0,historis
KABUPATEN CIREBON,3,2024,24531.0,24531.0,24531.0,0.0,historis
KABUPATEN CIREBON,3,2024,24531.0,24531.0,24531.0,0.0,historis
KABUPATEN CIREBON,3,2024,24531.0,24531.0,24531.0,0.0,historis
KABUPATEN CIREBON,3,2026,24554.0,24531.0,24531.0,0.0,prediksi
KABUPATEN CIREBON,3,2027,24554.0,24554.0,24531.0,0.0009,prediksi
KABUPATEN CIREBON,3,2028,24554.0,24554.0,24554.0,0.0,prediksi
KABUPATEN CIREBON,3,2029,24554.0,24554.0,24554.0,0.0,prediksi
KABUPATEN CIREBON,3,2030,24554.0,24554.0,24554.0,0.0,prediksi
KABUPATEN GARUT,0,2021,33352.0,0.0,0.0,0.0,historis
KABUPATEN GARUT,0,2021,33352.0,33352.0,0.0,0.0,historis
KABUPATEN GARUT,0,2021,33352.0,33352.0,33352.0,0.0,historis
KABUPATEN GARUT,0,2021,33352.0,33352.0,33352.0,0.0,historis
KABUPATEN GARUT,0,2021,33352.0,33352.0,33352.0,0.0,historis
KABUPATEN GARUT,0,2021,33352.0,33352.0,33352.0,0.0,historis
KABUPATEN GARUT,0,2021,33352.0,33352.0,33352.0,0.0,historis
KABUPATEN GARUT,0,2021,33352.0,33352.0,33352.0,0.0,historis
KABUPATEN GARUT,0,2021,33352.0,33352.0,33352.0,0.0,historis
KABUPATEN GARUT,0,2021,33352.0,33352.0,33352.0,0.0,historis
KABUPATEN GARUT,0,2022,35819.0,33352.0,33352.0,0.0,historis
KABUPATEN GARUT,0,2022,35819.0,35819.0,33352.0,0.07396857759654593,historis
KABUPATEN GARUT,0,2022,35819.0,35819.0,35819.0,0.0,historis
KABUPATEN GARUT,0,2022,35819.0,35819.0,35819.0,0.0,historis
KABUPATEN GARUT,0,2022,35819.0,35819.0,35819.0,0.0,historis
KABUPATEN GARUT,0,2022,35819.0,35819.0,35819.0,0.0,historis
KABUPATEN GARUT,0,2022,35819.0,35819.0,35819.0,0.0,historis
KABUPATEN GARUT,0,2022,35819.0,35819.0,35819.0,0.0,historis
KABUPATEN GARUT,0,2022,35819.0,35819.0,35819.0,0.0,historis
KABUPATEN GARUT,0,2022,35819.0,35819.0,35819.0,0.0,historis
KABUPATEN GARUT,0,2022,35819.0,35819.0,35819.0,0.0,historis
KABUPATEN GARUT,0,2022,35819.0,35819.0,35819.0,0.0,historis
KABUPATEN GARUT,0,2023,38134.0,35819.0,35819.0,0.0,historis
KABUPATEN GARUT,0,2023,38134.0,38134.0,35819.0,0.06463050336413635,historis
KABUPATEN GARUT,0,2023,38134.0,38134.0,38134.0,0.0,historis
KABUPATEN GARUT,0,2023,38134.0,38134.0,38134.0,0.0,historis
KABUPATEN GARUT,0,2023,38134.0,38134.0,38134.0,0.0,historis
KABUPATEN GARUT,0,2023,38134.0,38134.0,38134.0,0.0,historis
KABUPATEN GARUT,0,2023,38134.0,38134.0,38134.0,0.0,historis
KABUPATEN GARUT,0,2023,38134.0,38134.0,38134.0,0.0,historis
KABUPATEN GARUT,0,2023,38134.0,38134.0,38134.0,0.0,historis
KABUPATEN GARUT,0,2024,39787.0,38134.0,38134.0,0.0,historis
KABUPATEN GARUT,0,2024,39787.0,39787.0,38134.0,0.043347144280694395,historis
KABUPATEN GARUT,0,2024,39787.0,39787.0,39787.0,0.0,historis
KABUPATEN GARUT,0,2024,39787.0,39787.0,39787.0,0.0,historis
KABUPATEN GARUT,0,2024,39787.0,39787.0,39787.0,0.0,historis
KABUPATEN GARUT,0,2024,39787.0,39787.0,39787.0,0.0,historis
KABUPATEN GARUT,0,2024,39787.0,39787.0,39787.0,0.0,historis
KABUPATEN GARUT,0,2024,39787.0,39787.0,39787.0,0.0,historis
KABUPATEN GARUT,0,2024,39787.0,39787.0,39787.0,0.0,historis
KABUPATEN GARUT,0,2024,39787.0,39787.0,39787.0,0.0,historis
KABUPATEN GARUT,0,2024,39787.0,39787.0,39787.0,0.0,historis
KABUPATEN GARUT,0,2026,39424.0,39787.0,39787.0,0.0,prediksi
KABUPATEN GARUT,0,2027,39424.0,39424.0,39787.0,-0.0091,prediksi
KABUPATEN GARUT,0,2028,39424.0,39424.0,39424.0,0.0,prediksi
KABUPATEN GARUT,0,2029,39424.0,39424.0,39424.0,0.0,prediksi
KABUPATEN GARUT,0,2030,39424.0,39424.0,39424.0,0.0,prediksi
KABUPATEN GARUT,1,2021,385236.0,0.0,0.0,0.0,historis
KABUPATEN GARUT,1,2021,385236.0,385236.0,0.0,0.0,historis
KABUPATEN GARUT,1,2021,385236.0,385236.0,385236.0,0.0,historis
KABUPATEN GARUT,1,2021,385236.0,385236.0,385236.0,0.0,historis
KABUPATEN GARUT,1,2021,385236.0,385236.0,385236.0,0.0,historis
KABUPATEN GARUT,1,2021,385236.0,385236.0,385236.0,0.0,historis
KABUPATEN GARUT,1,2021,385236.0,385236.0,385236.0,0.0,historis
KABUPATEN GARUT,1,2021,385236.0,385236.0,385236.0,0.0,historis
KABUPATEN GARUT,1,2021,385236.0,385236.0,385236.0,0.0,historis
KABUPATEN GARUT,1,2021,385236.0,385236.0,385236.0,0.0,historis
KABUPATEN GARUT,1,2022,388271.0,385236.0,385236.0,0.0,historis
KABUPATEN GARUT,1,2022,388271.0,388271.0,385236.0,0.007878287595136488,historis
KABUPATEN GARUT,1,2022,388271.0,388271.0,388271.0,0.0,historis
KABUPATEN GARUT,1,2022,388271.0,388271.0,388271.0,0.0,historis
KABUPATEN GARUT,1,2022,388271.0,388271.0,388271.0,0.0,historis
KABUPATEN GARUT,1,2022,388271.0,388271.0,388271.0,0.0,historis
KABUPATEN GARUT,1,2022,388271.0,388271.0,388271.0,0.0,historis
KABUPATEN GARUT,1,2022,388271.0,388271.0,388271.0,0.0,historis
KABUPATEN GARUT,1,2022,388271.0,388271.0,388271.0,0.0,historis
KABUPATEN GARUT,1,2022,388271.0,388271.0,388271.0,0.0,historis
KABUPATEN GARUT,1,2022,388271.0,388271.0,388271.0,0.0,historis
KABUPATEN GARUT,1,2022,388271.0,388271.0,388271.0,0.0,historis
KABUPATEN GARUT,1,2023,396769.0,388271.0,388271.0,0.0,historis
KABUPATEN GARUT,1,2023,396769.0,396769.0,388271.0,0.02188677495872728,historis
KABUPATEN GARUT,1,2023,396769.0,396769.0,396769.0,0.0,historis
KABUPATEN GARUT,1,2023,396769.0,396769.0,396769.0,0.0,historis
KABUPATEN GARUT,1,2023,396769.0,396769.0,396769.0,0.0,historis
KABUPATEN GARUT,1,2023,396769.0,396769.0,396769.0,0.0,historis
KABUPATEN GARUT,1,2023,396769.0,396769.0,396769.0,0.0,historis
KABUPATEN GARUT,1,2023,396769.0,396769.0,396769.0,0.0,historis
KABUPATEN GARUT,1,2023,396769.0,396769.0,396769.0,0.0,historis
KABUPATEN GARUT,1,2024,403226.0,396769.0,396769.0,0.0,historis
KABUPATEN GARUT,1,2024,403226.0,403226.0,396769.0,0.016273952854179635,historis
KABUPATEN GARUT,1,2024,403226.0,403226.0,403226.0,0.0,historis
KABUPATEN GARUT,1,2024,403226.0,403226.0,403226.0,0.0,historis
KABUPATEN GARUT,1,2024,403226.0,403226.0,403226.0,0.0,historis
KABUPATEN GARUT,1,2024,403226.0,403226.0,403226.0,0.0,historis
KABUPATEN GARUT,1,2024,403226.0,403226.0,403226.0,0.0,historis
KABUPATEN GARUT,1,2024,403226.0,403226.0,403226.0,0.0,historis
KABUPATEN GARUT,1,2024,403226.0,403226.0,403226.0,0.0,historis
KABUPATEN GARUT,1,2024,403226.0,403226.0,403226.0,0.0,historis
KABUPATEN GARUT,1,2024,403226.0,403226.0,403226.0,0.0,historis
KABUPATEN GARUT,1,2026,403226.0,403226.0,403226.0,0.0,prediksi
KABUPATEN GARUT,1,2027,403226.0,403226.0,403226.0,0.0,prediksi
KABUPATEN GARUT,1,2028,403226.0,403226.0,403226.0,0.0,prediksi
KABUPATEN GARUT,1,2029,403226.0,403226.0,403226.0,0.0,prediksi
KABUPATEN GARUT,1,2030,403226.0,403226.0,403226.0,0.0,prediksi
KABUPATEN GARUT,2,2021,916.0,0.0,0.0,0.0,historis
KABUPATEN GARUT,2,2021,916.0,916.0,0.0,0.0,historis
KABUPATEN GARUT,2,2021,916.0,916.0,916.0,0.0,historis
KABUPATEN GARUT,2,2021,916.0,916.0,916.0,0.0,historis
KABUPATEN GARUT,2,2021,916.0,916.0,916.0,0.0,historis
KABUPATEN GARUT,2,2021,916.0,916.0,916.0,0.0,historis
KABUPATEN GARUT,2,2021,916.0,916.0,916.0,0.0,historis
KABUPATEN GARUT,2,2021,916.0,916.0,916.0,0.0,historis
KABUPATEN GARUT,2,2021,916.0,916.0,916.0,0.0,historis
KABUPATEN GARUT,2,2021,916.0,916.0,916.0,0.0,historis
KABUPATEN GARUT,2,2022,915.0,916.0,916.0,0.0,historis
KABUPATEN GARUT,2,2022,915.0,915.0,916.0,-0.001091703056768559,historis
KABUPATEN GARUT,2,2022,915.0,915.0,915.0,0.0,historis
KABUPATEN GARUT,2,2022,915.0,915.0,915.0,0.0,historis
KABUPATEN GARUT,2,2022,915.0,915.0,915.0,0.0,historis
KABUPATEN GARUT,2,2022,915.0,915.0,915.0,0.0,historis
KABUPATEN GARUT,2,2022,915.0,915.0,915.0,0.0,historis
KABUPATEN GARUT,2,2022,915.0,915.0,915.0,0.0,historis
KABUPATEN GARUT,2,2022,915.0,915.0,915.0,0.0,historis
KABUPATEN GARUT,2,2022,915.0,915.0,915.0,0.0,historis
KABUPATEN GARUT,2,2022,915.0,915.0,915.0,0.0,historis
KABUPATEN GARUT,2,2022,915.0,915.0,915.0,0.0,historis
KABUPATEN GARUT,2,2023,886.0,915.0,915.0,0.0,historis
KABUPATEN GARUT,2,2023,886.0,886.0,915.0,-0.03169398907103825,historis
KABUPATEN GARUT,2,2023,886.0,886.0,886.0,0.0,historis
KABUPATEN GARUT,2,2023,886.0,886.0,886.0,0.0,historis
KABUPATEN GARUT,2,2023,886.0,886.0,886.0,0.0,historis
KABUPATEN GARUT,2,2023,886.0,886.0,886.0,0.0,historis
KABUPATEN GARUT,2,2023,886.0,886.0,886.0,0.0,historis
KABUPATEN GARUT,2,2023,886.0,886.0,886.0,0.0,historis
KABUPATEN GARUT,2,2023,886.0,886.0,886.0,0.0,historis
KABUPATEN GARUT,2,2024,909.0,886.0,886.0,0.0,historis
KABUPATEN GARUT,2,2024,909.0,909.0,886.0,0.025959367945823927,historis
KABUPATEN GARUT,2,2024,909.0,909.0,909.0,0.0,historis
KABUPATEN GARUT,2,2024,909.0,909.0,909.0,0.0,historis
KABUPATEN GARUT,2,2024,909.0,909.0,909.0,0.0,historis
KABUPATEN GARUT,2,2024,909.0,909.0,909.0,0.0,historis
KABUPATEN GARUT,2,2024,909.0,909.0,909.0,0.0,historis
KABUPATEN GARUT,2,2024,909.0,909.0,909.0,0.0,historis
KABUPATEN GARUT,2,2024,909.0,909.0,909.0,0.0,historis
KABUPATEN GARUT,2,2024,909.0,909.0,909.0,0.0,historis
KABUPATEN GARUT,2,2024,909.0,909.0,909.0,0.0,historis
KABUPATEN GARUT,2,2026,966.0,909.0,909.0,0.0,prediksi
KABUPATEN GARUT,2,2027,966.0,966.0,909.0,0.0625,prediksi
KABUPATEN GARUT,2,2028,966.0,966.0,966.0,0.0,prediksi
KABUPATEN GARUT,2,2029,966.0,966.0,966.0,0.0,prediksi
KABUPATEN GARUT,2,2030,966.0,966.0,966.0,0.0,prediksi
KABUPATEN GARUT,3,2021,15799.0,0.0,0.0,0.0,historis
KABUPATEN GARUT,3,2021,15799.0,15799.0,0.0,0.0,historis
KABUPATEN GARUT,3,2021,15799.0,15799.0,15799.0,0.0,historis
KABUPATEN GARUT,3,2021,15799.0,15799.0,15799.0,0.0,historis
KABUPATEN GARUT,3,2021,15799.0,15799.0,15799.0,0.0,historis
KABUPATEN GARUT,3,2021,15799.0,15799.0,15799.0,0.0,historis
KABUPATEN GARUT,3,2021,15799.0,15799.0,15799.0,0.0,historis
KABUPATEN GARUT,3,2021,15799.0,15799.0,15799.0,0.0,historis
KABUPATEN GARUT,3,2021,15799.0,15799.0,15799.0,0.0,historis
KABUPATEN GARUT,3,2021,15799.0,15799.0,15799.0,0.0,historis
KABUPATEN GARUT,3,2022,16232.0,15799.0,15799.0,0.0,historis
KABUPATEN GARUT,3,2022,16232.0,16232.0,15799.0,0.027406797898601176,historis
KABUPATEN GARUT,3,2022,16232.0,16232.0,16232.0,0.0,historis
KABUPATEN GARUT,3,2022,16232.0,16232.0,16232.0,0.0,historis
KABUPATEN GARUT,3,2022,16232.0,16232.0,16232.0,0.0,historis
KABUPATEN GARUT,3,2022,16232.0,16232.0,16232.0,0.0,historis
KABUPATEN GARUT,3,2022,16232.0,16232.0,16232.0,0.0,historis
KABUPATEN GARUT,3,2022,16232.0,16232.0,16232.0,0.0,historis
KABUPATEN GARUT,3,2022,16232.0,16232.0,16232.0,0.0,historis
KABUPATEN GARUT,3,2022,16232.0,16232.0,16232.0,0.0,historis
KABUPATEN GARUT,3,2022,16232.0,16232.0,16232.0,0.0,historis
KABUPATEN GARUT,3,2022,16232.0,16232.0,16232.0,0.0,historis
KABUPATEN GARUT,3,2023,16407.0,16232.0,16232.0,0.0,historis
KABUPATEN GARUT,3,2023,16407.0,16407.0,16232.0,0.010781172991621488,historis
KABUPATEN GARUT,3,2023,16407.0,16407.0,16407.0,0.0,historis
KABUPATEN GARUT,3,2023,16407.0,16407.0,16407.0,0.0,historis
KABUPATEN GARUT,3,2023,16407.0,16407.0,16407.0,0.0,historis
KABUPATEN GARUT,3,2023,16407.0,16407.0,16407.0,0.0,historis
KABUPATEN GARUT,3,2023,16407.0,16407.0,16407.0,0.0,historis
KABUPATEN GARUT,3,2023,16407.0,16407.0,16407.0,0.0,historis
KABUPATEN GARUT,3,2023,16407.0,16407.0,16407.0,0.0,historis
KABUPATEN GARUT,3,2024,16475.0,16407.0,16407.0,0.0,historis
KABUPATEN GARUT,3,2024,16475.0,16475.0,16407.0,0.004144572438593283,historis
KABUPATEN GARUT,3,2024,16475.0,16475.0,16475.0,0.0,historis
KABUPATEN GARUT,3,2024,16475.0,16475.0,16475.0,0.0,historis
KABUPATEN GARUT,3,2024,16475.0,16475.0,16475.0,0.0,historis
KABUPATEN GARUT,3,2024,16475.0,16475.0,16475.0,0.0,historis
KABUPATEN GARUT,3,2024,16475.0,16475.0,16475.0,0.0,historis
KABUPATEN GARUT,3,2024,16475.0,16475.0,16475.0,0.0,historis
KABUPATEN GARUT,3,2024,16475.0,16475.0,16475.0,0.0,historis
KABUPATEN GARUT,3,2024,16475.0,16475.0,16475.0,0.0,historis
KABUPATEN GARUT,3,2024,16475.0,16475.0,16475.0,0.0,historis
KABUPATEN GARUT,3,2026,16374.0,16475.0,16475.0,0.0,prediksi
KABUPATEN GARUT,3,2027,16374.0,16374.0,16475.0,-0.0061,prediksi
KABUPATEN GARUT,3,2028,16374.0,16374.0,16374.0,0.0,prediksi
KABUPATEN GARUT,3,2029,16374.0,16374.0,16374.0,0.0,prediksi
KABUPATEN GARUT,3,2030,16374.0,16374.0,16374.0,0.0,prediksi
KABUPATEN INDRAMAYU,0,2021,35181.0,0.0,0.0,0.0,historis
KABUPATEN INDRAMAYU,0,2021,35181.0,35181.0,0.0,0.0,historis
KABUPATEN INDRAMAYU,0,2021,35181.0,35181.0,35181.0,0.0,historis
KABUPATEN INDRAMAYU,0,2021,35181.0,35181.0,35181.0,0.0,historis
KABUPATEN INDRAMAYU,0,2021,35181.0,35181.0,35181.0,0.0,historis
KABUPATEN INDRAMAYU,0,2021,35181.0,35181.0,35181.0,0.0,historis
KABUPATEN INDRAMAYU,0,2021,35181.0,35181.0,35181.0,0.0,historis
KABUPATEN INDRAMAYU,0,2021,35181.0,35181.0,35181.0,0.0,historis
KABUPATEN INDRAMAYU,0,2021,35181.0,35181.0,35181.0,0.0,historis
KABUPATEN INDRAMAYU,0,2021,35181.0,35181.0,35181.0,0.0,historis
KABUPATEN INDRAMAYU,0,2021,35181.0,35181.0,35181.0,0.0,historis
KABUPATEN INDRAMAYU,0,2021,35181.0,35181.0,35181.0,0.0,historis
KABUPATEN INDRAMAYU,0,2022,37554.0,35181.0,35181.0,0.0,historis
KABUPATEN INDRAMAYU,0,2022,37554.0,37554.0,35181.0,0.06745118103521787,historis
KABUPATEN INDRAMAYU,0,2022,37554.0,37554.0,37554.0,0.0,historis
KABUPATEN INDRAMAYU,0,2022,37554.0,37554.0,37554.0,0.0,historis
KABUPATEN INDRAMAYU,0,2022,37554.0,37554.0,37554.0,0.0,historis
KABUPATEN INDRAMAYU,0,2022,37554.0,37554.0,37554.0,0.0,historis
KABUPATEN INDRAMAYU,0,2022,37554.0,37554.0,37554.0,0.0,historis
KABUPATEN INDRAMAYU,0,2022,37554.0,37554.0,37554.0,0.0,historis
KABUPATEN INDRAMAYU,0,2022,37554.0,37554.0,37554.0,0.0,historis
KABUPATEN INDRAMAYU,0,2022,37554.0,37554.0,37554.0,0.0,historis
KABUPATEN INDRAMAYU,0,2022,37554.0,37554.0,37554.0,0.0,historis
KABUPATEN INDRAMAYU,0,2023,39598.0,37554.0,37554.0,0.0,historis
KABUPATEN INDRAMAYU,0,2023,39598.0,39598.0,37554.0,0.05442828992916866,historis
KABUPATEN INDRAMAYU,0,2023,39598.0,39598.0,39598.0,0.0,historis
KABUPATEN INDRAMAYU,0,2023,39598.0,39598.0,39598.0,0.0,historis
KABUPATEN INDRAMAYU,0,2023,39598.0,39598.0,39598.0,0.0,historis
KABUPATEN INDRAMAYU,0,2023,39598.0,39598.0,39598.0,0.0,historis
KABUPATEN INDRAMAYU,0,2023,39598.0,39598.0,39598.0,0.0,historis
KABUPATEN INDRAMAYU,0,2023,39598.0,39598.0,39598.0,0.0,historis
KABUPATEN INDRAMAYU,0,2024,40876.0,39598.0,39598.0,0.0,historis
KABUPATEN INDRAMAYU,0,2024,40876.0,40876.0,39598.0,0.032274357290772264,historis
KABUPATEN INDRAMAYU,0,2024,40876.0,40876.0,40876.0,0.0,historis
KABUPATEN INDRAMAYU,0,2024,40876.0,40876.0,40876.0,0.0,historis
KABUPATEN INDRAMAYU,0,2024,40876.0,40876.0,40876.0,0.0,historis
KABUPATEN INDRAMAYU,0,2024,40876.0,40876.0,40876.0,0.0,historis
KABUPATEN INDRAMAYU,0,2024,40876.0,40876.0,40876.0,0.0,historis
KABUPATEN INDRAMAYU,0,2024,40876.0,40876.0,40876.0,0.0,historis
KABUPATEN INDRAMAYU,0,2024,40876.0,40876.0,40876.0,0.0,historis
KABUPATEN INDRAMAYU,0,2024,40876.0,40876.0,40876.0,0.0,historis
KABUPATEN INDRAMAYU,0,2024,40876.0,40876.0,40876.0,0.0,historis
KABUPATEN INDRAMAYU,0,2026,39424.0,40876.0,40876.0,0.0,prediksi
KABUPATEN INDRAMAYU,0,2027,39424.0,39424.0,40876.0,-0.0355,prediksi
KABUPATEN INDRAMAYU,0,2028,39424.0,39424.0,39424.0,0.0,prediksi
KABUPATEN INDRAMAYU,0,2029,39424.0,39424.0,39424.0,0.0,prediksi
KABUPATEN INDRAMAYU,0,2030,39424.0,39424.0,39424.0,0.0,prediksi
KABUPATEN INDRAMAYU,1,2021,476560.0,0.0,0.0,0.0,historis
KABUPATEN INDRAMAYU,1,2021,476560.0,476560.0,0.0,0.0,historis
KABUPATEN INDRAMAYU,1,2021,476560.0,476560.0,476560.0,0.0,historis
KABUPATEN INDRAMAYU,1,2021,476560.0,476560.0,476560.0,0.0,historis
KABUPATEN INDRAMAYU,1,2021,476560.0,476560.0,476560.0,0.0,historis
KABUPATEN INDRAMAYU,1,2021,476560.0,476560.0,476560.0,0.0,historis
KABUPATEN INDRAMAYU,1,2021,476560.0,476560.0,476560.0,0.0,historis
KABUPATEN INDRAMAYU,1,2021,476560.0,476560.0,476560.0,0.0,historis
KABUPATEN INDRAMAYU,1,2021,476560.0,476560.0,476560.0,0.0,historis
KABUPATEN INDRAMAYU,1,2021,476560.0,476560.0,476560.0,0.0,historis
KABUPATEN INDRAMAYU,1,2021,476560.0,476560.0,476560.0,0.0,historis
KABUPATEN INDRAMAYU,1,2021,476560.0,476560.0,476560.0,0.0,historis
KABUPATEN INDRAMAYU,1,2022,478009.0,476560.0,476560.0,0.0,historis
KABUPATEN INDRAMAYU,1,2022,478009.0,478009.0,476560.0,0.0030405405405405407,historis
KABUPATEN INDRAMAYU,1,2022,478009.0,478009.0,478009.0,0.0,historis
KABUPATEN INDRAMAYU,1,2022,478009.0,478009.0,478009.0,0.0,historis
KABUPATEN INDRAMAYU,1,2022,478009.0,478009.0,478009.0,0.0,historis
KABUPATEN INDRAMAYU,1,2022,478009.0,478009.0,478009.0,0.0,historis
KABUPATEN INDRAMAYU,1,2022,478009.0,478009.0,478009.0,0.0,historis
KABUPATEN INDRAMAYU,1,2022,478009.0,478009.0,478009.0,0.0,historis
KABUPATEN INDRAMAYU,1,2022,478009.0,478009.0,478009.0,0.0,historis
KABUPATEN INDRAMAYU,1,2022,478009.0,478009.0,478009.0,0.0,historis
KABUPATEN INDRAMAYU,1,2022,478009.0,478009.0,478009.0,0.0,historis
KABUPATEN INDRAMAYU,1,2023,481853.0,478009.0,478009.0,0.0,historis
KABUPATEN INDRAMAYU,1,2023,481853.0,481853.0,478009.0,0.008041689591618568,historis
KABUPATEN INDRAMAYU,1,2023,481853.0,481853.0,481853.0,0.0,historis
KABUPATEN INDRAMAYU,1,2023,481853.0,481853.0,481853.0,0.0,historis
KABUPATEN INDRAMAYU,1,2023,481853.0,481853.0,481853.0,0.0,historis
KABUPATEN INDRAMAYU,1,2023,481853.0,481853.0,481853.0,0.0,historis
KABUPATEN INDRAMAYU,1,2023,481853.0,481853.0,481853.0,0.0,historis
KABUPATEN INDRAMAYU,1,2023,481853.0,481853.0,481853.0,0.0,historis
KABUPATEN INDRAMAYU,1,2024,476930.0,481853.0,481853.0,0.0,historis
KABUPATEN INDRAMAYU,1,2024,476930.0,476930.0,481853.0,-0.010216808860793644,historis
KABUPATEN INDRAMAYU,1,2024,476930.0,476930.0,476930.0,0.0,historis
KABUPATEN INDRAMAYU,1,2024,476930.0,476930.0,476930.0,0.0,historis
KABUPATEN INDRAMAYU,1,2024,476930.0,476930.0,476930.0,0.0,historis
KABUPATEN INDRAMAYU,1,2024,476930.0,476930.0,476930.0,0.0,historis
KABUPATEN INDRAMAYU,1,2024,476930.0,476930.0,476930.0,0.0,historis
KABUPATEN INDRAMAYU,1,2024,476930.0,476930.0,476930.0,0.0,historis
KABUPATEN INDRAMAYU,1,2024,476930.0,476930.0,476930.0,0.0,historis
KABUPATEN INDRAMAYU,1,2024,476930.0,476930.0,476930.0,0.0,historis
KABUPATEN INDRAMAYU,1,2024,476930.0,476930.0,476930.0,0.0,historis
KABUPATEN INDRAMAYU,1,2026,476930.0,476930.0,481853.0,-0.0102,prediksi
KABUPATEN INDRAMAYU,1,2027,476930.0,476930.0,476930.0,0.0,prediksi
KABUPATEN INDRAMAYU,1,2028,476930.0,476930.0,476930.0,0.0,prediksi
KABUPATEN INDRAMAYU,1,2029,476930.0,476930.0,476930.0,0.0,prediksi
KABUPATEN INDRAMAYU,1,2030,476930.0,476930.0,476930.0,0.0,prediksi
KABUPATEN INDRAMAYU,2,2021,825.0,0.0,0.0,0.0,historis
KABUPATEN INDRAMAYU,2,2021,825.0,825.0,0.0,0.0,historis
KABUPATEN INDRAMAYU,2,2021,825.0,825.0,825.0,0.0,historis
KABUPATEN INDRAMAYU,2,2021,825.0,825.0,825.0,0.0,historis
KABUPATEN INDRAMAYU,2,2021,825.0,825.0,825.0,0.0,historis
KABUPATEN INDRAMAYU,2,2021,825.0,825.0,825.0,0.0,historis
KABUPATEN INDRAMAYU,2,2021,825.0,825.0,825.0,0.0,historis
KABUPATEN INDRAMAYU,2,2021,825.0,825.0,825.0,0.0,historis
KABUPATEN INDRAMAYU,2,2021,825.0,825.0,825.0,0.0,historis
KABUPATEN INDRAMAYU,2,2021,825.0,825.0,825.0,0.0,historis
KABUPATEN INDRAMAYU,2,2021,825.0,825.0,825.0,0.0,historis
KABUPATEN INDRAMAYU,2,2021,825.0,825.0,825.0,0.0,historis
KABUPATEN INDRAMAYU,2,2022,799.0,825.0,825.0,0.0,historis
KABUPATEN INDRAMAYU,2,2022,799.0,799.0,825.0,-0.03151515151515152,historis
KABUPATEN INDRAMAYU,2,2022,799.0,799.0,799.0,0.0,historis
KABUPATEN INDRAMAYU,2,2022,799.0,799.0,799.0,0.0,historis
KABUPATEN INDRAMAYU,2,2022,799.0,799.0,799.0,0.0,historis
KABUPATEN INDRAMAYU,2,2022,799.0,799.0,799.0,0.0,historis
KABUPATEN INDRAMAYU,2,2022,799.0,799.0,799.0,0.0,historis
KABUPATEN INDRAMAYU,2,2022,799.0,799.0,799.0,0.0,historis
KABUPATEN INDRAMAYU,2,2022,799.0,799.0,799.0,0.0,historis
KABUPATEN INDRAMAYU,2,2022,799.0,799.0,799.0,0.0,historis
KABUPATEN INDRAMAYU,2,2022,799.0,799.0,799.0,0.0,historis
KABUPATEN INDRAMAYU,2,2023,783.0,799.0,799.0,0.0,historis
KABUPATEN INDRAMAYU,2,2023,783.0,783.0,799.0,-0.02002503128911139,historis
KABUPATEN INDRAMAYU,2,2023,783.0,783.0,783.0,0.0,historis
KABUPATEN INDRAMAYU,2,2023,783.0,783.0,783.0,0.0,historis
KABUPATEN INDRAMAYU,2,2023,783.0,783.0,783.0,0.0,historis
KABUPATEN INDRAMAYU,2,2023,783.0,783.0,783.0,0.0,historis
KABUPATEN INDRAMAYU,2,2023,783.0,783.0,783.0,0.0,historis
KABUPATEN INDRAMAYU,2,2023,783.0,783.0,783.0,0.0,historis
KABUPATEN INDRAMAYU,2,2024,801.0,783.0,783.0,0.0,historis
KABUPATEN INDRAMAYU,2,2024,801.0,801.0,783.0,0.022988505747126436,historis
KABUPATEN INDRAMAYU,2,2024,801.0,801.0,801.0,0.0,historis
KABUPATEN INDRAMAYU,2,2024,801.0,801.0,801.0,0.0,historis
KABUPATEN INDRAMAYU,2,2024,801.0,801.0,801.0,0.0,historis
KABUPATEN INDRAMAYU,2,2024,801.0,801.0,801.0,0.0,historis
KABUPATEN INDRAMAYU,2,2024,801.0,801.0,801.0,0.0,historis
KABUPATEN INDRAMAYU,2,2024,801.0,801.0,801.0,0.0,historis
KABUPATEN INDRAMAYU,2,2024,801.0,801.0,801.0,0.0,historis
KABUPATEN INDRAMAYU,2,2024,801.0,801.0,801.0,0.0,historis
KABUPATEN INDRAMAYU,2,2024,801.0,801.0,801.0,0.0,historis
KABUPATEN INDRAMAYU,2,2026,835.0,801.0,801.0,0.0,prediksi
KABUPATEN INDRAMAYU,2,2027,835.0,835.0,801.0,0.0423,prediksi
KABUPATEN INDRAMAYU,2,2028,835.0,835.0,835.0,0.0,prediksi
KABUPATEN INDRAMAYU,2,2029,835.0,835.0,835.0,0.0,prediksi
KABUPATEN INDRAMAYU,2,2030,835.0,835.0,835.0,0.0,prediksi
KABUPATEN INDRAMAYU,3,2021,17175.0,0.0,0.0,0.0,historis
KABUPATEN INDRAMAYU,3,2021,17175.0,17175.0,0.0,0.0,historis
KABUPATEN INDRAMAYU,3,2021,17175.0,17175.0,17175.0,0.0,historis
KABUPATEN INDRAMAYU,3,2021,17175.0,17175.0,17175.0,0.0,historis
KABUPATEN INDRAMAYU,3,2021,17175.0,17175.0,17175.0,0.0,historis
KABUPATEN INDRAMAYU,3,2021,17175.0,17175.0,17175.0,0.0,historis
KABUPATEN INDRAMAYU,3,2021,17175.0,17175.0,17175.0,0.0,historis
KABUPATEN INDRAMAYU,3,2021,17175.0,17175.0,17175.0,0.0,historis
KABUPATEN INDRAMAYU,3,2021,17175.0,17175.0,17175.0,0.0,historis
KABUPATEN INDRAMAYU,3,2021,17175.0,17175.0,17175.0,0.0,historis
KABUPATEN INDRAMAYU,3,2021,17175.0,17175.0,17175.0,0.0,historis
KABUPATEN INDRAMAYU,3,2021,17175.0,17175.0,17175.0,0.0,historis
KABUPATEN INDRAMAYU,3,2022,17552.0,17175.0,17175.0,0.0,historis
KABUPATEN INDRAMAYU,3,2022,17552.0,17552.0,17175.0,0.02195050946142649,historis
KABUPATEN INDRAMAYU,3,2022,17552.0,17552.0,17552.0,0.0,historis
KABUPATEN INDRAMAYU,3,2022,17552.0,17552.0,17552.0,0.0,historis
KABUPATEN INDRAMAYU,3,2022,17552.0,17552.0,17552.0,0.0,historis
KABUPATEN INDRAMAYU,3,2022,17552.0,17552.0,17552.0,0.0,historis
KABUPATEN INDRAMAYU,3,2022,17552.0,17552.0,17552.0,0.0,historis
KABUPATEN INDRAMAYU,3,2022,17552.0,17552.0,17552.0,0.0,historis
KABUPATEN INDRAMAYU,3,2022,17552.0,17552.0,17552.0,0.0,historis
KABUPATEN INDRAMAYU,3,2022,17552.0,17552.0,17552.0,0.0,historis
KABUPATEN INDRAMAYU,3,2022,17552.0,17552.0,17552.0,0.0,historis
KABUPATEN INDRAMAYU,3,2023,17656.0,17552.0,17552.0,0.0,historis
KABUPATEN INDRAMAYU,3,2023,17656.0,17656.0,17552.0,0.005925250683682771,historis
KABUPATEN INDRAMAYU,3,2023,17656.0,17656.0,17656.0,0.0,historis
KABUPATEN INDRAMAYU,3,2023,17656.0,17656.0,17656.0,0.0,historis
KABUPATEN INDRAMAYU,3,2023,17656.0,17656.0,17656.0,0.0,historis
KABUPATEN INDRAMAYU,3,2023,17656.0,17656.0,17656.0,0.0,historis
KABUPATEN INDRAMAYU,3,2023,17656.0,17656.0,17656.0,0.0,historis
KABUPATEN INDRAMAYU,3,2023,17656.0,17656.0,17656.0,0.0,historis
KABUPATEN INDRAMAYU,3,2024,17308.0,17656.0,17656.0,0.0,historis
KABUPATEN INDRAMAYU,3,2024,17308.0,17308.0,17656.0,-0.01971001359311282,historis
KABUPATEN INDRAMAYU,3,2024,17308.0,17308.0,17308.0,0.0,historis
KABUPATEN INDRAMAYU,3,2024,17308.0,17308.0,17308.0,0.0,historis
KABUPATEN INDRAMAYU,3,2024,17308.0,17308.0,17308.0,0.0,historis
KABUPATEN INDRAMAYU,3,2024,17308.0,17308.0,17308.0,0.0,historis
KABUPATEN INDRAMAYU,3,2024,17308.0,17308.0,17308.0,0.0,historis
KABUPATEN INDRAMAYU,3,2024,17308.0,17308.0,17308.0,0.0,historis
KABUPATEN INDRAMAYU,3,2024,17308.0,17308.0,17308.0,0.0,historis
KABUPATEN INDRAMAYU,3,2024,17308.0,17308.0,17308.0,0.0,historis
KABUPATEN INDRAMAYU,3,2024,17308.0,17308.0,17308.0,0.0,historis
KABUPATEN INDRAMAYU,3,2026,17273.0,17308.0,17308.0,0.0,prediksi
KABUPATEN INDRAMAYU,3,2027,17273.0,17273.0,17308.0,-0.002,prediksi
KABUPATEN INDRAMAYU,3,2028,17273.0,17273.0,17273.0,0.0,prediksi
KABUPATEN INDRAMAYU,3,2029,17273.0,17273.0,17273.0,0.0,prediksi
KABUPATEN INDRAMAYU,3,2030,17273.0,17273.0,17273.0,0.0,prediksi
KABUPATEN KARAWANG,0,2021,89817.0,0.0,0.0,0.0,historis
KABUPATEN KARAWANG,0,2021,89817.0,89817.0,0.0,0.0,historis
KABUPATEN KARAWANG,0,2021,89817.0,89817.0,89817.0,0.0,historis
KABUPATEN KARAWANG,0,2021,89817.0,89817.0,89817.0,0.0,historis
KABUPATEN KARAWANG,0,2021,89817.0,89817.0,89817.0,0.0,historis
KABUPATEN KARAWANG,0,2021,89817.0,89817.0,89817.0,0.0,historis
KABUPATEN KARAWANG,0,2021,89817.0,89817.0,89817.0,0.0,historis
KABUPATEN KARAWANG,0,2021,89817.0,89817.0,89817.0,0.0,historis
KABUPATEN KARAWANG,0,2021,89817.0,89817.0,89817.0,0.0,historis
KABUPATEN KARAWANG,0,2022,95760.0,89817.0,89817.0,0.0,historis
KABUPATEN KARAWANG,0,2022,95760.0,95760.0,89817.0,0.06616787467851297,historis
KABUPATEN KARAWANG,0,2022,95760.0,95760.0,95760.0,0.0,historis
KABUPATEN KARAWANG,0,2022,95760.0,95760.0,95760.0,0.0,historis
KABUPATEN KARAWANG,0,2022,95760.0,95760.0,95760.0,0.0,historis
KABUPATEN KARAWANG,0,2022,95760.0,95760.0,95760.0,0.0,historis
KABUPATEN KARAWANG,0,2022,95760.0,95760.0,95760.0,0.0,historis
KABUPATEN KARAWANG,0,2022,95760.0,95760.0,95760.0,0.0,historis
KABUPATEN KARAWANG,0,2022,95760.0,95760.0,95760.0,0.0,historis
KABUPATEN KARAWANG,0,2023,100847.0,95760.0,95760.0,0.0,historis
KABUPATEN KARAWANG,0,2023,100847.0,100847.0,95760.0,0.053122389306599835,historis
KABUPATEN KARAWANG,0,2023,100847.0,100847.0,100847.0,0.0,historis
KABUPATEN KARAWANG,0,2023,100847.0,100847.0,100847.0,0.0,historis
KABUPATEN KARAWANG,0,2023,100847.0,100847.0,100847.0,0.0,historis
KABUPATEN KARAWANG,0,2023,100847.0,100847.0,100847.0,0.0,historis
KABUPATEN KARAWANG,0,2023,100847.0,100847.0,100847.0,0.0,historis
KABUPATEN KARAWANG,0,2023,100847.0,100847.0,100847.0,0.0,historis
KABUPATEN KARAWANG,0,2023,100847.0,100847.0,100847.0,0.0,historis
KABUPATEN KARAWANG,0,2023,100847.0,100847.0,100847.0,0.0,historis
KABUPATEN KARAWANG,0,2023,100847.0,100847.0,100847.0,0.0,historis
KABUPATEN KARAWANG,0,2023,100847.0,100847.0,100847.0,0.0,historis
KABUPATEN KARAWANG,0,2024,103647.0,100847.0,100847.0,0.0,historis
KABUPATEN KARAWANG,0,2024,103647.0,103647.0,100847.0,0.02776483187402699,historis
KABUPATEN KARAWANG,0,2024,103647.0,103647.0,103647.0,0.0,historis
KABUPATEN KARAWANG,0,2024,103647.0,103647.0,103647.0,0.0,historis
KABUPATEN KARAWANG,0,2024,103647.0,103647.0,103647.0,0.0,historis
KABUPATEN KARAWANG,0,2024,103647.0,103647.0,103647.0,0.0,historis
KABUPATEN KARAWANG,0,2024,103647.0,103647.0,103647.0,0.0,historis
KABUPATEN KARAWANG,0,2024,103647.0,103647.0,103647.0,0.0,historis
KABUPATEN KARAWANG,0,2024,103647.0,103647.0,103647.0,0.0,historis
KABUPATEN KARAWANG,0,2024,103647.0,103647.0,103647.0,0.0,historis
KABUPATEN KARAWANG,0,2024,103647.0,103647.0,103647.0,0.0,historis
KABUPATEN KARAWANG,0,2024,103647.0,103647.0,103647.0,0.0,historis
KABUPATEN KARAWANG,0,2024,103647.0,103647.0,103647.0,0.0,historis
KABUPATEN KARAWANG,0,2026,102173.0,103647.0,103647.0,0.0,prediksi
KABUPATEN KARAWANG,0,2027,102173.0,102173.0,103647.0,-0.0142,prediksi
KABUPATEN KARAWANG,0,2028,102173.0,102173.0,102173.0,0.0,prediksi
KABUPATEN KARAWANG,0,2029,102173.0,102173.0,102173.0,0.0,prediksi
KABUPATEN KARAWANG,0,2030,102173.0,102173.0,102173.0,0.0,prediksi
KABUPATEN KARAWANG,1,2021,733791.0,0.0,0.0,0.0,historis
KABUPATEN KARAWANG,1,2021,733791.0,733791.0,0.0,0.0,historis
KABUPATEN KARAWANG,1,2021,733791.0,733791.0,733791.0,0.0,historis
KABUPATEN KARAWANG,1,2021,733791.0,733791.0,733791.0,0.0,historis
KABUPATEN KARAWANG,1,2021,733791.0,733791.0,733791.0,0.0,historis
KABUPATEN KARAWANG,1,2021,733791.0,733791.0,733791.0,0.0,historis
KABUPATEN KARAWANG,1,2021,733791.0,733791.0,733791.0,0.0,historis
KABUPATEN KARAWANG,1,2021,733791.0,733791.0,733791.0,0.0,historis
KABUPATEN KARAWANG,1,2021,733791.0,733791.0,733791.0,0.0,historis
KABUPATEN KARAWANG,1,2022,738650.0,733791.0,733791.0,0.0,historis
KABUPATEN KARAWANG,1,2022,738650.0,738650.0,733791.0,0.006621776500393164,historis
KABUPATEN KARAWANG,1,2022,738650.0,738650.0,738650.0,0.0,historis
KABUPATEN KARAWANG,1,2022,738650.0,738650.0,738650.0,0.0,historis
KABUPATEN KARAWANG,1,2022,738650.0,738650.0,738650.0,0.0,historis
KABUPATEN KARAWANG,1,2022,738650.0,738650.0,738650.0,0.0,historis
KABUPATEN KARAWANG,1,2022,738650.0,738650.0,738650.0,0.0,historis
KABUPATEN KARAWANG,1,2022,738650.0,738650.0,738650.0,0.0,historis
KABUPATEN KARAWANG,1,2022,738650.0,738650.0,738650.0,0.0,historis
KABUPATEN KARAWANG,1,2023,755534.0,738650.0,738650.0,0.0,historis
KABUPATEN KARAWANG,1,2023,755534.0,755534.0,738650.0,0.022857916469234414,historis
KABUPATEN KARAWANG,1,2023,755534.0,755534.0,755534.0,0.0,historis
KABUPATEN KARAWANG,1,2023,755534.0,755534.0,755534.0,0.0,historis
KABUPATEN KARAWANG,1,2023,755534.0,755534.0,755534.0,0.0,historis
KABUPATEN KARAWANG,1,2023,755534.0,755534.0,755534.0,0.0,historis
KABUPATEN KARAWANG,1,2023,755534.0,755534.0,755534.0,0.0,historis
KABUPATEN KARAWANG,1,2023,755534.0,755534.0,755534.0,0.0,historis
KABUPATEN KARAWANG,1,2023,755534.0,755534.0,755534.0,0.0,historis
KABUPATEN KARAWANG,1,2023,755534.0,755534.0,755534.0,0.0,historis
KABUPATEN KARAWANG,1,2023,755534.0,755534.0,755534.0,0.0,historis
KABUPATEN KARAWANG,1,2023,755534.0,755534.0,755534.0,0.0,historis
KABUPATEN KARAWANG,1,2024,761919.0,755534.0,755534.0,0.0,historis
KABUPATEN KARAWANG,1,2024,761919.0,761919.0,755534.0,0.008450976395503048,historis
KABUPATEN KARAWANG,1,2024,761919.0,761919.0,761919.0,0.0,historis
KABUPATEN KARAWANG,1,2024,761919.0,761919.0,761919.0,0.0,historis
KABUPATEN KARAWANG,1,2024,761919.0,761919.0,761919.0,0.0,historis
KABUPATEN KARAWANG,1,2024,761919.0,761919.0,761919.0,0.0,historis
KABUPATEN KARAWANG,1,2024,761919.0,761919.0,761919.0,0.0,historis
KABUPATEN KARAWANG,1,2024,761919.0,761919.0,761919.0,0.0,historis
KABUPATEN KARAWANG,1,2024,761919.0,761919.0,761919.0,0.0,historis
KABUPATEN KARAWANG,1,2024,761919.0,761919.0,761919.0,0.0,historis
KABUPATEN KARAWANG,1,2024,761919.0,761919.0,761919.0,0.0,historis
KABUPATEN KARAWANG,1,2024,761919.0,761919.0,761919.0,0.0,historis
KABUPATEN KARAWANG,1,2024,761919.0,761919.0,761919.0,0.0,historis
KABUPATEN KARAWANG,1,2026,761919.0,761919.0,761919.0,0.0,prediksi
KABUPATEN KARAWANG,1,2027,761919.0,761919.0,761919.0,0.0,prediksi
KABUPATEN KARAWANG,1,2028,761919.0,761919.0,761919.0,0.0,prediksi
KABUPATEN KARAWANG,1,2029,761919.0,761919.0,761919.0,0.0,prediksi
KABUPATEN KARAWANG,1,2030,761919.0,761919.0,761919.0,0.0,prediksi
KABUPATEN KARAWANG,2,2021,1375.0,0.0,0.0,0.0,historis
KABUPATEN KARAWANG,2,2021,1375.0,1375.0,0.0,0.0,historis
KABUPATEN KARAWANG,2,2021,1375.0,1375.0,1375.0,0.0,historis
KABUPATEN KARAWANG,2,2021,1375.0,1375.0,1375.0,0.0,historis
KABUPATEN KARAWANG,2,2021,1375.0,1375.0,1375.0,0.0,historis
KABUPATEN KARAWANG,2,2021,1375.0,1375.0,1375.0,0.0,historis
KABUPATEN KARAWANG,2,2021,1375.0,1375.0,1375.0,0.0,historis
KABUPATEN KARAWANG,2,2021,1375.0,1375.0,1375.0,0.0,historis
KABUPATEN KARAWANG,2,2021,1375.0,1375.0,1375.0,0.0,historis
KABUPATEN KARAWANG,2,2022,1382.0,1375.0,1375.0,0.0,historis
KABUPATEN KARAWANG,2,2022,1382.0,1382.0,1375.0,0.005090909090909091,historis
KABUPATEN KARAWANG,2,2022,1382.0,1382.0,1382.0,0.0,historis
KABUPATEN KARAWANG,2,2022,1382.0,1382.0,1382.0,0.0,historis
KABUPATEN KARAWANG,2,2022,1382.0,1382.0,1382.0,0.0,historis
KABUPATEN KARAWANG,2,2022,1382.0,1382.0,1382.0,0.0,historis
KABUPATEN KARAWANG,2,2022,1382.0,1382.0,1382.0,0.0,historis
KABUPATEN KARAWANG,2,2022,1382.0,1382.0,1382.0,0.0,historis
KABUPATEN KARAWANG,2,2022,1382.0,1382.0,1382.0,0.0,historis
KABUPATEN KARAWANG,2,2023,1405.0,1382.0,1382.0,0.0,historis
KABUPATEN KARAWANG,2,2023,1405.0,1405.0,1382.0,0.016642547033285094,historis
KABUPATEN KARAWANG,2,2023,1405.0,1405.0,1405.0,0.0,historis
KABUPATEN KARAWANG,2,2023,1405.0,1405.0,1405.0,0.0,historis
KABUPATEN KARAWANG,2,2023,1405.0,1405.0,1405.0,0.0,historis
KABUPATEN KARAWANG,2,2023,1405.0,1405.0,1405.0,0.0,historis
KABUPATEN KARAWANG,2,2023,1405.0,1405.0,1405.0,0.0,historis
KABUPATEN KARAWANG,2,2023,1405.0,1405.0,1405.0,0.0,historis
KABUPATEN KARAWANG,2,2023,1405.0,1405.0,1405.0,0.0,historis
KABUPATEN KARAWANG,2,2023,1405.0,1405.0,1405.0,0.0,historis
KABUPATEN KARAWANG,2,2023,1405.0,1405.0,1405.0,0.0,historis
KABUPATEN KARAWANG,2,2023,1405.0,1405.0,1405.0,0.0,historis
KABUPATEN KARAWANG,2,2024,1441.0,1405.0,1405.0,0.0,historis
KABUPATEN KARAWANG,2,2024,1441.0,1441.0,1405.0,0.025622775800711744,historis
KABUPATEN KARAWANG,2,2024,1441.0,1441.0,1441.0,0.0,historis
KABUPATEN KARAWANG,2,2024,1441.0,1441.0,1441.0,0.0,historis
KABUPATEN KARAWANG,2,2024,1441.0,1441.0,1441.0,0.0,historis
KABUPATEN KARAWANG,2,2024,1441.0,1441.0,1441.0,0.0,historis
KABUPATEN KARAWANG,2,2024,1441.0,1441.0,1441.0,0.0,historis
KABUPATEN KARAWANG,2,2024,1441.0,1441.0,1441.0,0.0,historis
KABUPATEN KARAWANG,2,2024,1441.0,1441.0,1441.0,0.0,historis
KABUPATEN KARAWANG,2,2024,1441.0,1441.0,1441.0,0.0,historis
KABUPATEN KARAWANG,2,2024,1441.0,1441.0,1441.0,0.0,historis
KABUPATEN KARAWANG,2,2024,1441.0,1441.0,1441.0,0.0,historis
KABUPATEN KARAWANG,2,2024,1441.0,1441.0,1441.0,0.0,historis
KABUPATEN KARAWANG,2,2026,1390.0,1441.0,1441.0,0.0,prediksi
KABUPATEN KARAWANG,2,2027,1390.0,1390.0,1441.0,-0.0356,prediksi
KABUPATEN KARAWANG,2,2028,1390.0,1390.0,1390.0,0.0,prediksi
KABUPATEN KARAWANG,2,2029,1390.0,1390.0,1390.0,0.0,prediksi
KABUPATEN KARAWANG,2,2030,1390.0,1390.0,1390.0,0.0,prediksi
KABUPATEN KARAWANG,3,2021,29151.0,0.0,0.0,0.0,historis
KABUPATEN KARAWANG,3,2021,29151.0,29151.0,0.0,0.0,historis
KABUPATEN KARAWANG,3,2021,29151.0,29151.0,29151.0,0.0,historis
KABUPATEN KARAWANG,3,2021,29151.0,29151.0,29151.0,0.0,historis
KABUPATEN KARAWANG,3,2021,29151.0,29151.0,29151.0,0.0,historis
KABUPATEN KARAWANG,3,2021,29151.0,29151.0,29151.0,0.0,historis
KABUPATEN KARAWANG,3,2021,29151.0,29151.0,29151.0,0.0,historis
KABUPATEN KARAWANG,3,2021,29151.0,29151.0,29151.0,0.0,historis
KABUPATEN KARAWANG,3,2021,29151.0,29151.0,29151.0,0.0,historis
KABUPATEN KARAWANG,3,2022,30066.0,29151.0,29151.0,0.0,historis
KABUPATEN KARAWANG,3,2022,30066.0,30066.0,29151.0,0.031388288566429966,historis
KABUPATEN KARAWANG,3,2022,30066.0,30066.0,30066.0,0.0,historis
KABUPATEN KARAWANG,3,2022,30066.0,30066.0,30066.0,0.0,historis
KABUPATEN KARAWANG,3,2022,30066.0,30066.0,30066.0,0.0,historis
KABUPATEN KARAWANG,3,2022,30066.0,30066.0,30066.0,0.0,historis
KABUPATEN KARAWANG,3,2022,30066.0,30066.0,30066.0,0.0,historis
KABUPATEN KARAWANG,3,2022,30066.0,30066.0,30066.0,0.0,historis
KABUPATEN KARAWANG,3,2022,30066.0,30066.0,30066.0,0.0,historis
KABUPATEN KARAWANG,3,2023,30751.0,30066.0,30066.0,0.0,historis
KABUPATEN KARAWANG,3,2023,30751.0,30751.0,30066.0,0.02278321027073771,historis
KABUPATEN KARAWANG,3,2023,30751.0,30751.0,30751.0,0.0,historis
KABUPATEN KARAWANG,3,2023,30751.0,30751.0,30751.0,0.0,historis
KABUPATEN KARAWANG,3,2023,30751.0,30751.0,30751.0,0.0,historis
KABUPATEN KARAWANG,3,2023,30751.0,30751.0,30751.0,0.0,historis
KABUPATEN KARAWANG,3,2023,30751.0,30751.0,30751.0,0.0,historis
KABUPATEN KARAWANG,3,2023,30751.0,30751.0,30751.0,0.0,historis
KABUPATEN KARAWANG,3,2023,30751.0,30751.0,30751.0,0.0,historis
KABUPATEN KARAWANG,3,2023,30751.0,30751.0,30751.0,0.0,historis
KABUPATEN KARAWANG,3,2023,30751.0,30751.0,30751.0,0.0,historis
KABUPATEN KARAWANG,3,2023,30751.0,30751.0,30751.0,0.0,historis
KABUPATEN KARAWANG,3,2024,30648.0,30751.0,30751.0,0.0,historis
KABUPATEN KARAWANG,3,2024,30648.0,30648.0,30751.0,-0.0033494845696074925,historis
KABUPATEN KARAWANG,3,2024,30648.0,30648.0,30648.0,0.0,historis
KABUPATEN KARAWANG,3,2024,30648.0,30648.0,30648.0,0.0,historis
KABUPATEN KARAWANG,3,2024,30648.0,30648.0,30648.0,0.0,historis
KABUPATEN KARAWANG,3,2024,30648.0,30648.0,30648.0,0.0,historis
KABUPATEN KARAWANG,3,2024,30648.0,30648.0,30648.0,0.0,historis
KABUPATEN KARAWANG,3,2024,30648.0,30648.0,30648.0,0.0,historis
KABUPATEN KARAWANG,3,2024,30648.0,30648.0,30648.0,0.0,historis
KABUPATEN KARAWANG,3,2024,30648.0,30648.0,30648.0,0.0,historis
KABUPATEN KARAWANG,3,2024,30648.0,30648.0,30648.0,0.0,historis
KABUPATEN KARAWANG,3,2024,30648.0,30648.0,30648.0,0.0,historis
KABUPATEN KARAWANG,3,2024,30648.0,30648.0,30648.0,0.0,historis
KABUPATEN KARAWANG,3,2026,30648.0,30648.0,30648.0,0.0,prediksi
KABUPATEN KARAWANG,3,2027,30648.0,30648.0,30648.0,0.0,prediksi
KABUPATEN KARAWANG,3,2028,30648.0,30648.0,30648.0,0.0,prediksi
KABUPATEN KARAWANG,3,2029,30648.0,30648.0,30648.0,0.0,prediksi
KABUPATEN KARAWANG,3,2030,30648.0,30648.0,30648.0,0.0,prediksi
KABUPATEN KUNINGAN,0,2021,26843.0,0.0,0.0,0.0,historis
KABUPATEN KUNINGAN,0,2021,26843.0,26843.0,0.0,0.0,historis
KABUPATEN KUNINGAN,0,2021,26843.0,26843.0,26843.0,0.0,historis
KABUPATEN KUNINGAN,0,2021,26843.0,26843.0,26843.0,0.0,historis
KABUPATEN KUNINGAN,0,2021,26843.0,26843.0,26843.0,0.0,historis
KABUPATEN KUNINGAN,0,2021,26843.0,26843.0,26843.0,0.0,historis
KABUPATEN KUNINGAN,0,2021,26843.0,26843.0,26843.0,0.0,historis
KABUPATEN KUNINGAN,0,2021,26843.0,26843.0,26843.0,0.0,historis
KABUPATEN KUNINGAN,0,2021,26843.0,26843.0,26843.0,0.0,historis
KABUPATEN KUNINGAN,0,2021,26843.0,26843.0,26843.0,0.0,historis
KABUPATEN KUNINGAN,0,2021,26843.0,26843.0,26843.0,0.0,historis
KABUPATEN KUNINGAN,0,2021,26843.0,26843.0,26843.0,0.0,historis
KABUPATEN KUNINGAN,0,2022,28238.0,26843.0,26843.0,0.0,historis
KABUPATEN KUNINGAN,0,2022,28238.0,28238.0,26843.0,0.05196885594009611,historis
KABUPATEN KUNINGAN,0,2022,28238.0,28238.0,28238.0,0.0,historis
KABUPATEN KUNINGAN,0,2022,28238.0,28238.0,28238.0,0.0,historis
KABUPATEN KUNINGAN,0,2022,28238.0,28238.0,28238.0,0.0,historis
KABUPATEN KUNINGAN,0,2022,28238.0,28238.0,28238.0,0.0,historis
KABUPATEN KUNINGAN,0,2022,28238.0,28238.0,28238.0,0.0,historis
KABUPATEN KUNINGAN,0,2022,28238.0,28238.0,28238.0,0.0,historis
KABUPATEN KUNINGAN,0,2022,28238.0,28238.0,28238.0,0.0,historis
KABUPATEN KUNINGAN,0,2022,28238.0,28238.0,28238.0,0.0,historis
KABUPATEN KUNINGAN,0,2023,29525.0,28238.0,28238.0,0.0,historis
KABUPATEN KUNINGAN,0,2023,29525.0,29525.0,28238.0,0.045576882215454355,historis
KABUPATEN KUNINGAN,0,2023,29525.0,29525.0,29525.0,0.0,historis
KABUPATEN KUNINGAN,0,2023,29525.0,29525.0,29525.0,0.0,historis
KABUPATEN KUNINGAN,0,2023,29525.0,29525.0,29525.0,0.0,historis
KABUPATEN KUNINGAN,0,2023,29525.0,29525.0,29525.0,0.0,historis
KABUPATEN KUNINGAN,0,2023,29525.0,29525.0,29525.0,0.0,historis
KABUPATEN KUNINGAN,0,2023,29525.0,29525.0,29525.0,0.0,historis
KABUPATEN KUNINGAN,0,2023,29525.0,29525.0,29525.0,0.0,historis
KABUPATEN KUNINGAN,0,2023,29525.0,29525.0,29525.0,0.0,historis
KABUPATEN KUNINGAN,0,2023,29525.0,29525.0,29525.0,0.0,historis
KABUPATEN KUNINGAN,0,2023,29525.0,29525.0,29525.0,0.0,historis
KABUPATEN KUNINGAN,0,2023,29525.0,29525.0,29525.0,0.0,historis
KABUPATEN KUNINGAN,0,2023,29525.0,29525.0,29525.0,0.0,historis
KABUPATEN KUNINGAN,0,2023,29525.0,29525.0,29525.0,0.0,historis
KABUPATEN KUNINGAN,0,2023,29525.0,29525.0,29525.0,0.0,historis
KABUPATEN KUNINGAN,0,2023,29525.0,29525.0,29525.0,0.0,historis
KABUPATEN KUNINGAN,0,2023,29525.0,29525.0,29525.0,0.0,historis
KABUPATEN KUNINGAN,0,2023,29525.0,29525.0,29525.0,0.0,historis
KABUPATEN KUNINGAN,0,2024,30168.0,29525.0,29525.0,0.0,historis
KABUPATEN KUNINGAN,0,2024,30168.0,30168.0,29525.0,0.021778154106689245,historis
KABUPATEN KUNINGAN,0,2024,30168.0,30168.0,30168.0,0.0,historis
KABUPATEN KUNINGAN,0,2024,30168.0,30168.0,30168.0,0.0,historis
KABUPATEN KUNINGAN,0,2024,30168.0,30168.0,30168.0,0.0,historis
KABUPATEN KUNINGAN,0,2024,30168.0,30168.0,30168.0,0.0,historis
KABUPATEN KUNINGAN,0,2024,30168.0,30168.0,30168.0,0.0,historis
KABUPATEN KUNINGAN,0,2024,30168.0,30168.0,30168.0,0.0,historis
KABUPATEN KUNINGAN,0,2024,30168.0,30168.0,30168.0,0.0,historis
KABUPATEN KUNINGAN,0,2024,30168.0,30168.0,30168.0,0.0,historis
KABUPATEN KUNINGAN,0,2024,30168.0,30168.0,30168.0,0.0,historis
KABUPATEN KUNINGAN,0,2024,30168.0,30168.0,30168.0,0.0,historis
KABUPATEN KUNINGAN,0,2024,30168.0,30168.0,30168.0,0.0,historis
KABUPATEN KUNINGAN,0,2026,30430.0,30168.0,30168.0,0.0,prediksi
KABUPATEN KUNINGAN,0,2027,30430.0,30430.0,30168.0,0.0087,prediksi
KABUPATEN KUNINGAN,0,2028,30430.0,30430.0,30430.0,0.0,prediksi
KABUPATEN KUNINGAN,0,2029,30430.0,30430.0,30430.0,0.0,prediksi
KABUPATEN KUNINGAN,0,2030,30430.0,30430.0,30430.0,0.0,prediksi
KABUPATEN KUNINGAN,1,2021,303618.0,0.0,0.0,0.0,historis
KABUPATEN KUNINGAN,1,2021,303618.0,303618.0,0.0,0.0,historis
KABUPATEN KUNINGAN,1,2021,303618.0,303618.0,303618.0,0.0,historis
KABUPATEN KUNINGAN,1,2021,303618.0,303618.0,303618.0,0.0,historis
KABUPATEN KUNINGAN,1,2021,303618.0,303618.0,303618.0,0.0,historis
KABUPATEN KUNINGAN,1,2021,303618.0,303618.0,303618.0,0.0,historis
KABUPATEN KUNINGAN,1,2021,303618.0,303618.0,303618.0,0.0,historis
KABUPATEN KUNINGAN,1,2021,303618.0,303618.0,303618.0,0.0,historis
KABUPATEN KUNINGAN,1,2021,303618.0,303618.0,303618.0,0.0,historis
KABUPATEN KUNINGAN,1,2021,303618.0,303618.0,303618.0,0.0,historis
KABUPATEN KUNINGAN,1,2021,303618.0,303618.0,303618.0,0.0,historis
KABUPATEN KUNINGAN,1,2021,303618.0,303618.0,303618.0,0.0,historis
KABUPATEN KUNINGAN,1,2022,307202.0,303618.0,303618.0,0.0,historis
KABUPATEN KUNINGAN,1,2022,307202.0,307202.0,303618.0,0.011804306727532623,historis
KABUPATEN KUNINGAN,1,2022,307202.0,307202.0,307202.0,0.0,historis
KABUPATEN KUNINGAN,1,2022,307202.0,307202.0,307202.0,0.0,historis
KABUPATEN KUNINGAN,1,2022,307202.0,307202.0,307202.0,0.0,historis
KABUPATEN KUNINGAN,1,2022,307202.0,307202.0,307202.0,0.0,historis
KABUPATEN KUNINGAN,1,2022,307202.0,307202.0,307202.0,0.0,historis
KABUPATEN KUNINGAN,1,2022,307202.0,307202.0,307202.0,0.0,historis
KABUPATEN KUNINGAN,1,2022,307202.0,307202.0,307202.0,0.0,historis
KABUPATEN KUNINGAN,1,2022,307202.0,307202.0,307202.0,0.0,historis
KABUPATEN KUNINGAN,1,2023,313328.0,307202.0,307202.0,0.0,historis
KABUPATEN KUNINGAN,1,2023,313328.0,313328.0,307202.0,0.019941276423981615,historis
KABUPATEN KUNINGAN,1,2023,313328.0,313328.0,313328.0,0.0,historis
KABUPATEN KUNINGAN,1,2023,313328.0,313328.0,313328.0,0.0,historis
KABUPATEN KUNINGAN,1,2023,313328.0,313328.0,313328.0,0.0,historis
KABUPATEN KUNINGAN,1,2023,313328.0,313328.0,313328.0,0.0,historis
KABUPATEN KUNINGAN,1,2023,313328.0,313328.0,313328.0,0.0,historis
KABUPATEN KUNINGAN,1,2023,313328.0,313328.0,313328.0,0.0,historis
KABUPATEN KUNINGAN,1,2023,313328.0,313328.0,313328.0,0.0,historis
KABUPATEN KUNINGAN,1,2023,313328.0,313328.0,313328.0,0.0,historis
KABUPATEN KUNINGAN,1,2023,313328.0,313328.0,313328.0,0.0,historis
KABUPATEN KUNINGAN,1,2023,313328.0,313328.0,313328.0,0.0,historis
KABUPATEN KUNINGAN,1,2023,313328.0,313328.0,313328.0,0.0,historis
KABUPATEN KUNINGAN,1,2023,313328.0,313328.0,313328.0,0.0,historis
KABUPATEN KUNINGAN,1,2023,313328.0,313328.0,313328.0,0.0,historis
KABUPATEN KUNINGAN,1,2023,313328.0,313328.0,313328.0,0.0,historis
KABUPATEN KUNINGAN,1,2023,313328.0,313328.0,313328.0,0.0,historis
KABUPATEN KUNINGAN,1,2023,313328.0,313328.0,313328.0,0.0,historis
KABUPATEN KUNINGAN,1,2023,313328.0,313328.0,313328.0,0.0,historis
KABUPATEN KUNINGAN,1,2024,313928.0,313328.0,313328.0,0.0,historis
KABUPATEN KUNINGAN,1,2024,313928.0,313928.0,313328.0,0.001914926211509983,historis
KABUPATEN KUNINGAN,1,2024,313928.0,313928.0,313928.0,0.0,historis
KABUPATEN KUNINGAN,1,2024,313928.0,313928.0,313928.0,0.0,historis
KABUPATEN KUNINGAN,1,2024,313928.0,313928.0,313928.0,0.0,historis
KABUPATEN KUNINGAN,1,2024,313928.0,313928.0,313928.0,0.0,historis
KABUPATEN KUNINGAN,1,2024,313928.0,313928.0,313928.0,0.0,historis
KABUPATEN KUNINGAN,1,2024,313928.0,313928.0,313928.0,0.0,historis
KABUPATEN KUNINGAN,1,2024,313928.0,313928.0,313928.0,0.0,historis
KABUPATEN KUNINGAN,1,2024,313928.0,313928.0,313928.0,0.0,historis
KABUPATEN KUNINGAN,1,2024,313928.0,313928.0,313928.0,0.0,historis
KABUPATEN KUNINGAN,1,2024,313928.0,313928.0,313928.0,0.0,historis
KABUPATEN KUNINGAN,1,2024,313928.0,313928.0,313928.0,0.0,historis
KABUPATEN KUNINGAN,1,2026,320873.0,313928.0,313928.0,0.0,prediksi
KABUPATEN KUNINGAN,1,2027,320873.0,320873.0,313928.0,0.0221,prediksi
KABUPATEN KUNINGAN,1,2028,320873.0,320873.0,320873.0,0.0,prediksi
KABUPATEN KUNINGAN,1,2029,320873.0,320873.0,320873.0,0.0,prediksi
KABUPATEN KUNINGAN,1,2030,320873.0,320873.0,320873.0,0.0,prediksi
KABUPATEN KUNINGAN,2,2021,750.0,0.0,0.0,0.0,historis
KABUPATEN KUNINGAN,2,2021,750.0,750.0,0.0,0.0,historis
KABUPATEN KUNINGAN,2,2021,750.0,750.0,750.0,0.0,historis
KABUPATEN KUNINGAN,2,2021,750.0,750.0,750.0,0.0,historis
KABUPATEN KUNINGAN,2,2021,750.0,750.0,750.0,0.0,historis
KABUPATEN KUNINGAN,2,2021,750.0,750.0,750.0,0.0,historis
KABUPATEN KUNINGAN,2,2021,750.0,750.0,750.0,0.0,historis
KABUPATEN KUNINGAN,2,2021,750.0,750.0,750.0,0.0,historis
KABUPATEN KUNINGAN,2,2021,750.0,750.0,750.0,0.0,historis
KABUPATEN KUNINGAN,2,2021,750.0,750.0,750.0,0.0,historis
KABUPATEN KUNINGAN,2,2021,750.0,750.0,750.0,0.0,historis
KABUPATEN KUNINGAN,2,2021,750.0,750.0,750.0,0.0,historis
KABUPATEN KUNINGAN,2,2022,599.0,750.0,750.0,0.0,historis
KABUPATEN KUNINGAN,2,2022,599.0,599.0,750.0,-0.20133333333333334,historis
KABUPATEN KUNINGAN,2,2022,599.0,599.0,599.0,0.0,historis
KABUPATEN KUNINGAN,2,2022,599.0,599.0,599.0,0.0,historis
KABUPATEN KUNINGAN,2,2022,599.0,599.0,599.0,0.0,historis
KABUPATEN KUNINGAN,2,2022,599.0,599.0,599.0,0.0,historis
KABUPATEN KUNINGAN,2,2022,599.0,599.0,599.0,0.0,historis
KABUPATEN KUNINGAN,2,2022,599.0,599.0,599.0,0.0,historis
KABUPATEN KUNINGAN,2,2022,599.0,599.0,599.0,0.0,historis
KABUPATEN KUNINGAN,2,2022,599.0,599.0,599.0,0.0,historis
KABUPATEN KUNINGAN,2,2023,569.0,599.0,599.0,0.0,historis
KABUPATEN KUNINGAN,2,2023,569.0,569.0,599.0,-0.05008347245409015,historis
KABUPATEN KUNINGAN,2,2023,569.0,569.0,569.0,0.0,historis
KABUPATEN KUNINGAN,2,2023,569.0,569.0,569.0,0.0,historis
KABUPATEN KUNINGAN,2,2023,569.0,569.0,569.0,0.0,historis
KABUPATEN KUNINGAN,2,2023,569.0,569.0,569.0,0.0,historis
KABUPATEN KUNINGAN,2,2023,569.0,569.0,569.0,0.0,historis
KABUPATEN KUNINGAN,2,2023,569.0,569.0,569.0,0.0,historis
KABUPATEN KUNINGAN,2,2023,569.0,569.0,569.0,0.0,historis
KABUPATEN KUNINGAN,2,2023,569.0,569.0,569.0,0.0,historis
KABUPATEN KUNINGAN,2,2023,569.0,569.0,569.0,0.0,historis
KABUPATEN KUNINGAN,2,2023,569.0,569.0,569.0,0.0,historis
KABUPATEN KUNINGAN,2,2023,569.0,569.0,569.0,0.0,historis
KABUPATEN KUNINGAN,2,2023,569.0,569.0,569.0,0.0,historis
KABUPATEN KUNINGAN,2,2023,569.0,569.0,569.0,0.0,historis
KABUPATEN KUNINGAN,2,2023,569.0,569.0,569.0,0.0,historis
KABUPATEN KUNINGAN,2,2023,569.0,569.0,569.0,0.0,historis
KABUPATEN KUNINGAN,2,2023,569.0,569.0,569.0,0.0,historis
KABUPATEN KUNINGAN,2,2023,569.0,569.0,569.0,0.0,historis
KABUPATEN KUNINGAN,2,2024,568.0,569.0,569.0,0.0,historis
KABUPATEN KUNINGAN,2,2024,568.0,568.0,569.0,-0.0017574692442882249,historis
KABUPATEN KUNINGAN,2,2024,568.0,568.0,568.0,0.0,historis
KABUPATEN KUNINGAN,2,2024,568.0,568.0,568.0,0.0,historis
KABUPATEN KUNINGAN,2,2024,568.0,568.0,568.0,0.0,historis
KABUPATEN KUNINGAN,2,2024,568.0,568.0,568.0,0.0,historis
KABUPATEN KUNINGAN,2,2024,568.0,568.0,568.0,0.0,historis
KABUPATEN KUNINGAN,2,2024,568.0,568.0,568.0,0.0,historis
KABUPATEN KUNINGAN,2,2024,568.0,568.0,568.0,0.0,historis
KABUPATEN KUNINGAN,2,2024,568.0,568.0,568.0,0.0,historis
KABUPATEN KUNINGAN,2,2024,568.0,568.0,568.0,0.0,historis
KABUPATEN KUNINGAN,2,2024,568.0,568.0,568.0,0.0,historis
KABUPATEN KUNINGAN,2,2024,568.0,568.0,568.0,0.0,historis
KABUPATEN KUNINGAN,2,2026,508.0,568.0,568.0,0.0,prediksi
KABUPATEN KUNINGAN,2,2027,508.0,508.0,568.0,-0.1054,prediksi
KABUPATEN KUNINGAN,2,2028,508.0,508.0,508.0,0.0,prediksi
KABUPATEN KUNINGAN,2,2029,508.0,508.0,508.0,0.0,prediksi
KABUPATEN KUNINGAN,2,2030,508.0,508.0,508.0,0.0,prediksi
KABUPATEN KUNINGAN,3,2021,8698.0,0.0,0.0,0.0,historis
KABUPATEN KUNINGAN,3,2021,8698.0,8698.0,0.0,0.0,historis
KABUPATEN KUNINGAN,3,2021,8698.0,8698.0,8698.0,0.0,historis
KABUPATEN KUNINGAN,3,2021,8698.0,8698.0,8698.0,0.0,historis
KABUPATEN KUNINGAN,3,2021,8698.0,8698.0,8698.0,0.0,historis
KABUPATEN KUNINGAN,3,2021,8698.0,8698.0,8698.0,0.0,historis
KABUPATEN KUNINGAN,3,2021,8698.0,8698.0,8698.0,0.0,historis
KABUPATEN KUNINGAN,3,2021,8698.0,8698.0,8698.0,0.0,historis
KABUPATEN KUNINGAN,3,2021,8698.0,8698.0,8698.0,0.0,historis
KABUPATEN KUNINGAN,3,2021,8698.0,8698.0,8698.0,0.0,historis
KABUPATEN KUNINGAN,3,2021,8698.0,8698.0,8698.0,0.0,historis
KABUPATEN KUNINGAN,3,2021,8698.0,8698.0,8698.0,0.0,historis
KABUPATEN KUNINGAN,3,2022,8926.0,8698.0,8698.0,0.0,historis
KABUPATEN KUNINGAN,3,2022,8926.0,8926.0,8698.0,0.02621292251092205,historis
KABUPATEN KUNINGAN,3,2022,8926.0,8926.0,8926.0,0.0,historis
KABUPATEN KUNINGAN,3,2022,8926.0,8926.0,8926.0,0.0,historis
KABUPATEN KUNINGAN,3,2022,8926.0,8926.0,8926.0,0.0,historis
KABUPATEN KUNINGAN,3,2022,8926.0,8926.0,8926.0,0.0,historis
KABUPATEN KUNINGAN,3,2022,8926.0,8926.0,8926.0,0.0,historis
KABUPATEN KUNINGAN,3,2022,8926.0,8926.0,8926.0,0.0,historis
KABUPATEN KUNINGAN,3,2022,8926.0,8926.0,8926.0,0.0,historis
KABUPATEN KUNINGAN,3,2022,8926.0,8926.0,8926.0,0.0,historis
KABUPATEN KUNINGAN,3,2023,9079.0,8926.0,8926.0,0.0,historis
KABUPATEN KUNINGAN,3,2023,9079.0,9079.0,8926.0,0.017140936589737844,historis
KABUPATEN KUNINGAN,3,2023,9079.0,9079.0,9079.0,0.0,historis
KABUPATEN KUNINGAN,3,2023,9079.0,9079.0,9079.0,0.0,historis
KABUPATEN KUNINGAN,3,2023,9079.0,9079.0,9079.0,0.0,historis
KABUPATEN KUNINGAN,3,2023,9079.0,9079.0,9079.0,0.0,historis
KABUPATEN KUNINGAN,3,2023,9079.0,9079.0,9079.0,0.0,historis
KABUPATEN KUNINGAN,3,2023,9079.0,9079.0,9079.0,0.0,historis
KABUPATEN KUNINGAN,3,2023,9079.0,9079.0,9079.0,0.0,historis
KABUPATEN KUNINGAN,3,2023,9079.0,9079.0,9079.0,0.0,historis
KABUPATEN KUNINGAN,3,2023,9079.0,9079.0,9079.0,0.0,historis
KABUPATEN KUNINGAN,3,2023,9079.0,9079.0,9079.0,0.0,historis
KABUPATEN KUNINGAN,3,2023,9079.0,9079.0,9079.0,0.0,historis
KABUPATEN KUNINGAN,3,2023,9079.0,9079.0,9079.0,0.0,historis
KABUPATEN KUNINGAN,3,2023,9079.0,9079.0,9079.0,0.0,historis
KABUPATEN KUNINGAN,3,2023,9079.0,9079.0,9079.0,0.0,historis
KABUPATEN KUNINGAN,3,2023,9079.0,9079.0,9079.0,0.0,historis
KABUPATEN KUNINGAN,3,2023,9079.0,9079.0,9079.0,0.0,historis
KABUPATEN KUNINGAN,3,2023,9079.0,9079.0,9079.0,0.0,historis
KABUPATEN KUNINGAN,3,2024,9084.0,9079.0,9079.0,0.0,historis
KABUPATEN KUNINGAN,3,2024,9084.0,9084.0,9079.0,0.0005507214450930719,historis
KABUPATEN KUNINGAN,3,2024,9084.0,9084.0,9084.0,0.0,historis
KABUPATEN KUNINGAN,3,2024,9084.0,9084.0,9084.0,0.0,historis
KABUPATEN KUNINGAN,3,2024,9084.0,9084.0,9084.0,0.0,historis
KABUPATEN KUNINGAN,3,2024,9084.0,9084.0,9084.0,0.0,historis
KABUPATEN KUNINGAN,3,2024,9084.0,9084.0,9084.0,0.0,historis
KABUPATEN KUNINGAN,3,2024,9084.0,9084.0,9084.0,0.0,historis
KABUPATEN KUNINGAN,3,2024,9084.0,9084.0,9084.0,0.0,historis
KABUPATEN KUNINGAN,3,2024,9084.0,9084.0,9084.0,0.0,historis
KABUPATEN KUNINGAN,3,2024,9084.0,9084.0,9084.0,0.0,historis
KABUPATEN KUNINGAN,3,2024,9084.0,9084.0,9084.0,0.0,historis
KABUPATEN KUNINGAN,3,2024,9084.0,9084.0,9084.0,0.0,historis
KABUPATEN KUNINGAN,3,2026,9000.0,9084.0,9079.0,0.0006,prediksi
KABUPATEN KUNINGAN,3,2027,9000.0,9000.0,9084.0,-0.0092,prediksi
KABUPATEN KUNINGAN,3,2028,9000.0,9000.0,9000.0,0.0,prediksi
KABUPATEN KUNINGAN,3,2029,9000.0,9000.0,9000.0,0.0,prediksi
KABUPATEN KUNINGAN,3,2030,9000.0,9000.0,9000.0,0.0,prediksi
KABUPATEN MAJALENGKA,0,2021,23476.0,0.0,0.0,0.0,historis
KABUPATEN MAJALENGKA,0,2021,23476.0,23476.0,0.0,0.0,historis
KABUPATEN MAJALENGKA,0,2021,23476.0,23476.0,23476.0,0.0,historis
KABUPATEN MAJALENGKA,0,2021,23476.0,23476.0,23476.0,0.0,historis
KABUPATEN MAJALENGKA,0,2021,23476.0,23476.0,23476.0,0.0,historis
KABUPATEN MAJALENGKA,0,2022,24816.0,23476.0,23476.0,0.0,historis
KABUPATEN MAJALENGKA,0,2022,24816.0,24816.0,23476.0,0.05707957062531947,historis
KABUPATEN MAJALENGKA,0,2022,24816.0,24816.0,24816.0,0.0,historis
KABUPATEN MAJALENGKA,0,2022,24816.0,24816.0,24816.0,0.0,historis
KABUPATEN MAJALENGKA,0,2022,24816.0,24816.0,24816.0,0.0,historis
KABUPATEN MAJALENGKA,0,2022,24816.0,24816.0,24816.0,0.0,historis
KABUPATEN MAJALENGKA,0,2022,24816.0,24816.0,24816.0,0.0,historis
KABUPATEN MAJALENGKA,0,2023,26137.0,24816.0,24816.0,0.0,historis
KABUPATEN MAJALENGKA,0,2023,26137.0,26137.0,24816.0,0.0532317859445519,historis
KABUPATEN MAJALENGKA,0,2023,26137.0,26137.0,26137.0,0.0,historis
KABUPATEN MAJALENGKA,0,2023,26137.0,26137.0,26137.0,0.0,historis
KABUPATEN MAJALENGKA,0,2023,26137.0,26137.0,26137.0,0.0,historis
KABUPATEN MAJALENGKA,0,2023,26137.0,26137.0,26137.0,0.0,historis
KABUPATEN MAJALENGKA,0,2023,26137.0,26137.0,26137.0,0.0,historis
KABUPATEN MAJALENGKA,0,2023,26137.0,26137.0,26137.0,0.0,historis
KABUPATEN MAJALENGKA,0,2024,26935.0,26137.0,26137.0,0.0,historis
KABUPATEN MAJALENGKA,0,2024,26935.0,26935.0,26137.0,0.030531430539082527,historis
KABUPATEN MAJALENGKA,0,2024,26935.0,26935.0,26935.0,0.0,historis
KABUPATEN MAJALENGKA,0,2024,26935.0,26935.0,26935.0,0.0,historis
KABUPATEN MAJALENGKA,0,2024,26935.0,26935.0,26935.0,0.0,historis
KABUPATEN MAJALENGKA,0,2026,25155.0,26935.0,26935.0,0.0,prediksi
KABUPATEN MAJALENGKA,0,2027,25155.0,25155.0,26935.0,-0.0661,prediksi
KABUPATEN MAJALENGKA,0,2028,25155.0,25155.0,25155.0,0.0,prediksi
KABUPATEN MAJALENGKA,0,2029,25155.0,25155.0,25155.0,0.0,prediksi
KABUPATEN MAJALENGKA,0,2030,25155.0,25155.0,25155.0,0.0,prediksi
KABUPATEN MAJALENGKA,1,2021,334837.0,0.0,0.0,0.0,historis
KABUPATEN MAJALENGKA,1,2021,334837.0,334837.0,0.0,0.0,historis
KABUPATEN MAJALENGKA,1,2021,334837.0,334837.0,334837.0,0.0,historis
KABUPATEN MAJALENGKA,1,2021,334837.0,334837.0,334837.0,0.0,historis
KABUPATEN MAJALENGKA,1,2021,334837.0,334837.0,334837.0,0.0,historis
KABUPATEN MAJALENGKA,1,2022,336538.0,334837.0,334837.0,0.0,historis
KABUPATEN MAJALENGKA,1,2022,336538.0,336538.0,334837.0,0.005080083742238761,historis
KABUPATEN MAJALENGKA,1,2022,336538.0,336538.0,336538.0,0.0,historis
KABUPATEN MAJALENGKA,1,2022,336538.0,336538.0,336538.0,0.0,historis
KABUPATEN MAJALENGKA,1,2022,336538.0,336538.0,336538.0,0.0,historis
KABUPATEN MAJALENGKA,1,2022,336538.0,336538.0,336538.0,0.0,historis
KABUPATEN MAJALENGKA,1,2022,336538.0,336538.0,336538.0,0.0,historis
KABUPATEN MAJALENGKA,1,2023,336793.0,336538.0,336538.0,0.0,historis
KABUPATEN MAJALENGKA,1,2023,336793.0,336793.0,336538.0,0.0007577153248667312,historis
KABUPATEN MAJALENGKA,1,2023,336793.0,336793.0,336793.0,0.0,historis
KABUPATEN MAJALENGKA,1,2023,336793.0,336793.0,336793.0,0.0,historis
KABUPATEN MAJALENGKA,1,2023,336793.0,336793.0,336793.0,0.0,historis
KABUPATEN MAJALENGKA,1,2023,336793.0,336793.0,336793.0,0.0,historis
KABUPATEN MAJALENGKA,1,2023,336793.0,336793.0,336793.0,0.0,historis
KABUPATEN MAJALENGKA,1,2023,336793.0,336793.0,336793.0,0.0,historis
KABUPATEN MAJALENGKA,1,2024,333073.0,336793.0,336793.0,0.0,historis
KABUPATEN MAJALENGKA,1,2024,333073.0,333073.0,336793.0,-0.011045360206417592,historis
KABUPATEN MAJALENGKA,1,2024,333073.0,333073.0,333073.0,0.0,historis
KABUPATEN MAJALENGKA,1,2024,333073.0,333073.0,333073.0,0.0,historis
KABUPATEN MAJALENGKA,1,2024,333073.0,333073.0,333073.0,0.0,historis
KABUPATEN MAJALENGKA,1,2026,333073.0,333073.0,333073.0,0.0,prediksi
KABUPATEN MAJALENGKA,1,2027,333073.0,333073.0,333073.0,0.0,prediksi
KABUPATEN MAJALENGKA,1,2028,333073.0,333073.0,333073.0,0.0,prediksi
KABUPATEN MAJALENGKA,1,2029,333073.0,333073.0,333073.0,0.0,prediksi
KABUPATEN MAJALENGKA,1,2030,333073.0,333073.0,333073.0,0.0,prediksi
KABUPATEN MAJALENGKA,2,2021,879.0,0.0,0.0,0.0,historis
KABUPATEN MAJALENGKA,2,2021,879.0,879.0,0.0,0.0,historis
KABUPATEN MAJALENGKA,2,2021,879.0,879.0,879.0,0.0,historis
KABUPATEN MAJALENGKA,2,2021,879.0,879.0,879.0,0.0,historis
KABUPATEN MAJALENGKA,2,2021,879.0,879.0,879.0,0.0,historis
KABUPATEN MAJALENGKA,2,2022,859.0,879.0,879.0,0.0,historis
KABUPATEN MAJALENGKA,2,2022,859.0,859.0,879.0,-0.022753128555176336,historis
KABUPATEN MAJALENGKA,2,2022,859.0,859.0,859.0,0.0,historis
KABUPATEN MAJALENGKA,2,2022,859.0,859.0,859.0,0.0,historis
KABUPATEN MAJALENGKA,2,2022,859.0,859.0,859.0,0.0,historis
KABUPATEN MAJALENGKA,2,2022,859.0,859.0,859.0,0.0,historis
KABUPATEN MAJALENGKA,2,2022,859.0,859.0,859.0,0.0,historis
KABUPATEN MAJALENGKA,2,2023,853.0,859.0,859.0,0.0,historis
KABUPATEN MAJALENGKA,2,2023,853.0,853.0,859.0,-0.006984866123399301,historis
KABUPATEN MAJALENGKA,2,2023,853.0,853.0,853.0,0.0,historis
KABUPATEN MAJALENGKA,2,2023,853.0,853.0,853.0,0.0,historis
KABUPATEN MAJALENGKA,2,2023,853.0,853.0,853.0,0.0,historis
KABUPATEN MAJALENGKA,2,2023,853.0,853.0,853.0,0.0,historis
KABUPATEN MAJALENGKA,2,2023,853.0,853.0,853.0,0.0,historis
KABUPATEN MAJALENGKA,2,2023,853.0,853.0,853.0,0.0,historis
KABUPATEN MAJALENGKA,2,2024,848.0,853.0,853.0,0.0,historis
KABUPATEN MAJALENGKA,2,2024,848.0,848.0,853.0,-0.005861664712778429,historis
KABUPATEN MAJALENGKA,2,2024,848.0,848.0,848.0,0.0,historis
KABUPATEN MAJALENGKA,2,2024,848.0,848.0,848.0,0.0,historis
KABUPATEN MAJALENGKA,2,2024,848.0,848.0,848.0,0.0,historis
KABUPATEN MAJALENGKA,2,2026,835.0,848.0,848.0,0.0,prediksi
KABUPATEN MAJALENGKA,2,2027,835.0,835.0,848.0,-0.0155,prediksi
KABUPATEN MAJALENGKA,2,2028,835.0,835.0,835.0,0.0,prediksi
KABUPATEN MAJALENGKA,2,2029,835.0,835.0,835.0,0.0,prediksi
KABUPATEN MAJALENGKA,2,2030,835.0,835.0,835.0,0.0,prediksi
KABUPATEN MAJALENGKA,3,2021,12026.0,0.0,0.0,0.0,historis
KABUPATEN MAJALENGKA,3,2021,12026.0,12026.0,0.0,0.0,historis
KABUPATEN MAJALENGKA,3,2021,12026.0,12026.0,12026.0,0.0,historis
KABUPATEN MAJALENGKA,3,2021,12026.0,12026.0,12026.0,0.0,historis
KABUPATEN MAJALENGKA,3,2021,12026.0,12026.0,12026.0,0.0,historis
KABUPATEN MAJALENGKA,3,2022,12123.0,12026.0,12026.0,0.0,historis
KABUPATEN MAJALENGKA,3,2022,12123.0,12123.0,12026.0,0.008065857309163479,historis
KABUPATEN MAJALENGKA,3,2022,12123.0,12123.0,12123.0,0.0,historis
KABUPATEN MAJALENGKA,3,2022,12123.0,12123.0,12123.0,0.0,historis
KABUPATEN MAJALENGKA,3,2022,12123.0,12123.0,12123.0,0.0,historis
KABUPATEN MAJALENGKA,3,2022,12123.0,12123.0,12123.0,0.0,historis
KABUPATEN MAJALENGKA,3,2022,12123.0,12123.0,12123.0,0.0,historis
KABUPATEN MAJALENGKA,3,2023,12145.0,12123.0,12123.0,0.0,historis
KABUPATEN MAJALENGKA,3,2023,12145.0,12145.0,12123.0,0.0018147323269817701,historis
KABUPATEN MAJALENGKA,3,2023,12145.0,12145.0,12145.0,0.0,historis
KABUPATEN MAJALENGKA,3,2023,12145.0,12145.0,12145.0,0.0,historis
KABUPATEN MAJALENGKA,3,2023,12145.0,12145.0,12145.0,0.0,historis
KABUPATEN MAJALENGKA,3,2023,12145.0,12145.0,12145.0,0.0,historis
KABUPATEN MAJALENGKA,3,2023,12145.0,12145.0,12145.0,0.0,historis
KABUPATEN MAJALENGKA,3,2023,12145.0,12145.0,12145.0,0.0,historis
KABUPATEN MAJALENGKA,3,2024,11850.0,12145.0,12145.0,0.0,historis
KABUPATEN MAJALENGKA,3,2024,11850.0,11850.0,12145.0,-0.02428983120625772,historis
KABUPATEN MAJALENGKA,3,2024,11850.0,11850.0,11850.0,0.0,historis
KABUPATEN MAJALENGKA,3,2024,11850.0,11850.0,11850.0,0.0,historis
KABUPATEN MAJALENGKA,3,2024,11850.0,11850.0,11850.0,0.0,historis
KABUPATEN MAJALENGKA,3,2026,11811.0,11850.0,11850.0,0.0,prediksi
KABUPATEN MAJALENGKA,3,2027,11811.0,11811.0,11850.0,-0.0033,prediksi
KABUPATEN MAJALENGKA,3,2028,11811.0,11811.0,11811.0,0.0,prediksi
KABUPATEN MAJALENGKA,3,2029,11811.0,11811.0,11811.0,0.0,prediksi
KABUPATEN MAJALENGKA,3,2030,11811.0,11811.0,11811.0,0.0,prediksi
KABUPATEN PANGANDARAN,0,2021,6283.0,0.0,0.0,0.0,historis
KABUPATEN PANGANDARAN,0,2021,6283.0,6283.0,0.0,0.0,historis
KABUPATEN PANGANDARAN,0,2021,6283.0,6283.0,6283.0,0.0,historis
KABUPATEN PANGANDARAN,0,2021,6283.0,6283.0,6283.0,0.0,historis
KABUPATEN PANGANDARAN,0,2021,6283.0,6283.0,6283.0,0.0,historis
KABUPATEN PANGANDARAN,0,2021,6283.0,6283.0,6283.0,0.0,historis
KABUPATEN PANGANDARAN,0,2021,6283.0,6283.0,6283.0,0.0,historis
KABUPATEN PANGANDARAN,0,2022,6822.0,6283.0,6283.0,0.0,historis
KABUPATEN PANGANDARAN,0,2022,6822.0,6822.0,6283.0,0.08578704440553876,historis
KABUPATEN PANGANDARAN,0,2022,6822.0,6822.0,6822.0,0.0,historis
KABUPATEN PANGANDARAN,0,2022,6822.0,6822.0,6822.0,0.0,historis
KABUPATEN PANGANDARAN,0,2022,6822.0,6822.0,6822.0,0.0,historis
KABUPATEN PANGANDARAN,0,2022,6822.0,6822.0,6822.0,0.0,historis
KABUPATEN PANGANDARAN,0,2022,6822.0,6822.0,6822.0,0.0,historis
KABUPATEN PANGANDARAN,0,2022,6822.0,6822.0,6822.0,0.0,historis
KABUPATEN PANGANDARAN,0,2023,7242.0,6822.0,6822.0,0.0,historis
KABUPATEN PANGANDARAN,0,2023,7242.0,7242.0,6822.0,0.06156552330694811,historis
KABUPATEN PANGANDARAN,0,2023,7242.0,7242.0,7242.0,0.0,historis
KABUPATEN PANGANDARAN,0,2023,7242.0,7242.0,7242.0,0.0,historis
KABUPATEN PANGANDARAN,0,2023,7242.0,7242.0,7242.0,0.0,historis
KABUPATEN PANGANDARAN,0,2023,7242.0,7242.0,7242.0,0.0,historis
KABUPATEN PANGANDARAN,0,2023,7242.0,7242.0,7242.0,0.0,historis
KABUPATEN PANGANDARAN,0,2023,7242.0,7242.0,7242.0,0.0,historis
KABUPATEN PANGANDARAN,0,2024,7676.0,7242.0,7242.0,0.0,historis
KABUPATEN PANGANDARAN,0,2024,7676.0,7676.0,7242.0,0.059928196630764985,historis
KABUPATEN PANGANDARAN,0,2024,7676.0,7676.0,7676.0,0.0,historis
KABUPATEN PANGANDARAN,0,2024,7676.0,7676.0,7676.0,0.0,historis
KABUPATEN PANGANDARAN,0,2024,7676.0,7676.0,7676.0,0.0,historis
KABUPATEN PANGANDARAN,0,2024,7676.0,7676.0,7676.0,0.0,historis
KABUPATEN PANGANDARAN,0,2024,7676.0,7676.0,7676.0,0.0,historis
KABUPATEN PANGANDARAN,0,2024,7676.0,7676.0,7676.0,0.0,historis
KABUPATEN PANGANDARAN,0,2024,7676.0,7676.0,7676.0,0.0,historis
KABUPATEN PANGANDARAN,0,2024,7676.0,7676.0,7676.0,0.0,historis
KABUPATEN PANGANDARAN,0,2024,7676.0,7676.0,7676.0,0.0,historis
KABUPATEN PANGANDARAN,0,2024,7676.0,7676.0,7676.0,0.0,historis
KABUPATEN PANGANDARAN,0,2024,7676.0,7676.0,7676.0,0.0,historis
KABUPATEN PANGANDARAN,0,2024,7676.0,7676.0,7676.0,0.0,historis
KABUPATEN PANGANDARAN,0,2024,7676.0,7676.0,7676.0,0.0,historis
KABUPATEN PANGANDARAN,0,2024,7676.0,7676.0,7676.0,0.0,historis
KABUPATEN PANGANDARAN,0,2026,12003.0,7676.0,7676.0,0.0,prediksi
KABUPATEN PANGANDARAN,0,2027,12003.0,12003.0,7676.0,0.5637,prediksi
KABUPATEN PANGANDARAN,0,2028,12003.0,12003.0,12003.0,0.0,prediksi
KABUPATEN PANGANDARAN,0,2029,12003.0,12003.0,12003.0,0.0,prediksi
KABUPATEN PANGANDARAN,0,2030,12003.0,12003.0,12003.0,0.0,prediksi
KABUPATEN PANGANDARAN,1,2021,78973.0,0.0,0.0,0.0,historis
KABUPATEN PANGANDARAN,1,2021,78973.0,78973.0,0.0,0.0,historis
KABUPATEN PANGANDARAN,1,2021,78973.0,78973.0,78973.0,0.0,historis
KABUPATEN PANGANDARAN,1,2021,78973.0,78973.0,78973.0,0.0,historis
KABUPATEN PANGANDARAN,1,2021,78973.0,78973.0,78973.0,0.0,historis
KABUPATEN PANGANDARAN,1,2021,78973.0,78973.0,78973.0,0.0,historis
KABUPATEN PANGANDARAN,1,2021,78973.0,78973.0,78973.0,0.0,historis
KABUPATEN PANGANDARAN,1,2022,78327.0,78973.0,78973.0,0.0,historis
KABUPATEN PANGANDARAN,1,2022,78327.0,78327.0,78973.0,-0.008180010889797779,historis
KABUPATEN PANGANDARAN,1,2022,78327.0,78327.0,78327.0,0.0,historis
KABUPATEN PANGANDARAN,1,2022,78327.0,78327.0,78327.0,0.0,historis
KABUPATEN PANGANDARAN,1,2022,78327.0,78327.0,78327.0,0.0,historis
KABUPATEN PANGANDARAN,1,2022,78327.0,78327.0,78327.0,0.0,historis
KABUPATEN PANGANDARAN,1,2022,78327.0,78327.0,78327.0,0.0,historis
KABUPATEN PANGANDARAN,1,2022,78327.0,78327.0,78327.0,0.0,historis
KABUPATEN PANGANDARAN,1,2023,78671.0,78327.0,78327.0,0.0,historis
KABUPATEN PANGANDARAN,1,2023,78671.0,78671.0,78327.0,0.004391844446997842,historis
KABUPATEN PANGANDARAN,1,2023,78671.0,78671.0,78671.0,0.0,historis
KABUPATEN PANGANDARAN,1,2023,78671.0,78671.0,78671.0,0.0,historis
KABUPATEN PANGANDARAN,1,2023,78671.0,78671.0,78671.0,0.0,historis
KABUPATEN PANGANDARAN,1,2023,78671.0,78671.0,78671.0,0.0,historis
KABUPATEN PANGANDARAN,1,2023,78671.0,78671.0,78671.0,0.0,historis
KABUPATEN PANGANDARAN,1,2023,78671.0,78671.0,78671.0,0.0,historis
KABUPATEN PANGANDARAN,1,2024,77996.0,78671.0,78671.0,0.0,historis
KABUPATEN PANGANDARAN,1,2024,77996.0,77996.0,78671.0,-0.008580035845483088,historis
KABUPATEN PANGANDARAN,1,2024,77996.0,77996.0,77996.0,0.0,historis
KABUPATEN PANGANDARAN,1,2024,77996.0,77996.0,77996.0,0.0,historis
KABUPATEN PANGANDARAN,1,2024,77996.0,77996.0,77996.0,0.0,historis
KABUPATEN PANGANDARAN,1,2024,77996.0,77996.0,77996.0,0.0,historis
KABUPATEN PANGANDARAN,1,2024,77996.0,77996.0,77996.0,0.0,historis
KABUPATEN PANGANDARAN,1,2024,77996.0,77996.0,77996.0,0.0,historis
KABUPATEN PANGANDARAN,1,2024,77996.0,77996.0,77996.0,0.0,historis
KABUPATEN PANGANDARAN,1,2024,77996.0,77996.0,77996.0,0.0,historis
KABUPATEN PANGANDARAN,1,2024,77996.0,77996.0,77996.0,0.0,historis
KABUPATEN PANGANDARAN,1,2024,77996.0,77996.0,77996.0,0.0,historis
KABUPATEN PANGANDARAN,1,2024,77996.0,77996.0,77996.0,0.0,historis
KABUPATEN PANGANDARAN,1,2024,77996.0,77996.0,77996.0,0.0,historis
KABUPATEN PANGANDARAN,1,2024,77996.0,77996.0,77996.0,0.0,historis
KABUPATEN PANGANDARAN,1,2024,77996.0,77996.0,77996.0,0.0,historis
KABUPATEN PANGANDARAN,1,2026,77996.0,77996.0,77996.0,0.0,prediksi
KABUPATEN PANGANDARAN,1,2027,77996.0,77996.0,77996.0,0.0,prediksi
KABUPATEN PANGANDARAN,1,2028,77996.0,77996.0,77996.0,0.0,prediksi
KABUPATEN PANGANDARAN,1,2029,77996.0,77996.0,77996.0,0.0,prediksi
KABUPATEN PANGANDARAN,1,2030,77996.0,77996.0,77996.0,0.0,prediksi
KABUPATEN PANGANDARAN,2,2021,52.0,0.0,0.0,0.0,historis
KABUPATEN PANGANDARAN,2,2021,52.0,52.0,0.0,0.0,historis
KABUPATEN PANGANDARAN,2,2021,52.0,52.0,52.0,0.0,historis
KABUPATEN PANGANDARAN,2,2021,52.0,52.0,52.0,0.0,historis
KABUPATEN PANGANDARAN,2,2021,52.0,52.0,52.0,0.0,historis
KABUPATEN PANGANDARAN,2,2021,52.0,52.0,52.0,0.0,historis
KABUPATEN PANGANDARAN,2,2021,52.0,52.0,52.0,0.0,historis
KABUPATEN PANGANDARAN,2,2022,47.0,52.0,52.0,0.0,historis
KABUPATEN PANGANDARAN,2,2022,47.0,47.0,52.0,-0.09615384615384616,historis
KABUPATEN PANGANDARAN,2,2022,47.0,47.0,47.0,0.0,historis
KABUPATEN PANGANDARAN,2,2022,47.0,47.0,47.0,0.0,historis
KABUPATEN PANGANDARAN,2,2022,47.0,47.0,47.0,0.0,historis
KABUPATEN PANGANDARAN,2,2022,47.0,47.0,47.0,0.0,historis
KABUPATEN PANGANDARAN,2,2022,47.0,47.0,47.0,0.0,historis
KABUPATEN PANGANDARAN,2,2022,47.0,47.0,47.0,0.0,historis
KABUPATEN PANGANDARAN,2,2023,49.0,47.0,47.0,0.0,historis
KABUPATEN PANGANDARAN,2,2023,49.0,49.0,47.0,0.0425531914893617,historis
KABUPATEN PANGANDARAN,2,2023,49.0,49.0,49.0,0.0,historis
KABUPATEN PANGANDARAN,2,2023,49.0,49.0,49.0,0.0,historis
KABUPATEN PANGANDARAN,2,2023,49.0,49.0,49.0,0.0,historis
KABUPATEN PANGANDARAN,2,2023,49.0,49.0,49.0,0.0,historis
KABUPATEN PANGANDARAN,2,2023,49.0,49.0,49.0,0.0,historis
KABUPATEN PANGANDARAN,2,2023,49.0,49.0,49.0,0.0,historis
KABUPATEN PANGANDARAN,2,2024,54.0,49.0,49.0,0.0,historis
KABUPATEN PANGANDARAN,2,2024,54.0,54.0,49.0,0.10204081632653061,historis
KABUPATEN PANGANDARAN,2,2024,54.0,54.0,54.0,0.0,historis
KABUPATEN PANGANDARAN,2,2024,54.0,54.0,54.0,0.0,historis
KABUPATEN PANGANDARAN,2,2024,54.0,54.0,54.0,0.0,historis
KABUPATEN PANGANDARAN,2,2024,54.0,54.0,54.0,0.0,historis
KABUPATEN PANGANDARAN,2,2024,54.0,54.0,54.0,0.0,historis
KABUPATEN PANGANDARAN,2,2024,54.0,54.0,54.0,0.0,historis
KABUPATEN PANGANDARAN,2,2024,54.0,54.0,54.0,0.0,historis
KABUPATEN PANGANDARAN,2,2024,54.0,54.0,54.0,0.0,historis
KABUPATEN PANGANDARAN,2,2024,54.0,54.0,54.0,0.0,historis
KABUPATEN PANGANDARAN,2,2024,54.0,54.0,54.0,0.0,historis
KABUPATEN PANGANDARAN,2,2024,54.0,54.0,54.0,0.0,historis
KABUPATEN PANGANDARAN,2,2024,54.0,54.0,54.0,0.0,historis
KABUPATEN PANGANDARAN,2,2024,54.0,54.0,54.0,0.0,historis
KABUPATEN PANGANDARAN,2,2024,54.0,54.0,54.0,0.0,historis
KABUPATEN PANGANDARAN,2,2026,282.0,54.0,54.0,0.0,prediksi
KABUPATEN PANGANDARAN,2,2027,282.0,282.0,54.0,4.221,prediksi
KABUPATEN PANGANDARAN,2,2028,282.0,282.0,282.0,0.0,prediksi
KABUPATEN PANGANDARAN,2,2029,282.0,282.0,282.0,0.0,prediksi
KABUPATEN PANGANDARAN,2,2030,282.0,282.0,282.0,0.0,prediksi
KABUPATEN PANGANDARAN,3,2021,4103.0,0.0,0.0,0.0,historis
KABUPATEN PANGANDARAN,3,2021,4103.0,4103.0,0.0,0.0,historis
KABUPATEN PANGANDARAN,3,2021,4103.0,4103.0,4103.0,0.0,historis
KABUPATEN PANGANDARAN,3,2021,4103.0,4103.0,4103.0,0.0,historis
KABUPATEN PANGANDARAN,3,2021,4103.0,4103.0,4103.0,0.0,historis
KABUPATEN PANGANDARAN,3,2021,4103.0,4103.0,4103.0,0.0,historis
KABUPATEN PANGANDARAN,3,2021,4103.0,4103.0,4103.0,0.0,historis
KABUPATEN PANGANDARAN,3,2022,4175.0,4103.0,4103.0,0.0,historis
KABUPATEN PANGANDARAN,3,2022,4175.0,4175.0,4103.0,0.017548135510601998,historis
KABUPATEN PANGANDARAN,3,2022,4175.0,4175.0,4175.0,0.0,historis
KABUPATEN PANGANDARAN,3,2022,4175.0,4175.0,4175.0,0.0,historis
KABUPATEN PANGANDARAN,3,2022,4175.0,4175.0,4175.0,0.0,historis
KABUPATEN PANGANDARAN,3,2022,4175.0,4175.0,4175.0,0.0,historis
KABUPATEN PANGANDARAN,3,2022,4175.0,4175.0,4175.0,0.0,historis
KABUPATEN PANGANDARAN,3,2022,4175.0,4175.0,4175.0,0.0,historis
KABUPATEN PANGANDARAN,3,2023,4174.0,4175.0,4175.0,0.0,historis
KABUPATEN PANGANDARAN,3,2023,4174.0,4174.0,4175.0,-0.00023952095808383233,historis
KABUPATEN PANGANDARAN,3,2023,4174.0,4174.0,4174.0,0.0,historis
KABUPATEN PANGANDARAN,3,2023,4174.0,4174.0,4174.0,0.0,historis
KABUPATEN PANGANDARAN,3,2023,4174.0,4174.0,4174.0,0.0,historis
KABUPATEN PANGANDARAN,3,2023,4174.0,4174.0,4174.0,0.0,historis
KABUPATEN PANGANDARAN,3,2023,4174.0,4174.0,4174.0,0.0,historis
KABUPATEN PANGANDARAN,3,2023,4174.0,4174.0,4174.0,0.0,historis
KABUPATEN PANGANDARAN,3,2024,4290.0,4174.0,4174.0,0.0,historis
KABUPATEN PANGANDARAN,3,2024,4290.0,4290.0,4174.0,0.027791087685673215,historis
KABUPATEN PANGANDARAN,3,2024,4290.0,4290.0,4290.0,0.0,historis
KABUPATEN PANGANDARAN,3,2024,4290.0,4290.0,4290.0,0.0,historis
KABUPATEN PANGANDARAN,3,2024,4290.0,4290.0,4290.0,0.0,historis
KABUPATEN PANGANDARAN,3,2024,4290.0,4290.0,4290.0,0.0,historis
KABUPATEN PANGANDARAN,3,2024,4290.0,4290.0,4290.0,0.0,historis
KABUPATEN PANGANDARAN,3,2024,4290.0,4290.0,4290.0,0.0,historis
KABUPATEN PANGANDARAN,3,2024,4290.0,4290.0,4290.0,0.0,historis
KABUPATEN PANGANDARAN,3,2024,4290.0,4290.0,4290.0,0.0,historis
KABUPATEN PANGANDARAN,3,2024,4290.0,4290.0,4290.0,0.0,historis
KABUPATEN PANGANDARAN,3,2024,4290.0,4290.0,4290.0,0.0,historis
KABUPATEN PANGANDARAN,3,2024,4290.0,4290.0,4290.0,0.0,historis
KABUPATEN PANGANDARAN,3,2024,4290.0,4290.0,4290.0,0.0,historis
KABUPATEN PANGANDARAN,3,2024,4290.0,4290.0,4290.0,0.0,historis
KABUPATEN PANGANDARAN,3,2024,4290.0,4290.0,4290.0,0.0,historis
KABUPATEN PANGANDARAN,3,2026,3687.0,4290.0,4290.0,0.0,prediksi
KABUPATEN PANGANDARAN,3,2027,3687.0,3687.0,4290.0,-0.1406,prediksi
KABUPATEN PANGANDARAN,3,2028,3687.0,3687.0,3687.0,0.0,prediksi
KABUPATEN PANGANDARAN,3,2029,3687.0,3687.0,3687.0,0.0,prediksi
KABUPATEN PANGANDARAN,3,2030,3687.0,3687.0,3687.0,0.0,prediksi
KABUPATEN PURWAKARTA,0,2021,31718.0,0.0,0.0,0.0,historis
KABUPATEN PURWAKARTA,0,2021,31718.0,31718.0,0.0,0.0,historis
KABUPATEN PURWAKARTA,0,2021,31718.0,31718.0,31718.0,0.0,historis
KABUPATEN PURWAKARTA,0,2021,31718.0,31718.0,31718.0,0.0,historis
KABUPATEN PURWAKARTA,0,2021,31718.0,31718.0,31718.0,0.0,historis
KABUPATEN PURWAKARTA,0,2021,31718.0,31718.0,31718.0,0.0,historis
KABUPATEN PURWAKARTA,0,2021,31718.0,31718.0,31718.0,0.0,historis
KABUPATEN PURWAKARTA,0,2021,31718.0,31718.0,31718.0,0.0,historis
KABUPATEN PURWAKARTA,0,2022,33335.0,31718.0,31718.0,0.0,historis
KABUPATEN PURWAKARTA,0,2022,33335.0,33335.0,31718.0,0.05098051579544738,historis
KABUPATEN PURWAKARTA,0,2022,33335.0,33335.0,33335.0,0.0,historis
KABUPATEN PURWAKARTA,0,2022,33335.0,33335.0,33335.0,0.0,historis
KABUPATEN PURWAKARTA,0,2023,34737.0,33335.0,33335.0,0.0,historis
KABUPATEN PURWAKARTA,0,2023,34737.0,34737.0,33335.0,0.042057897105144744,historis
KABUPATEN PURWAKARTA,0,2023,34737.0,34737.0,34737.0,0.0,historis
KABUPATEN PURWAKARTA,0,2023,34737.0,34737.0,34737.0,0.0,historis
KABUPATEN PURWAKARTA,0,2024,35396.0,34737.0,34737.0,0.0,historis
KABUPATEN PURWAKARTA,0,2024,35396.0,35396.0,34737.0,0.018971125888821716,historis
KABUPATEN PURWAKARTA,0,2024,35396.0,35396.0,35396.0,0.0,historis
KABUPATEN PURWAKARTA,0,2024,35396.0,35396.0,35396.0,0.0,historis
KABUPATEN PURWAKARTA,0,2024,35396.0,35396.0,35396.0,0.0,historis
KABUPATEN PURWAKARTA,0,2024,35396.0,35396.0,35396.0,0.0,historis
KABUPATEN PURWAKARTA,0,2024,35396.0,35396.0,35396.0,0.0,historis
KABUPATEN PURWAKARTA,0,2024,35396.0,35396.0,35396.0,0.0,historis
KABUPATEN PURWAKARTA,0,2024,35396.0,35396.0,35396.0,0.0,historis
KABUPATEN PURWAKARTA,0,2024,35396.0,35396.0,35396.0,0.0,historis
KABUPATEN PURWAKARTA,0,2026,35280.0,35396.0,35396.0,0.0,prediksi
KABUPATEN PURWAKARTA,0,2027,35280.0,35280.0,35396.0,-0.0033,prediksi
KABUPATEN PURWAKARTA,0,2028,35280.0,35280.0,35280.0,0.0,prediksi
KABUPATEN PURWAKARTA,0,2029,35280.0,35280.0,35280.0,0.0,prediksi
KABUPATEN PURWAKARTA,0,2030,35280.0,35280.0,35280.0,0.0,prediksi
KABUPATEN PURWAKARTA,1,2021,266862.0,0.0,0.0,0.0,historis
KABUPATEN PURWAKARTA,1,2021,266862.0,266862.0,0.0,0.0,historis
KABUPATEN PURWAKARTA,1,2021,266862.0,266862.0,266862.0,0.0,historis
KABUPATEN PURWAKARTA,1,2021,266862.0,266862.0,266862.0,0.0,historis
KABUPATEN PURWAKARTA,1,2021,266862.0,266862.0,266862.0,0.0,historis
KABUPATEN PURWAKARTA,1,2021,266862.0,266862.0,266862.0,0.0,historis
KABUPATEN PURWAKARTA,1,2021,266862.0,266862.0,266862.0,0.0,historis
KABUPATEN PURWAKARTA,1,2021,266862.0,266862.0,266862.0,0.0,historis
KABUPATEN PURWAKARTA,1,2022,267994.0,266862.0,266862.0,0.0,historis
KABUPATEN PURWAKARTA,1,2022,267994.0,267994.0,266862.0,0.004241892813514101,historis
KABUPATEN PURWAKARTA,1,2022,267994.0,267994.0,267994.0,0.0,historis
KABUPATEN PURWAKARTA,1,2022,267994.0,267994.0,267994.0,0.0,historis
KABUPATEN PURWAKARTA,1,2023,273965.0,267994.0,267994.0,0.0,historis
KABUPATEN PURWAKARTA,1,2023,273965.0,273965.0,267994.0,0.022280349560064777,historis
KABUPATEN PURWAKARTA,1,2023,273965.0,273965.0,273965.0,0.0,historis
KABUPATEN PURWAKARTA,1,2023,273965.0,273965.0,273965.0,0.0,historis
KABUPATEN PURWAKARTA,1,2024,270523.0,273965.0,273965.0,0.0,historis
KABUPATEN PURWAKARTA,1,2024,270523.0,270523.0,273965.0,-0.012563648641249795,historis
KABUPATEN PURWAKARTA,1,2024,270523.0,270523.0,270523.0,0.0,historis
KABUPATEN PURWAKARTA,1,2024,270523.0,270523.0,270523.0,0.0,historis
KABUPATEN PURWAKARTA,1,2024,270523.0,270523.0,270523.0,0.0,historis
KABUPATEN PURWAKARTA,1,2024,270523.0,270523.0,270523.0,0.0,historis
KABUPATEN PURWAKARTA,1,2024,270523.0,270523.0,270523.0,0.0,historis
KABUPATEN PURWAKARTA,1,2024,270523.0,270523.0,270523.0,0.0,historis
KABUPATEN PURWAKARTA,1,2024,270523.0,270523.0,270523.0,0.0,historis
KABUPATEN PURWAKARTA,1,2024,270523.0,270523.0,270523.0,0.0,historis
KABUPATEN PURWAKARTA,1,2026,270523.0,270523.0,270523.0,0.0,prediksi
KABUPATEN PURWAKARTA,1,2027,270523.0,270523.0,270523.0,0.0,prediksi
KABUPATEN PURWAKARTA,1,2028,270523.0,270523.0,270523.0,0.0,prediksi
KABUPATEN PURWAKARTA,1,2029,270523.0,270523.0,270523.0,0.0,prediksi
KABUPATEN PURWAKARTA,1,2030,270523.0,270523.0,270523.0,0.0,prediksi
KABUPATEN PURWAKARTA,2,2021,334.0,0.0,0.0,0.0,historis
KABUPATEN PURWAKARTA,2,2021,334.0,334.0,0.0,0.0,historis
KABUPATEN PURWAKARTA,2,2021,334.0,334.0,334.0,0.0,historis
KABUPATEN PURWAKARTA,2,2021,334.0,334.0,334.0,0.0,historis
KABUPATEN PURWAKARTA,2,2021,334.0,334.0,334.0,0.0,historis
KABUPATEN PURWAKARTA,2,2021,334.0,334.0,334.0,0.0,historis
KABUPATEN PURWAKARTA,2,2021,334.0,334.0,334.0,0.0,historis
KABUPATEN PURWAKARTA,2,2021,334.0,334.0,334.0,0.0,historis
KABUPATEN PURWAKARTA,2,2022,313.0,334.0,334.0,0.0,historis
KABUPATEN PURWAKARTA,2,2022,313.0,313.0,334.0,-0.06287425149700598,historis
KABUPATEN PURWAKARTA,2,2022,313.0,313.0,313.0,0.0,historis
KABUPATEN PURWAKARTA,2,2022,313.0,313.0,313.0,0.0,historis
KABUPATEN PURWAKARTA,2,2023,328.0,313.0,313.0,0.0,historis
KABUPATEN PURWAKARTA,2,2023,328.0,328.0,313.0,0.04792332268370607,historis
KABUPATEN PURWAKARTA,2,2023,328.0,328.0,328.0,0.0,historis
KABUPATEN PURWAKARTA,2,2023,328.0,328.0,328.0,0.0,historis
KABUPATEN PURWAKARTA,2,2024,337.0,328.0,328.0,0.0,historis
KABUPATEN PURWAKARTA,2,2024,337.0,337.0,328.0,0.027439024390243903,historis
KABUPATEN PURWAKARTA,2,2024,337.0,337.0,337.0,0.0,historis
KABUPATEN PURWAKARTA,2,2024,337.0,337.0,337.0,0.0,historis
KABUPATEN PURWAKARTA,2,2024,337.0,337.0,337.0,0.0,historis
KABUPATEN PURWAKARTA,2,2024,337.0,337.0,337.0,0.0,historis
KABUPATEN PURWAKARTA,2,2024,337.0,337.0,337.0,0.0,historis
KABUPATEN PURWAKARTA,2,2024,337.0,337.0,337.0,0.0,historis
KABUPATEN PURWAKARTA,2,2024,337.0,337.0,337.0,0.0,historis
KABUPATEN PURWAKARTA,2,2024,337.0,337.0,337.0,0.0,historis
KABUPATEN PURWAKARTA,2,2026,282.0,337.0,337.0,0.0,prediksi
KABUPATEN PURWAKARTA,2,2027,282.0,282.0,337.0,-0.1634,prediksi
KABUPATEN PURWAKARTA,2,2028,282.0,282.0,282.0,0.0,prediksi
KABUPATEN PURWAKARTA,2,2029,282.0,282.0,282.0,0.0,prediksi
KABUPATEN PURWAKARTA,2,2030,282.0,282.0,282.0,0.0,prediksi
KABUPATEN PURWAKARTA,3,2021,10463.0,0.0,0.0,0.0,historis
KABUPATEN PURWAKARTA,3,2021,10463.0,10463.0,0.0,0.0,historis
KABUPATEN PURWAKARTA,3,2021,10463.0,10463.0,10463.0,0.0,historis
KABUPATEN PURWAKARTA,3,2021,10463.0,10463.0,10463.0,0.0,historis
KABUPATEN PURWAKARTA,3,2021,10463.0,10463.0,10463.0,0.0,historis
KABUPATEN PURWAKARTA,3,2021,10463.0,10463.0,10463.0,0.0,historis
KABUPATEN PURWAKARTA,3,2021,10463.0,10463.0,10463.0,0.0,historis
KABUPATEN PURWAKARTA,3,2021,10463.0,10463.0,10463.0,0.0,historis
KABUPATEN PURWAKARTA,3,2022,10820.0,10463.0,10463.0,0.0,historis
KABUPATEN PURWAKARTA,3,2022,10820.0,10820.0,10463.0,0.034120233202714324,historis
KABUPATEN PURWAKARTA,3,2022,10820.0,10820.0,10820.0,0.0,historis
KABUPATEN PURWAKARTA,3,2022,10820.0,10820.0,10820.0,0.0,historis
KABUPATEN PURWAKARTA,3,2023,11027.0,10820.0,10820.0,0.0,historis
KABUPATEN PURWAKARTA,3,2023,11027.0,11027.0,10820.0,0.019131238447319777,historis
KABUPATEN PURWAKARTA,3,2023,11027.0,11027.0,11027.0,0.0,historis
KABUPATEN PURWAKARTA,3,2023,11027.0,11027.0,11027.0,0.0,historis
KABUPATEN PURWAKARTA,3,2024,10966.0,11027.0,11027.0,0.0,historis
KABUPATEN PURWAKARTA,3,2024,10966.0,10966.0,11027.0,-0.0055318763036183915,historis
KABUPATEN PURWAKARTA,3,2024,10966.0,10966.0,10966.0,0.0,historis
KABUPATEN PURWAKARTA,3,2024,10966.0,10966.0,10966.0,0.0,historis
KABUPATEN PURWAKARTA,3,2024,10966.0,10966.0,10966.0,0.0,historis
KABUPATEN PURWAKARTA,3,2024,10966.0,10966.0,10966.0,0.0,historis
KABUPATEN PURWAKARTA,3,2024,10966.0,10966.0,10966.0,0.0,historis
KABUPATEN PURWAKARTA,3,2024,10966.0,10966.0,10966.0,0.0,historis
KABUPATEN PURWAKARTA,3,2024,10966.0,10966.0,10966.0,0.0,historis
KABUPATEN PURWAKARTA,3,2024,10966.0,10966.0,10966.0,0.0,historis
KABUPATEN PURWAKARTA,3,2026,10948.0,10966.0,10966.0,0.0,prediksi
KABUPATEN PURWAKARTA,3,2027,10948.0,10948.0,10966.0,-0.0017,prediksi
KABUPATEN PURWAKARTA,3,2028,10948.0,10948.0,10948.0,0.0,prediksi
KABUPATEN PURWAKARTA,3,2029,10948.0,10948.0,10948.0,0.0,prediksi
KABUPATEN PURWAKARTA,3,2030,10948.0,10948.0,10948.0,0.0,prediksi
KABUPATEN SUBANG,0,2021,28985.0,0.0,0.0,0.0,historis
KABUPATEN SUBANG,0,2021,28985.0,28985.0,0.0,0.0,historis
KABUPATEN SUBANG,0,2021,28985.0,28985.0,28985.0,0.0,historis
KABUPATEN SUBANG,0,2021,28985.0,28985.0,28985.0,0.0,historis
KABUPATEN SUBANG,0,2021,28985.0,28985.0,28985.0,0.0,historis
KABUPATEN SUBANG,0,2021,28985.0,28985.0,28985.0,0.0,historis
KABUPATEN SUBANG,0,2021,28985.0,28985.0,28985.0,0.0,historis
KABUPATEN SUBANG,0,2021,28985.0,28985.0,28985.0,0.0,historis
KABUPATEN SUBANG,0,2021,28985.0,28985.0,28985.0,0.0,historis
KABUPATEN SUBANG,0,2022,31871.0,28985.0,28985.0,0.0,historis
KABUPATEN SUBANG,0,2022,31871.0,31871.0,28985.0,0.09956874245299292,historis
KABUPATEN SUBANG,0,2022,31871.0,31871.0,31871.0,0.0,historis
KABUPATEN SUBANG,0,2022,31871.0,31871.0,31871.0,0.0,historis
KABUPATEN SUBANG,0,2022,31871.0,31871.0,31871.0,0.0,historis
KABUPATEN SUBANG,0,2023,34308.0,31871.0,31871.0,0.0,historis
KABUPATEN SUBANG,0,2023,34308.0,34308.0,31871.0,0.07646449750556933,historis
KABUPATEN SUBANG,0,2023,34308.0,34308.0,34308.0,0.0,historis
KABUPATEN SUBANG,0,2023,34308.0,34308.0,34308.0,0.0,historis
KABUPATEN SUBANG,0,2023,34308.0,34308.0,34308.0,0.0,historis
KABUPATEN SUBANG,0,2023,34308.0,34308.0,34308.0,0.0,historis
KABUPATEN SUBANG,0,2023,34308.0,34308.0,34308.0,0.0,historis
KABUPATEN SUBANG,0,2023,34308.0,34308.0,34308.0,0.0,historis
KABUPATEN SUBANG,0,2023,34308.0,34308.0,34308.0,0.0,historis
KABUPATEN SUBANG,0,2024,35873.0,34308.0,34308.0,0.0,historis
KABUPATEN SUBANG,0,2024,35873.0,35873.0,34308.0,0.04561618281450391,historis
KABUPATEN SUBANG,0,2024,35873.0,35873.0,35873.0,0.0,historis
KABUPATEN SUBANG,0,2024,35873.0,35873.0,35873.0,0.0,historis
KABUPATEN SUBANG,0,2024,35873.0,35873.0,35873.0,0.0,historis
KABUPATEN SUBANG,0,2024,35873.0,35873.0,35873.0,0.0,historis
KABUPATEN SUBANG,0,2024,35873.0,35873.0,35873.0,0.0,historis
KABUPATEN SUBANG,0,2026,35280.0,35873.0,35873.0,0.0,prediksi
KABUPATEN SUBANG,0,2027,35280.0,35280.0,35873.0,-0.0165,prediksi
KABUPATEN SUBANG,0,2028,35280.0,35280.0,35280.0,0.0,prediksi
KABUPATEN SUBANG,0,2029,35280.0,35280.0,35280.0,0.0,prediksi
KABUPATEN SUBANG,0,2030,35280.0,35280.0,35280.0,0.0,prediksi
KABUPATEN SUBANG,1,2021,394115.0,0.0,0.0,0.0,historis
KABUPATEN SUBANG,1,2021,394115.0,394115.0,0.0,0.0,historis
KABUPATEN SUBANG,1,2021,394115.0,394115.0,394115.0,0.0,historis
KABUPATEN SUBANG,1,2021,394115.0,394115.0,394115.0,0.0,historis
KABUPATEN SUBANG,1,2021,394115.0,394115.0,394115.0,0.0,historis
KABUPATEN SUBANG,1,2021,394115.0,394115.0,394115.0,0.0,historis
KABUPATEN SUBANG,1,2021,394115.0,394115.0,394115.0,0.0,historis
KABUPATEN SUBANG,1,2021,394115.0,394115.0,394115.0,0.0,historis
KABUPATEN SUBANG,1,2021,394115.0,394115.0,394115.0,0.0,historis
KABUPATEN SUBANG,1,2022,400362.0,394115.0,394115.0,0.0,historis
KABUPATEN SUBANG,1,2022,400362.0,400362.0,394115.0,0.015850703474874085,historis
KABUPATEN SUBANG,1,2022,400362.0,400362.0,400362.0,0.0,historis
KABUPATEN SUBANG,1,2022,400362.0,400362.0,400362.0,0.0,historis
KABUPATEN SUBANG,1,2022,400362.0,400362.0,400362.0,0.0,historis
KABUPATEN SUBANG,1,2023,408232.0,400362.0,400362.0,0.0,historis
KABUPATEN SUBANG,1,2023,408232.0,408232.0,400362.0,0.019657210224746605,historis
KABUPATEN SUBANG,1,2023,408232.0,408232.0,408232.0,0.0,historis
KABUPATEN SUBANG,1,2023,408232.0,408232.0,408232.0,0.0,historis
KABUPATEN SUBANG,1,2023,408232.0,408232.0,408232.0,0.0,historis
KABUPATEN SUBANG,1,2023,408232.0,408232.0,408232.0,0.0,historis
KABUPATEN SUBANG,1,2023,408232.0,408232.0,408232.0,0.0,historis
KABUPATEN SUBANG,1,2023,408232.0,408232.0,408232.0,0.0,historis
KABUPATEN SUBANG,1,2023,408232.0,408232.0,408232.0,0.0,historis
KABUPATEN SUBANG,1,2024,407182.0,408232.0,408232.0,0.0,historis
KABUPATEN SUBANG,1,2024,407182.0,407182.0,408232.0,-0.0025720668639401126,historis
KABUPATEN SUBANG,1,2024,407182.0,407182.0,407182.0,0.0,historis
KABUPATEN SUBANG,1,2024,407182.0,407182.0,407182.0,0.0,historis
KABUPATEN SUBANG,1,2024,407182.0,407182.0,407182.0,0.0,historis
KABUPATEN SUBANG,1,2024,407182.0,407182.0,407182.0,0.0,historis
KABUPATEN SUBANG,1,2024,407182.0,407182.0,407182.0,0.0,historis
KABUPATEN SUBANG,1,2026,407182.0,407182.0,407182.0,0.0,prediksi
KABUPATEN SUBANG,1,2027,407182.0,407182.0,407182.0,0.0,prediksi
KABUPATEN SUBANG,1,2028,407182.0,407182.0,407182.0,0.0,prediksi
KABUPATEN SUBANG,1,2029,407182.0,407182.0,407182.0,0.0,prediksi
KABUPATEN SUBANG,1,2030,407182.0,407182.0,407182.0,0.0,prediksi
KABUPATEN SUBANG,2,2021,462.0,0.0,0.0,0.0,historis
KABUPATEN SUBANG,2,2021,462.0,462.0,0.0,0.0,historis
KABUPATEN SUBANG,2,2021,462.0,462.0,462.0,0.0,historis
KABUPATEN SUBANG,2,2021,462.0,462.0,462.0,0.0,historis
KABUPATEN SUBANG,2,2021,462.0,462.0,462.0,0.0,historis
KABUPATEN SUBANG,2,2021,462.0,462.0,462.0,0.0,historis
KABUPATEN SUBANG,2,2021,462.0,462.0,462.0,0.0,historis
KABUPATEN SUBANG,2,2021,462.0,462.0,462.0,0.0,historis
KABUPATEN SUBANG,2,2021,462.0,462.0,462.0,0.0,historis
KABUPATEN SUBANG,2,2022,451.0,462.0,462.0,0.0,historis
KABUPATEN SUBANG,2,2022,451.0,451.0,462.0,-0.023809523809523808,historis
KABUPATEN SUBANG,2,2022,451.0,451.0,451.0,0.0,historis
KABUPATEN SUBANG,2,2022,451.0,451.0,451.0,0.0,historis
KABUPATEN SUBANG,2,2022,451.0,451.0,451.0,0.0,historis
KABUPATEN SUBANG,2,2023,453.0,451.0,451.0,0.0,historis
KABUPATEN SUBANG,2,2023,453.0,453.0,451.0,0.004434589800443459,historis
KABUPATEN SUBANG,2,2023,453.0,453.0,453.0,0.0,historis
KABUPATEN SUBANG,2,2023,453.0,453.0,453.0,0.0,historis
KABUPATEN SUBANG,2,2023,453.0,453.0,453.0,0.0,historis
KABUPATEN SUBANG,2,2023,453.0,453.0,453.0,0.0,historis
KABUPATEN SUBANG,2,2023,453.0,453.0,453.0,0.0,historis
KABUPATEN SUBANG,2,2023,453.0,453.0,453.0,0.0,historis
KABUPATEN SUBANG,2,2023,453.0,453.0,453.0,0.0,historis
KABUPATEN SUBANG,2,2024,442.0,453.0,453.0,0.0,historis
KABUPATEN SUBANG,2,2024,442.0,442.0,453.0,-0.024282560706401765,historis
KABUPATEN SUBANG,2,2024,442.0,442.0,442.0,0.0,historis
KABUPATEN SUBANG,2,2024,442.0,442.0,442.0,0.0,historis
KABUPATEN SUBANG,2,2024,442.0,442.0,442.0,0.0,historis
KABUPATEN SUBANG,2,2024,442.0,442.0,442.0,0.0,historis
KABUPATEN SUBANG,2,2024,442.0,442.0,442.0,0.0,historis
KABUPATEN SUBANG,2,2026,282.0,442.0,442.0,0.0,prediksi
KABUPATEN SUBANG,2,2027,282.0,282.0,442.0,-0.3621,prediksi
KABUPATEN SUBANG,2,2028,282.0,282.0,282.0,0.0,prediksi
KABUPATEN SUBANG,2,2029,282.0,282.0,282.0,0.0,prediksi
KABUPATEN SUBANG,2,2030,282.0,282.0,282.0,0.0,prediksi
KABUPATEN SUBANG,3,2021,11713.0,0.0,0.0,0.0,historis
KABUPATEN SUBANG,3,2021,11713.0,11713.0,0.0,0.0,historis
KABUPATEN SUBANG,3,2021,11713.0,11713.0,11713.0,0.0,historis
KABUPATEN SUBANG,3,2021,11713.0,11713.0,11713.0,0.0,historis
KABUPATEN SUBANG,3,2021,11713.0,11713.0,11713.0,0.0,historis
KABUPATEN SUBANG,3,2021,11713.0,11713.0,11713.0,0.0,historis
KABUPATEN SUBANG,3,2021,11713.0,11713.0,11713.0,0.0,historis
KABUPATEN SUBANG,3,2021,11713.0,11713.0,11713.0,0.0,historis
KABUPATEN SUBANG,3,2021,11713.0,11713.0,11713.0,0.0,historis
KABUPATEN SUBANG,3,2022,12321.0,11713.0,11713.0,0.0,historis
KABUPATEN SUBANG,3,2022,12321.0,12321.0,11713.0,0.05190813625885768,historis
KABUPATEN SUBANG,3,2022,12321.0,12321.0,12321.0,0.0,historis
KABUPATEN SUBANG,3,2022,12321.0,12321.0,12321.0,0.0,historis
KABUPATEN SUBANG,3,2022,12321.0,12321.0,12321.0,0.0,historis
KABUPATEN SUBANG,3,2023,12734.0,12321.0,12321.0,0.0,historis
KABUPATEN SUBANG,3,2023,12734.0,12734.0,12321.0,0.03352000649297947,historis
KABUPATEN SUBANG,3,2023,12734.0,12734.0,12734.0,0.0,historis
KABUPATEN SUBANG,3,2023,12734.0,12734.0,12734.0,0.0,historis
KABUPATEN SUBANG,3,2023,12734.0,12734.0,12734.0,0.0,historis
KABUPATEN SUBANG,3,2023,12734.0,12734.0,12734.0,0.0,historis
KABUPATEN SUBANG,3,2023,12734.0,12734.0,12734.0,0.0,historis
KABUPATEN SUBANG,3,2023,12734.0,12734.0,12734.0,0.0,historis
KABUPATEN SUBANG,3,2023,12734.0,12734.0,12734.0,0.0,historis
KABUPATEN SUBANG,3,2024,12521.0,12734.0,12734.0,0.0,historis
KABUPATEN SUBANG,3,2024,12521.0,12521.0,12734.0,-0.016726872938589602,historis
KABUPATEN SUBANG,3,2024,12521.0,12521.0,12521.0,0.0,historis
KABUPATEN SUBANG,3,2024,12521.0,12521.0,12521.0,0.0,historis
KABUPATEN SUBANG,3,2024,12521.0,12521.0,12521.0,0.0,historis
KABUPATEN SUBANG,3,2024,12521.0,12521.0,12521.0,0.0,historis
KABUPATEN SUBANG,3,2024,12521.0,12521.0,12521.0,0.0,historis
KABUPATEN SUBANG,3,2026,12458.0,12521.0,12521.0,0.0,prediksi
KABUPATEN SUBANG,3,2027,12458.0,12458.0,12521.0,-0.005,prediksi
KABUPATEN SUBANG,3,2028,12458.0,12458.0,12458.0,0.0,prediksi
KABUPATEN SUBANG,3,2029,12458.0,12458.0,12458.0,0.0,prediksi
KABUPATEN SUBANG,3,2030,12458.0,12458.0,12458.0,0.0,prediksi
KABUPATEN SUKABUMI,0,2021,40188.0,0.0,0.0,0.0,historis
KABUPATEN SUKABUMI,0,2021,40188.0,40188.0,0.0,0.0,historis
KABUPATEN SUKABUMI,0,2021,40188.0,40188.0,40188.0,0.0,historis
KABUPATEN SUKABUMI,0,2021,40188.0,40188.0,40188.0,0.0,historis
KABUPATEN SUKABUMI,0,2021,40188.0,40188.0,40188.0,0.0,historis
KABUPATEN SUKABUMI,0,2021,40188.0,40188.0,40188.0,0.0,historis
KABUPATEN SUKABUMI,0,2021,40188.0,40188.0,40188.0,0.0,historis
KABUPATEN SUKABUMI,0,2021,40188.0,40188.0,40188.0,0.0,historis
KABUPATEN SUKABUMI,0,2021,40188.0,40188.0,40188.0,0.0,historis
KABUPATEN SUKABUMI,0,2021,40188.0,40188.0,40188.0,0.0,historis
KABUPATEN SUKABUMI,0,2021,40188.0,40188.0,40188.0,0.0,historis
KABUPATEN SUKABUMI,0,2021,40188.0,40188.0,40188.0,0.0,historis
KABUPATEN SUKABUMI,0,2022,42610.0,40188.0,40188.0,0.0,historis
KABUPATEN SUKABUMI,0,2022,42610.0,42610.0,40188.0,0.0602667462924256,historis
KABUPATEN SUKABUMI,0,2022,42610.0,42610.0,42610.0,0.0,historis
KABUPATEN SUKABUMI,0,2022,42610.0,42610.0,42610.0,0.0,historis
KABUPATEN SUKABUMI,0,2022,42610.0,42610.0,42610.0,0.0,historis
KABUPATEN SUKABUMI,0,2022,42610.0,42610.0,42610.0,0.0,historis
KABUPATEN SUKABUMI,0,2022,42610.0,42610.0,42610.0,0.0,historis
KABUPATEN SUKABUMI,0,2022,42610.0,42610.0,42610.0,0.0,historis
KABUPATEN SUKABUMI,0,2023,44781.0,42610.0,42610.0,0.0,historis
KABUPATEN SUKABUMI,0,2023,44781.0,44781.0,42610.0,0.05095048110772119,historis
KABUPATEN SUKABUMI,0,2023,44781.0,44781.0,44781.0,0.0,historis
KABUPATEN SUKABUMI,0,2023,44781.0,44781.0,44781.0,0.0,historis
KABUPATEN SUKABUMI,0,2023,44781.0,44781.0,44781.0,0.0,historis
KABUPATEN SUKABUMI,0,2023,44781.0,44781.0,44781.0,0.0,historis
KABUPATEN SUKABUMI,0,2024,46152.0,44781.0,44781.0,0.0,historis
KABUPATEN SUKABUMI,0,2024,46152.0,46152.0,44781.0,0.030615662892744692,historis
KABUPATEN SUKABUMI,0,2024,46152.0,46152.0,46152.0,0.0,historis
KABUPATEN SUKABUMI,0,2024,46152.0,46152.0,46152.0,0.0,historis
KABUPATEN SUKABUMI,0,2026,46717.0,46152.0,46152.0,0.0,prediksi
KABUPATEN SUKABUMI,0,2027,46717.0,46717.0,46152.0,0.0123,prediksi
KABUPATEN SUKABUMI,0,2028,46717.0,46717.0,46717.0,0.0,prediksi
KABUPATEN SUKABUMI,0,2029,46717.0,46717.0,46717.0,0.0,prediksi
KABUPATEN SUKABUMI,0,2030,46717.0,46717.0,46717.0,0.0,prediksi
KABUPATEN SUKABUMI,1,2021,467256.0,0.0,0.0,0.0,historis
KABUPATEN SUKABUMI,1,2021,467256.0,467256.0,0.0,0.0,historis
KABUPATEN SUKABUMI,1,2021,467256.0,467256.0,467256.0,0.0,historis
KABUPATEN SUKABUMI,1,2021,467256.0,467256.0,467256.0,0.0,historis
KABUPATEN SUKABUMI,1,2021,467256.0,467256.0,467256.0,0.0,historis
KABUPATEN SUKABUMI,1,2021,467256.0,467256.0,467256.0,0.0,historis
KABUPATEN SUKABUMI,1,2021,467256.0,467256.0,467256.0,0.0,historis
KABUPATEN SUKABUMI,1,2021,467256.0,467256.0,467256.0,0.0,historis
KABUPATEN SUKABUMI,1,2021,467256.0,467256.0,467256.0,0.0,historis
KABUPATEN SUKABUMI,1,2021,467256.0,467256.0,467256.0,0.0,historis
KABUPATEN SUKABUMI,1,2021,467256.0,467256.0,467256.0,0.0,historis
KABUPATEN SUKABUMI,1,2021,467256.0,467256.0,467256.0,0.0,historis
KABUPATEN SUKABUMI,1,2022,470842.0,467256.0,467256.0,0.0,historis
KABUPATEN SUKABUMI,1,2022,470842.0,470842.0,467256.0,0.007674593798688513,historis
KABUPATEN SUKABUMI,1,2022,470842.0,470842.0,470842.0,0.0,historis
KABUPATEN SUKABUMI,1,2022,470842.0,470842.0,470842.0,0.0,historis
KABUPATEN SUKABUMI,1,2022,470842.0,470842.0,470842.0,0.0,historis
KABUPATEN SUKABUMI,1,2022,470842.0,470842.0,470842.0,0.0,historis
KABUPATEN SUKABUMI,1,2022,470842.0,470842.0,470842.0,0.0,historis
KABUPATEN SUKABUMI,1,2022,470842.0,470842.0,470842.0,0.0,historis
KABUPATEN SUKABUMI,1,2023,480625.0,470842.0,470842.0,0.0,historis
KABUPATEN SUKABUMI,1,2023,480625.0,480625.0,470842.0,0.020777670641106784,historis
KABUPATEN SUKABUMI,1,2023,480625.0,480625.0,480625.0,0.0,historis
KABUPATEN SUKABUMI,1,2023,480625.0,480625.0,480625.0,0.0,historis
KABUPATEN SUKABUMI,1,2023,480625.0,480625.0,480625.0,0.0,historis
KABUPATEN SUKABUMI,1,2023,480625.0,480625.0,480625.0,0.0,historis
KABUPATEN SUKABUMI,1,2024,486781.0,480625.0,480625.0,0.0,historis
KABUPATEN SUKABUMI,1,2024,486781.0,486781.0,480625.0,0.012808322496749024,historis
KABUPATEN SUKABUMI,1,2024,486781.0,486781.0,486781.0,0.0,historis
KABUPATEN SUKABUMI,1,2024,486781.0,486781.0,486781.0,0.0,historis
KABUPATEN SUKABUMI,1,2026,486781.0,486781.0,486781.0,0.0,prediksi
KABUPATEN SUKABUMI,1,2027,486781.0,486781.0,486781.0,0.0,prediksi
KABUPATEN SUKABUMI,1,2028,486781.0,486781.0,486781.0,0.0,prediksi
KABUPATEN SUKABUMI,1,2029,486781.0,486781.0,486781.0,0.0,prediksi
KABUPATEN SUKABUMI,1,2030,486781.0,486781.0,486781.0,0.0,prediksi
KABUPATEN SUKABUMI,2,2021,454.0,0.0,0.0,0.0,historis
KABUPATEN SUKABUMI,2,2021,454.0,454.0,0.0,0.0,historis
KABUPATEN SUKABUMI,2,2021,454.0,454.0,454.0,0.0,historis
KABUPATEN SUKABUMI,2,2021,454.0,454.0,454.0,0.0,historis
KABUPATEN SUKABUMI,2,2021,454.0,454.0,454.0,0.0,historis
KABUPATEN SUKABUMI,2,2021,454.0,454.0,454.0,0.0,historis
KABUPATEN SUKABUMI,2,2021,454.0,454.0,454.0,0.0,historis
KABUPATEN SUKABUMI,2,2021,454.0,454.0,454.0,0.0,historis
KABUPATEN SUKABUMI,2,2021,454.0,454.0,454.0,0.0,historis
KABUPATEN SUKABUMI,2,2021,454.0,454.0,454.0,0.0,historis
KABUPATEN SUKABUMI,2,2021,454.0,454.0,454.0,0.0,historis
KABUPATEN SUKABUMI,2,2021,454.0,454.0,454.0,0.0,historis
KABUPATEN SUKABUMI,2,2022,468.0,454.0,454.0,0.0,historis
KABUPATEN SUKABUMI,2,2022,468.0,468.0,454.0,0.030837004405286344,historis
KABUPATEN SUKABUMI,2,2022,468.0,468.0,468.0,0.0,historis
KABUPATEN SUKABUMI,2,2022,468.0,468.0,468.0,0.0,historis
KABUPATEN SUKABUMI,2,2022,468.0,468.0,468.0,0.0,historis
KABUPATEN SUKABUMI,2,2022,468.0,468.0,468.0,0.0,historis
KABUPATEN SUKABUMI,2,2022,468.0,468.0,468.0,0.0,historis
KABUPATEN SUKABUMI,2,2022,468.0,468.0,468.0,0.0,historis
KABUPATEN SUKABUMI,2,2023,478.0,468.0,468.0,0.0,historis
KABUPATEN SUKABUMI,2,2023,478.0,478.0,468.0,0.021367521367521368,historis
KABUPATEN SUKABUMI,2,2023,478.0,478.0,478.0,0.0,historis
KABUPATEN SUKABUMI,2,2023,478.0,478.0,478.0,0.0,historis
KABUPATEN SUKABUMI,2,2023,478.0,478.0,478.0,0.0,historis
KABUPATEN SUKABUMI,2,2023,478.0,478.0,478.0,0.0,historis
KABUPATEN SUKABUMI,2,2024,498.0,478.0,478.0,0.0,historis
KABUPATEN SUKABUMI,2,2024,498.0,498.0,478.0,0.04184100418410042,historis
KABUPATEN SUKABUMI,2,2024,498.0,498.0,498.0,0.0,historis
KABUPATEN SUKABUMI,2,2024,498.0,498.0,498.0,0.0,historis
KABUPATEN SUKABUMI,2,2026,508.0,498.0,498.0,0.0,prediksi
KABUPATEN SUKABUMI,2,2027,508.0,508.0,498.0,0.0203,prediksi
KABUPATEN SUKABUMI,2,2028,508.0,508.0,508.0,0.0,prediksi
KABUPATEN SUKABUMI,2,2029,508.0,508.0,508.0,0.0,prediksi
KABUPATEN SUKABUMI,2,2030,508.0,508.0,508.0,0.0,prediksi
KABUPATEN SUKABUMI,3,2021,19983.0,0.0,0.0,0.0,historis
KABUPATEN SUKABUMI,3,2021,19983.0,19983.0,0.0,0.0,historis
KABUPATEN SUKABUMI,3,2021,19983.0,19983.0,19983.0,0.0,historis
KABUPATEN SUKABUMI,3,2021,19983.0,19983.0,19983.0,0.0,historis
KABUPATEN SUKABUMI,3,2021,19983.0,19983.0,19983.0,0.0,historis
KABUPATEN SUKABUMI,3,2021,19983.0,19983.0,19983.0,0.0,historis
KABUPATEN SUKABUMI,3,2021,19983.0,19983.0,19983.0,0.0,historis
KABUPATEN SUKABUMI,3,2021,19983.0,19983.0,19983.0,0.0,historis
KABUPATEN SUKABUMI,3,2021,19983.0,19983.0,19983.0,0.0,historis
KABUPATEN SUKABUMI,3,2021,19983.0,19983.0,19983.0,0.0,historis
KABUPATEN SUKABUMI,3,2021,19983.0,19983.0,19983.0,0.0,historis
KABUPATEN SUKABUMI,3,2021,19983.0,19983.0,19983.0,0.0,historis
KABUPATEN SUKABUMI,3,2022,20506.0,19983.0,19983.0,0.0,historis
KABUPATEN SUKABUMI,3,2022,20506.0,20506.0,19983.0,0.02617224640944803,historis
KABUPATEN SUKABUMI,3,2022,20506.0,20506.0,20506.0,0.0,historis
KABUPATEN SUKABUMI,3,2022,20506.0,20506.0,20506.0,0.0,historis
KABUPATEN SUKABUMI,3,2022,20506.0,20506.0,20506.0,0.0,historis
KABUPATEN SUKABUMI,3,2022,20506.0,20506.0,20506.0,0.0,historis
KABUPATEN SUKABUMI,3,2022,20506.0,20506.0,20506.0,0.0,historis
KABUPATEN SUKABUMI,3,2022,20506.0,20506.0,20506.0,0.0,historis
KABUPATEN SUKABUMI,3,2023,20764.0,20506.0,20506.0,0.0,historis
KABUPATEN SUKABUMI,3,2023,20764.0,20764.0,20506.0,0.012581683409733736,historis
KABUPATEN SUKABUMI,3,2023,20764.0,20764.0,20764.0,0.0,historis
KABUPATEN SUKABUMI,3,2023,20764.0,20764.0,20764.0,0.0,historis
KABUPATEN SUKABUMI,3,2023,20764.0,20764.0,20764.0,0.0,historis
KABUPATEN SUKABUMI,3,2023,20764.0,20764.0,20764.0,0.0,historis
KABUPATEN SUKABUMI,3,2024,20496.0,20764.0,20764.0,0.0,historis
KABUPATEN SUKABUMI,3,2024,20496.0,20496.0,20764.0,-0.012906954344057022,historis
KABUPATEN SUKABUMI,3,2024,20496.0,20496.0,20496.0,0.0,historis
KABUPATEN SUKABUMI,3,2024,20496.0,20496.0,20496.0,0.0,historis
KABUPATEN SUKABUMI,3,2026,20681.0,20496.0,20496.0,0.0,prediksi
KABUPATEN SUKABUMI,3,2027,20681.0,20681.0,20496.0,0.009,prediksi
KABUPATEN SUKABUMI,3,2028,20681.0,20681.0,20681.0,0.0,prediksi
KABUPATEN SUKABUMI,3,2029,20681.0,20681.0,20681.0,0.0,prediksi
KABUPATEN SUKABUMI,3,2030,20681.0,20681.0,20681.0,0.0,prediksi
KABUPATEN SUMEDANG,0,2021,24195.0,0.0,0.0,0.0,historis
KABUPATEN SUMEDANG,0,2021,24195.0,24195.0,0.0,0.0,historis
KABUPATEN SUMEDANG,0,2021,24195.0,24195.0,24195.0,0.0,historis
KABUPATEN SUMEDANG,0,2021,24195.0,24195.0,24195.0,0.0,historis
KABUPATEN SUMEDANG,0,2022,25420.0,24195.0,24195.0,0.0,historis
KABUPATEN SUMEDANG,0,2022,25420.0,25420.0,24195.0,0.0506302955156024,historis
KABUPATEN SUMEDANG,0,2022,25420.0,25420.0,25420.0,0.0,historis
KABUPATEN SUMEDANG,0,2022,25420.0,25420.0,25420.0,0.0,historis
KABUPATEN SUMEDANG,0,2022,25420.0,25420.0,25420.0,0.0,historis
KABUPATEN SUMEDANG,0,2022,25420.0,25420.0,25420.0,0.0,historis
KABUPATEN SUMEDANG,0,2022,25420.0,25420.0,25420.0,0.0,historis
KABUPATEN SUMEDANG,0,2022,25420.0,25420.0,25420.0,0.0,historis
KABUPATEN SUMEDANG,0,2022,25420.0,25420.0,25420.0,0.0,historis
KABUPATEN SUMEDANG,0,2023,26735.0,25420.0,25420.0,0.0,historis
KABUPATEN SUMEDANG,0,2023,26735.0,26735.0,25420.0,0.0517309205350118,historis
KABUPATEN SUMEDANG,0,2023,26735.0,26735.0,26735.0,0.0,historis
KABUPATEN SUMEDANG,0,2023,26735.0,26735.0,26735.0,0.0,historis
KABUPATEN SUMEDANG,0,2023,26735.0,26735.0,26735.0,0.0,historis
KABUPATEN SUMEDANG,0,2023,26735.0,26735.0,26735.0,0.0,historis
KABUPATEN SUMEDANG,0,2023,26735.0,26735.0,26735.0,0.0,historis
KABUPATEN SUMEDANG,0,2023,26735.0,26735.0,26735.0,0.0,historis
KABUPATEN SUMEDANG,0,2024,27481.0,26735.0,26735.0,0.0,historis
KABUPATEN SUMEDANG,0,2024,27481.0,27481.0,26735.0,0.027903497288198992,historis
KABUPATEN SUMEDANG,0,2024,27481.0,27481.0,27481.0,0.0,historis
KABUPATEN SUMEDANG,0,2024,27481.0,27481.0,27481.0,0.0,historis
KABUPATEN SUMEDANG,0,2024,27481.0,27481.0,27481.0,0.0,historis
KABUPATEN SUMEDANG,0,2024,27481.0,27481.0,27481.0,0.0,historis
KABUPATEN SUMEDANG,0,2024,27481.0,27481.0,27481.0,0.0,historis
KABUPATEN SUMEDANG,0,2024,27481.0,27481.0,27481.0,0.0,historis
KABUPATEN SUMEDANG,0,2024,27481.0,27481.0,27481.0,0.0,historis
KABUPATEN SUMEDANG,0,2024,27481.0,27481.0,27481.0,0.0,historis
KABUPATEN SUMEDANG,0,2024,27481.0,27481.0,27481.0,0.0,historis
KABUPATEN SUMEDANG,0,2024,27481.0,27481.0,27481.0,0.0,historis
KABUPATEN SUMEDANG,0,2024,27481.0,27481.0,27481.0,0.0,historis
KABUPATEN SUMEDANG,0,2024,27481.0,27481.0,27481.0,0.0,historis
KABUPATEN SUMEDANG,0,2024,27481.0,27481.0,27481.0,0.0,historis
KABUPATEN SUMEDANG,0,2024,27481.0,27481.0,27481.0,0.0,historis
KABUPATEN SUMEDANG,0,2024,27481.0,27481.0,27481.0,0.0,historis
KABUPATEN SUMEDANG,0,2024,27481.0,27481.0,27481.0,0.0,historis
KABUPATEN SUMEDANG,0,2024,27481.0,27481.0,27481.0,0.0,historis
KABUPATEN SUMEDANG,0,2026,25155.0,27481.0,27481.0,0.0,prediksi
KABUPATEN SUMEDANG,0,2027,25155.0,25155.0,27481.0,-0.0847,prediksi
KABUPATEN SUMEDANG,0,2028,25155.0,25155.0,25155.0,0.0,prediksi
KABUPATEN SUMEDANG,0,2029,25155.0,25155.0,25155.0,0.0,prediksi
KABUPATEN SUMEDANG,0,2030,25155.0,25155.0,25155.0,0.0,prediksi
KABUPATEN SUMEDANG,1,2021,280392.0,0.0,0.0,0.0,historis
KABUPATEN SUMEDANG,1,2021,280392.0,280392.0,0.0,0.0,historis
KABUPATEN SUMEDANG,1,2021,280392.0,280392.0,280392.0,0.0,historis
KABUPATEN SUMEDANG,1,2021,280392.0,280392.0,280392.0,0.0,historis
KABUPATEN SUMEDANG,1,2022,285436.0,280392.0,280392.0,0.0,historis
KABUPATEN SUMEDANG,1,2022,285436.0,285436.0,280392.0,0.01798910097292362,historis
KABUPATEN SUMEDANG,1,2022,285436.0,285436.0,285436.0,0.0,historis
KABUPATEN SUMEDANG,1,2022,285436.0,285436.0,285436.0,0.0,historis
KABUPATEN SUMEDANG,1,2022,285436.0,285436.0,285436.0,0.0,historis
KABUPATEN SUMEDANG,1,2022,285436.0,285436.0,285436.0,0.0,historis
KABUPATEN SUMEDANG,1,2022,285436.0,285436.0,285436.0,0.0,historis
KABUPATEN SUMEDANG,1,2022,285436.0,285436.0,285436.0,0.0,historis
KABUPATEN SUMEDANG,1,2022,285436.0,285436.0,285436.0,0.0,historis
KABUPATEN SUMEDANG,1,2023,290443.0,285436.0,285436.0,0.0,historis
KABUPATEN SUMEDANG,1,2023,290443.0,290443.0,285436.0,0.01754158550428117,historis
KABUPATEN SUMEDANG,1,2023,290443.0,290443.0,290443.0,0.0,historis
KABUPATEN SUMEDANG,1,2023,290443.0,290443.0,290443.0,0.0,historis
KABUPATEN SUMEDANG,1,2023,290443.0,290443.0,290443.0,0.0,historis
KABUPATEN SUMEDANG,1,2023,290443.0,290443.0,290443.0,0.0,historis
KABUPATEN SUMEDANG,1,2023,290443.0,290443.0,290443.0,0.0,historis
KABUPATEN SUMEDANG,1,2023,290443.0,290443.0,290443.0,0.0,historis
KABUPATEN SUMEDANG,1,2024,290947.0,290443.0,290443.0,0.0,historis
KABUPATEN SUMEDANG,1,2024,290947.0,290947.0,290443.0,0.0017352802443164408,historis
KABUPATEN SUMEDANG,1,2024,290947.0,290947.0,290947.0,0.0,historis
KABUPATEN SUMEDANG,1,2024,290947.0,290947.0,290947.0,0.0,historis
KABUPATEN SUMEDANG,1,2024,290947.0,290947.0,290947.0,0.0,historis
KABUPATEN SUMEDANG,1,2024,290947.0,290947.0,290947.0,0.0,historis
KABUPATEN SUMEDANG,1,2024,290947.0,290947.0,290947.0,0.0,historis
KABUPATEN SUMEDANG,1,2024,290947.0,290947.0,290947.0,0.0,historis
KABUPATEN SUMEDANG,1,2024,290947.0,290947.0,290947.0,0.0,historis
KABUPATEN SUMEDANG,1,2024,290947.0,290947.0,290947.0,0.0,historis
KABUPATEN SUMEDANG,1,2024,290947.0,290947.0,290947.0,0.0,historis
KABUPATEN SUMEDANG,1,2024,290947.0,290947.0,290947.0,0.0,historis
KABUPATEN SUMEDANG,1,2024,290947.0,290947.0,290947.0,0.0,historis
KABUPATEN SUMEDANG,1,2024,290947.0,290947.0,290947.0,0.0,historis
KABUPATEN SUMEDANG,1,2024,290947.0,290947.0,290947.0,0.0,historis
KABUPATEN SUMEDANG,1,2024,290947.0,290947.0,290947.0,0.0,historis
KABUPATEN SUMEDANG,1,2024,290947.0,290947.0,290947.0,0.0,historis
KABUPATEN SUMEDANG,1,2024,290947.0,290947.0,290947.0,0.0,historis
KABUPATEN SUMEDANG,1,2024,290947.0,290947.0,290947.0,0.0,historis
KABUPATEN SUMEDANG,1,2026,290947.0,290947.0,290947.0,0.0,prediksi
KABUPATEN SUMEDANG,1,2027,290947.0,290947.0,290947.0,0.0,prediksi
KABUPATEN SUMEDANG,1,2028,290947.0,290947.0,290947.0,0.0,prediksi
KABUPATEN SUMEDANG,1,2029,290947.0,290947.0,290947.0,0.0,prediksi
KABUPATEN SUMEDANG,1,2030,290947.0,290947.0,290947.0,0.0,prediksi
KABUPATEN SUMEDANG,2,2021,417.0,0.0,0.0,0.0,historis
KABUPATEN SUMEDANG,2,2021,417.0,417.0,0.0,0.0,historis
KABUPATEN SUMEDANG,2,2021,417.0,417.0,417.0,0.0,historis
KABUPATEN SUMEDANG,2,2021,417.0,417.0,417.0,0.0,historis
KABUPATEN SUMEDANG,2,2022,355.0,417.0,417.0,0.0,historis
KABUPATEN SUMEDANG,2,2022,355.0,355.0,417.0,-0.1486810551558753,historis
KABUPATEN SUMEDANG,2,2022,355.0,355.0,355.0,0.0,historis
KABUPATEN SUMEDANG,2,2022,355.0,355.0,355.0,0.0,historis
KABUPATEN SUMEDANG,2,2022,355.0,355.0,355.0,0.0,historis
KABUPATEN SUMEDANG,2,2022,355.0,355.0,355.0,0.0,historis
KABUPATEN SUMEDANG,2,2022,355.0,355.0,355.0,0.0,historis
KABUPATEN SUMEDANG,2,2022,355.0,355.0,355.0,0.0,historis
KABUPATEN SUMEDANG,2,2022,355.0,355.0,355.0,0.0,historis
KABUPATEN SUMEDANG,2,2023,361.0,355.0,355.0,0.0,historis
KABUPATEN SUMEDANG,2,2023,361.0,361.0,355.0,0.016901408450704224,historis
KABUPATEN SUMEDANG,2,2023,361.0,361.0,361.0,0.0,historis
KABUPATEN SUMEDANG,2,2023,361.0,361.0,361.0,0.0,historis
KABUPATEN SUMEDANG,2,2023,361.0,361.0,361.0,0.0,historis
KABUPATEN SUMEDANG,2,2023,361.0,361.0,361.0,0.0,historis
KABUPATEN SUMEDANG,2,2023,361.0,361.0,361.0,0.0,historis
KABUPATEN SUMEDANG,2,2023,361.0,361.0,361.0,0.0,historis
KABUPATEN SUMEDANG,2,2024,341.0,361.0,361.0,0.0,historis
KABUPATEN SUMEDANG,2,2024,341.0,341.0,361.0,-0.055401662049861494,historis
KABUPATEN SUMEDANG,2,2024,341.0,341.0,341.0,0.0,historis
KABUPATEN SUMEDANG,2,2024,341.0,341.0,341.0,0.0,historis
KABUPATEN SUMEDANG,2,2024,341.0,341.0,341.0,0.0,historis
KABUPATEN SUMEDANG,2,2024,341.0,341.0,341.0,0.0,historis
KABUPATEN SUMEDANG,2,2024,341.0,341.0,341.0,0.0,historis
KABUPATEN SUMEDANG,2,2024,341.0,341.0,341.0,0.0,historis
KABUPATEN SUMEDANG,2,2024,341.0,341.0,341.0,0.0,historis
KABUPATEN SUMEDANG,2,2024,341.0,341.0,341.0,0.0,historis
KABUPATEN SUMEDANG,2,2024,341.0,341.0,341.0,0.0,historis
KABUPATEN SUMEDANG,2,2024,341.0,341.0,341.0,0.0,historis
KABUPATEN SUMEDANG,2,2024,341.0,341.0,341.0,0.0,historis
KABUPATEN SUMEDANG,2,2024,341.0,341.0,341.0,0.0,historis
KABUPATEN SUMEDANG,2,2024,341.0,341.0,341.0,0.0,historis
KABUPATEN SUMEDANG,2,2024,341.0,341.0,341.0,0.0,historis
KABUPATEN SUMEDANG,2,2024,341.0,341.0,341.0,0.0,historis
KABUPATEN SUMEDANG,2,2024,341.0,341.0,341.0,0.0,historis
KABUPATEN SUMEDANG,2,2024,341.0,341.0,341.0,0.0,historis
KABUPATEN SUMEDANG,2,2026,282.0,341.0,341.0,0.0,prediksi
KABUPATEN SUMEDANG,2,2027,282.0,282.0,341.0,-0.1732,prediksi
KABUPATEN SUMEDANG,2,2028,282.0,282.0,282.0,0.0,prediksi
KABUPATEN SUMEDANG,2,2029,282.0,282.0,282.0,0.0,prediksi
KABUPATEN SUMEDANG,2,2030,282.0,282.0,282.0,0.0,prediksi
KABUPATEN SUMEDANG,3,2021,9398.0,0.0,0.0,0.0,historis
KABUPATEN SUMEDANG,3,2021,9398.0,9398.0,0.0,0.0,historis
KABUPATEN SUMEDANG,3,2021,9398.0,9398.0,9398.0,0.0,historis
KABUPATEN SUMEDANG,3,2021,9398.0,9398.0,9398.0,0.0,historis
KABUPATEN SUMEDANG,3,2022,9632.0,9398.0,9398.0,0.0,historis
KABUPATEN SUMEDANG,3,2022,9632.0,9632.0,9398.0,0.02489891466269419,historis
KABUPATEN SUMEDANG,3,2022,9632.0,9632.0,9632.0,0.0,historis
KABUPATEN SUMEDANG,3,2022,9632.0,9632.0,9632.0,0.0,historis
KABUPATEN SUMEDANG,3,2022,9632.0,9632.0,9632.0,0.0,historis
KABUPATEN SUMEDANG,3,2022,9632.0,9632.0,9632.0,0.0,historis
KABUPATEN SUMEDANG,3,2022,9632.0,9632.0,9632.0,0.0,historis
KABUPATEN SUMEDANG,3,2022,9632.0,9632.0,9632.0,0.0,historis
KABUPATEN SUMEDANG,3,2022,9632.0,9632.0,9632.0,0.0,historis
KABUPATEN SUMEDANG,3,2023,9910.0,9632.0,9632.0,0.0,historis
KABUPATEN SUMEDANG,3,2023,9910.0,9910.0,9632.0,0.028862126245847178,historis
KABUPATEN SUMEDANG,3,2023,9910.0,9910.0,9910.0,0.0,historis
KABUPATEN SUMEDANG,3,2023,9910.0,9910.0,9910.0,0.0,historis
KABUPATEN SUMEDANG,3,2023,9910.0,9910.0,9910.0,0.0,historis
KABUPATEN SUMEDANG,3,2023,9910.0,9910.0,9910.0,0.0,historis
KABUPATEN SUMEDANG,3,2023,9910.0,9910.0,9910.0,0.0,historis
KABUPATEN SUMEDANG,3,2023,9910.0,9910.0,9910.0,0.0,historis
KABUPATEN SUMEDANG,3,2024,9923.0,9910.0,9910.0,0.0,historis
KABUPATEN SUMEDANG,3,2024,9923.0,9923.0,9910.0,0.0013118062563067608,historis
KABUPATEN SUMEDANG,3,2024,9923.0,9923.0,9923.0,0.0,historis
KABUPATEN SUMEDANG,3,2024,9923.0,9923.0,9923.0,0.0,historis
KABUPATEN SUMEDANG,3,2024,9923.0,9923.0,9923.0,0.0,historis
KABUPATEN SUMEDANG,3,2024,9923.0,9923.0,9923.0,0.0,historis
KABUPATEN SUMEDANG,3,2024,9923.0,9923.0,9923.0,0.0,historis
KABUPATEN SUMEDANG,3,2024,9923.0,9923.0,9923.0,0.0,historis
KABUPATEN SUMEDANG,3,2024,9923.0,9923.0,9923.0,0.0,historis
KABUPATEN SUMEDANG,3,2024,9923.0,9923.0,9923.0,0.0,historis
KABUPATEN SUMEDANG,3,2024,9923.0,9923.0,9923.0,0.0,historis
KABUPATEN SUMEDANG,3,2024,9923.0,9923.0,9923.0,0.0,historis
KABUPATEN SUMEDANG,3,2024,9923.0,9923.0,9923.0,0.0,historis
KABUPATEN SUMEDANG,3,2024,9923.0,9923.0,9923.0,0.0,historis
KABUPATEN SUMEDANG,3,2024,9923.0,9923.0,9923.0,0.0,historis
KABUPATEN SUMEDANG,3,2024,9923.0,9923.0,9923.0,0.0,historis
KABUPATEN SUMEDANG,3,2024,9923.0,9923.0,9923.0,0.0,historis
KABUPATEN SUMEDANG,3,2024,9923.0,9923.0,9923.0,0.0,historis
KABUPATEN SUMEDANG,3,2024,9923.0,9923.0,9923.0,0.0,historis
KABUPATEN SUMEDANG,3,2026,9806.0,9923.0,9923.0,0.0,prediksi
KABUPATEN SUMEDANG,3,2027,9806.0,9806.0,9923.0,-0.0118,prediksi
KABUPATEN SUMEDANG,3,2028,9806.0,9806.0,9806.0,0.0,prediksi
KABUPATEN SUMEDANG,3,2029,9806.0,9806.0,9806.0,0.0,prediksi
KABUPATEN SUMEDANG,3,2030,9806.0,9806.0,9806.0,0.0,prediksi
KABUPATEN TASIKMALAYA,0,2021,21384.0,0.0,0.0,0.0,historis
KABUPATEN TASIKMALAYA,0,2021,21384.0,21384.0,0.0,0.0,historis
KABUPATEN TASIKMALAYA,0,2021,21384.0,21384.0,21384.0,0.0,historis
KABUPATEN TASIKMALAYA,0,2021,21384.0,21384.0,21384.0,0.0,historis
KABUPATEN TASIKMALAYA,0,2021,21384.0,21384.0,21384.0,0.0,historis
KABUPATEN TASIKMALAYA,0,2021,21384.0,21384.0,21384.0,0.0,historis
KABUPATEN TASIKMALAYA,0,2021,21384.0,21384.0,21384.0,0.0,historis
KABUPATEN TASIKMALAYA,0,2021,21384.0,21384.0,21384.0,0.0,historis
KABUPATEN TASIKMALAYA,0,2022,23041.0,21384.0,21384.0,0.0,historis
KABUPATEN TASIKMALAYA,0,2022,23041.0,23041.0,21384.0,0.07748784137673026,historis
KABUPATEN TASIKMALAYA,0,2022,23041.0,23041.0,23041.0,0.0,historis
KABUPATEN TASIKMALAYA,0,2022,23041.0,23041.0,23041.0,0.0,historis
KABUPATEN TASIKMALAYA,0,2022,23041.0,23041.0,23041.0,0.0,historis
KABUPATEN TASIKMALAYA,0,2022,23041.0,23041.0,23041.0,0.0,historis
KABUPATEN TASIKMALAYA,0,2022,23041.0,23041.0,23041.0,0.0,historis
KABUPATEN TASIKMALAYA,0,2022,23041.0,23041.0,23041.0,0.0,historis
KABUPATEN TASIKMALAYA,0,2022,23041.0,23041.0,23041.0,0.0,historis
KABUPATEN TASIKMALAYA,0,2022,23041.0,23041.0,23041.0,0.0,historis
KABUPATEN TASIKMALAYA,0,2022,23041.0,23041.0,23041.0,0.0,historis
KABUPATEN TASIKMALAYA,0,2022,23041.0,23041.0,23041.0,0.0,historis
KABUPATEN TASIKMALAYA,0,2022,23041.0,23041.0,23041.0,0.0,historis
KABUPATEN TASIKMALAYA,0,2022,23041.0,23041.0,23041.0,0.0,historis
KABUPATEN TASIKMALAYA,0,2022,23041.0,23041.0,23041.0,0.0,historis
KABUPATEN TASIKMALAYA,0,2022,23041.0,23041.0,23041.0,0.0,historis
KABUPATEN TASIKMALAYA,0,2022,23041.0,23041.0,23041.0,0.0,historis
KABUPATEN TASIKMALAYA,0,2022,23041.0,23041.0,23041.0,0.0,historis
KABUPATEN TASIKMALAYA,0,2023,24100.0,23041.0,23041.0,0.0,historis
KABUPATEN TASIKMALAYA,0,2023,24100.0,24100.0,23041.0,0.04596154680786424,historis
KABUPATEN TASIKMALAYA,0,2023,24100.0,24100.0,24100.0,0.0,historis
KABUPATEN TASIKMALAYA,0,2023,24100.0,24100.0,24100.0,0.0,historis
KABUPATEN TASIKMALAYA,0,2023,24100.0,24100.0,24100.0,0.0,historis
KABUPATEN TASIKMALAYA,0,2023,24100.0,24100.0,24100.0,0.0,historis
KABUPATEN TASIKMALAYA,0,2023,24100.0,24100.0,24100.0,0.0,historis
KABUPATEN TASIKMALAYA,0,2023,24100.0,24100.0,24100.0,0.0,historis
KABUPATEN TASIKMALAYA,0,2023,24100.0,24100.0,24100.0,0.0,historis
KABUPATEN TASIKMALAYA,0,2023,24100.0,24100.0,24100.0,0.0,historis
KABUPATEN TASIKMALAYA,0,2023,24100.0,24100.0,24100.0,0.0,historis
KABUPATEN TASIKMALAYA,0,2024,24984.0,24100.0,24100.0,0.0,historis
KABUPATEN TASIKMALAYA,0,2024,24984.0,24984.0,24100.0,0.0366804979253112,historis
KABUPATEN TASIKMALAYA,0,2024,24984.0,24984.0,24984.0,0.0,historis
KABUPATEN TASIKMALAYA,0,2024,24984.0,24984.0,24984.0,0.0,historis
KABUPATEN TASIKMALAYA,0,2024,24984.0,24984.0,24984.0,0.0,historis
KABUPATEN TASIKMALAYA,0,2024,24984.0,24984.0,24984.0,0.0,historis
KABUPATEN TASIKMALAYA,0,2024,24984.0,24984.0,24984.0,0.0,historis
KABUPATEN TASIKMALAYA,0,2024,24984.0,24984.0,24984.0,0.0,historis
KABUPATEN TASIKMALAYA,0,2024,24984.0,24984.0,24984.0,0.0,historis
KABUPATEN TASIKMALAYA,0,2026,25155.0,24984.0,24984.0,0.0,prediksi
KABUPATEN TASIKMALAYA,0,2027,25155.0,25155.0,24984.0,0.0068,prediksi
KABUPATEN TASIKMALAYA,0,2028,25155.0,25155.0,25155.0,0.0,prediksi
KABUPATEN TASIKMALAYA,0,2029,25155.0,25155.0,25155.0,0.0,prediksi
KABUPATEN TASIKMALAYA,0,2030,25155.0,25155.0,25155.0,0.0,prediksi
KABUPATEN TASIKMALAYA,1,2021,282206.0,0.0,0.0,0.0,historis
KABUPATEN TASIKMALAYA,1,2021,282206.0,282206.0,0.0,0.0,historis
KABUPATEN TASIKMALAYA,1,2021,282206.0,282206.0,282206.0,0.0,historis
KABUPATEN TASIKMALAYA,1,2021,282206.0,282206.0,282206.0,0.0,historis
KABUPATEN TASIKMALAYA,1,2021,282206.0,282206.0,282206.0,0.0,historis
KABUPATEN TASIKMALAYA,1,2021,282206.0,282206.0,282206.0,0.0,historis
KABUPATEN TASIKMALAYA,1,2021,282206.0,282206.0,282206.0,0.0,historis
KABUPATEN TASIKMALAYA,1,2021,282206.0,282206.0,282206.0,0.0,historis
KABUPATEN TASIKMALAYA,1,2022,286980.0,282206.0,282206.0,0.0,historis
KABUPATEN TASIKMALAYA,1,2022,286980.0,286980.0,282206.0,0.016916720409913325,historis
KABUPATEN TASIKMALAYA,1,2022,286980.0,286980.0,286980.0,0.0,historis
KABUPATEN TASIKMALAYA,1,2022,286980.0,286980.0,286980.0,0.0,historis
KABUPATEN TASIKMALAYA,1,2022,286980.0,286980.0,286980.0,0.0,historis
KABUPATEN TASIKMALAYA,1,2022,286980.0,286980.0,286980.0,0.0,historis
KABUPATEN TASIKMALAYA,1,2022,286980.0,286980.0,286980.0,0.0,historis
KABUPATEN TASIKMALAYA,1,2022,286980.0,286980.0,286980.0,0.0,historis
KABUPATEN TASIKMALAYA,1,2022,286980.0,286980.0,286980.0,0.0,historis
KABUPATEN TASIKMALAYA,1,2022,286980.0,286980.0,286980.0,0.0,historis
KABUPATEN TASIKMALAYA,1,2022,286980.0,286980.0,286980.0,0.0,historis
KABUPATEN TASIKMALAYA,1,2022,286980.0,286980.0,286980.0,0.0,historis
KABUPATEN TASIKMALAYA,1,2022,286980.0,286980.0,286980.0,0.0,historis
KABUPATEN TASIKMALAYA,1,2022,286980.0,286980.0,286980.0,0.0,historis
KABUPATEN TASIKMALAYA,1,2022,286980.0,286980.0,286980.0,0.0,historis
KABUPATEN TASIKMALAYA,1,2022,286980.0,286980.0,286980.0,0.0,historis
KABUPATEN TASIKMALAYA,1,2022,286980.0,286980.0,286980.0,0.0,historis
KABUPATEN TASIKMALAYA,1,2022,286980.0,286980.0,286980.0,0.0,historis
KABUPATEN TASIKMALAYA,1,2023,294016.0,286980.0,286980.0,0.0,historis
KABUPATEN TASIKMALAYA,1,2023,294016.0,294016.0,286980.0,0.024517387971287198,historis
KABUPATEN TASIKMALAYA,1,2023,294016.0,294016.0,294016.0,0.0,historis
KABUPATEN TASIKMALAYA,1,2023,294016.0,294016.0,294016.0,0.0,historis
KABUPATEN TASIKMALAYA,1,2023,294016.0,294016.0,294016.0,0.0,historis
KABUPATEN TASIKMALAYA,1,2023,294016.0,294016.0,294016.0,0.0,historis
KABUPATEN TASIKMALAYA,1,2023,294016.0,294016.0,294016.0,0.0,historis
KABUPATEN TASIKMALAYA,1,2023,294016.0,294016.0,294016.0,0.0,historis
KABUPATEN TASIKMALAYA,1,2023,294016.0,294016.0,294016.0,0.0,historis
KABUPATEN TASIKMALAYA,1,2023,294016.0,294016.0,294016.0,0.0,historis
KABUPATEN TASIKMALAYA,1,2023,294016.0,294016.0,294016.0,0.0,historis
KABUPATEN TASIKMALAYA,1,2024,299419.0,294016.0,294016.0,0.0,historis
KABUPATEN TASIKMALAYA,1,2024,299419.0,299419.0,294016.0,0.01837655093600348,historis
KABUPATEN TASIKMALAYA,1,2024,299419.0,299419.0,299419.0,0.0,historis
KABUPATEN TASIKMALAYA,1,2024,299419.0,299419.0,299419.0,0.0,historis
KABUPATEN TASIKMALAYA,1,2024,299419.0,299419.0,299419.0,0.0,historis
KABUPATEN TASIKMALAYA,1,2024,299419.0,299419.0,299419.0,0.0,historis
KABUPATEN TASIKMALAYA,1,2024,299419.0,299419.0,299419.0,0.0,historis
KABUPATEN TASIKMALAYA,1,2024,299419.0,299419.0,299419.0,0.0,historis
KABUPATEN TASIKMALAYA,1,2024,299419.0,299419.0,299419.0,0.0,historis
KABUPATEN TASIKMALAYA,1,2026,299419.0,299419.0,299419.0,0.0,prediksi
KABUPATEN TASIKMALAYA,1,2027,299419.0,299419.0,299419.0,0.0,prediksi
KABUPATEN TASIKMALAYA,1,2028,299419.0,299419.0,299419.0,0.0,prediksi
KABUPATEN TASIKMALAYA,1,2029,299419.0,299419.0,299419.0,0.0,prediksi
KABUPATEN TASIKMALAYA,1,2030,299419.0,299419.0,299419.0,0.0,prediksi
KABUPATEN TASIKMALAYA,2,2021,639.0,0.0,0.0,0.0,historis
KABUPATEN TASIKMALAYA,2,2021,639.0,639.0,0.0,0.0,historis
KABUPATEN TASIKMALAYA,2,2021,639.0,639.0,639.0,0.0,historis
KABUPATEN TASIKMALAYA,2,2021,639.0,639.0,639.0,0.0,historis
KABUPATEN TASIKMALAYA,2,2021,639.0,639.0,639.0,0.0,historis
KABUPATEN TASIKMALAYA,2,2021,639.0,639.0,639.0,0.0,historis
KABUPATEN TASIKMALAYA,2,2021,639.0,639.0,639.0,0.0,historis
KABUPATEN TASIKMALAYA,2,2021,639.0,639.0,639.0,0.0,historis
KABUPATEN TASIKMALAYA,2,2022,636.0,639.0,639.0,0.0,historis
KABUPATEN TASIKMALAYA,2,2022,636.0,636.0,639.0,-0.004694835680751174,historis
KABUPATEN TASIKMALAYA,2,2022,636.0,636.0,636.0,0.0,historis
KABUPATEN TASIKMALAYA,2,2022,636.0,636.0,636.0,0.0,historis
KABUPATEN TASIKMALAYA,2,2022,636.0,636.0,636.0,0.0,historis
KABUPATEN TASIKMALAYA,2,2022,636.0,636.0,636.0,0.0,historis
KABUPATEN TASIKMALAYA,2,2022,636.0,636.0,636.0,0.0,historis
KABUPATEN TASIKMALAYA,2,2022,636.0,636.0,636.0,0.0,historis
KABUPATEN TASIKMALAYA,2,2022,636.0,636.0,636.0,0.0,historis
KABUPATEN TASIKMALAYA,2,2022,636.0,636.0,636.0,0.0,historis
KABUPATEN TASIKMALAYA,2,2022,636.0,636.0,636.0,0.0,historis
KABUPATEN TASIKMALAYA,2,2022,636.0,636.0,636.0,0.0,historis
KABUPATEN TASIKMALAYA,2,2022,636.0,636.0,636.0,0.0,historis
KABUPATEN TASIKMALAYA,2,2022,636.0,636.0,636.0,0.0,historis
KABUPATEN TASIKMALAYA,2,2022,636.0,636.0,636.0,0.0,historis
KABUPATEN TASIKMALAYA,2,2022,636.0,636.0,636.0,0.0,historis
KABUPATEN TASIKMALAYA,2,2022,636.0,636.0,636.0,0.0,historis
KABUPATEN TASIKMALAYA,2,2022,636.0,636.0,636.0,0.0,historis
KABUPATEN TASIKMALAYA,2,2023,649.0,636.0,636.0,0.0,historis
KABUPATEN TASIKMALAYA,2,2023,649.0,649.0,636.0,0.020440251572327043,historis
KABUPATEN TASIKMALAYA,2,2023,649.0,649.0,649.0,0.0,historis
KABUPATEN TASIKMALAYA,2,2023,649.0,649.0,649.0,0.0,historis
KABUPATEN TASIKMALAYA,2,2023,649.0,649.0,649.0,0.0,historis
KABUPATEN TASIKMALAYA,2,2023,649.0,649.0,649.0,0.0,historis
KABUPATEN TASIKMALAYA,2,2023,649.0,649.0,649.0,0.0,historis
KABUPATEN TASIKMALAYA,2,2023,649.0,649.0,649.0,0.0,historis
KABUPATEN TASIKMALAYA,2,2023,649.0,649.0,649.0,0.0,historis
KABUPATEN TASIKMALAYA,2,2023,649.0,649.0,649.0,0.0,historis
KABUPATEN TASIKMALAYA,2,2023,649.0,649.0,649.0,0.0,historis
KABUPATEN TASIKMALAYA,2,2024,653.0,649.0,649.0,0.0,historis
KABUPATEN TASIKMALAYA,2,2024,653.0,653.0,649.0,0.0061633281972265025,historis
KABUPATEN TASIKMALAYA,2,2024,653.0,653.0,653.0,0.0,historis
KABUPATEN TASIKMALAYA,2,2024,653.0,653.0,653.0,0.0,historis
KABUPATEN TASIKMALAYA,2,2024,653.0,653.0,653.0,0.0,historis
KABUPATEN TASIKMALAYA,2,2024,653.0,653.0,653.0,0.0,historis
KABUPATEN TASIKMALAYA,2,2024,653.0,653.0,653.0,0.0,historis
KABUPATEN TASIKMALAYA,2,2024,653.0,653.0,653.0,0.0,historis
KABUPATEN TASIKMALAYA,2,2024,653.0,653.0,653.0,0.0,historis
KABUPATEN TASIKMALAYA,2,2026,657.0,653.0,653.0,0.0,prediksi
KABUPATEN TASIKMALAYA,2,2027,657.0,657.0,653.0,0.0067,prediksi
KABUPATEN TASIKMALAYA,2,2028,657.0,657.0,657.0,0.0,prediksi
KABUPATEN TASIKMALAYA,2,2029,657.0,657.0,657.0,0.0,prediksi
KABUPATEN TASIKMALAYA,2,2030,657.0,657.0,657.0,0.0,prediksi
KABUPATEN TASIKMALAYA,3,2021,11154.0,0.0,0.0,0.0,historis
KABUPATEN TASIKMALAYA,3,2021,11154.0,11154.0,0.0,0.0,historis
KABUPATEN TASIKMALAYA,3,2021,11154.0,11154.0,11154.0,0.0,historis
KABUPATEN TASIKMALAYA,3,2021,11154.0,11154.0,11154.0,0.0,historis
KABUPATEN TASIKMALAYA,3,2021,11154.0,11154.0,11154.0,0.0,historis
KABUPATEN TASIKMALAYA,3,2021,11154.0,11154.0,11154.0,0.0,historis
KABUPATEN TASIKMALAYA,3,2021,11154.0,11154.0,11154.0,0.0,historis
KABUPATEN TASIKMALAYA,3,2021,11154.0,11154.0,11154.0,0.0,historis
KABUPATEN TASIKMALAYA,3,2022,11416.0,11154.0,11154.0,0.0,historis
KABUPATEN TASIKMALAYA,3,2022,11416.0,11416.0,11154.0,0.023489331181638873,historis
KABUPATEN TASIKMALAYA,3,2022,11416.0,11416.0,11416.0,0.0,historis
KABUPATEN TASIKMALAYA,3,2022,11416.0,11416.0,11416.0,0.0,historis
KABUPATEN TASIKMALAYA,3,2022,11416.0,11416.0,11416.0,0.0,historis
KABUPATEN TASIKMALAYA,3,2022,11416.0,11416.0,11416.0,0.0,historis
KABUPATEN TASIKMALAYA,3,2022,11416.0,11416.0,11416.0,0.0,historis
KABUPATEN TASIKMALAYA,3,2022,11416.0,11416.0,11416.0,0.0,historis
KABUPATEN TASIKMALAYA,3,2022,11416.0,11416.0,11416.0,0.0,historis
KABUPATEN TASIKMALAYA,3,2022,11416.0,11416.0,11416.0,0.0,historis
KABUPATEN TASIKMALAYA,3,2022,11416.0,11416.0,11416.0,0.0,historis
KABUPATEN TASIKMALAYA,3,2022,11416.0,11416.0,11416.0,0.0,historis
KABUPATEN TASIKMALAYA,3,2022,11416.0,11416.0,11416.0,0.0,historis
KABUPATEN TASIKMALAYA,3,2022,11416.0,11416.0,11416.0,0.0,historis
KABUPATEN TASIKMALAYA,3,2022,11416.0,11416.0,11416.0,0.0,historis
KABUPATEN TASIKMALAYA,3,2022,11416.0,11416.0,11416.0,0.0,historis
KABUPATEN TASIKMALAYA,3,2022,11416.0,11416.0,11416.0,0.0,historis
KABUPATEN TASIKMALAYA,3,2022,11416.0,11416.0,11416.0,0.0,historis
KABUPATEN TASIKMALAYA,3,2023,11336.0,11416.0,11416.0,0.0,historis
KABUPATEN TASIKMALAYA,3,2023,11336.0,11336.0,11416.0,-0.00700770847932726,historis
KABUPATEN TASIKMALAYA,3,2023,11336.0,11336.0,11336.0,0.0,historis
KABUPATEN TASIKMALAYA,3,2023,11336.0,11336.0,11336.0,0.0,historis
KABUPATEN TASIKMALAYA,3,2023,11336.0,11336.0,11336.0,0.0,historis
KABUPATEN TASIKMALAYA,3,2023,11336.0,11336.0,11336.0,0.0,historis
KABUPATEN TASIKMALAYA,3,2023,11336.0,11336.0,11336.0,0.0,historis
KABUPATEN TASIKMALAYA,3,2023,11336.0,11336.0,11336.0,0.0,historis
KABUPATEN TASIKMALAYA,3,2023,11336.0,11336.0,11336.0,0.0,historis
KABUPATEN TASIKMALAYA,3,2023,11336.0,11336.0,11336.0,0.0,historis
KABUPATEN TASIKMALAYA,3,2023,11336.0,11336.0,11336.0,0.0,historis
KABUPATEN TASIKMALAYA,3,2024,11203.0,11336.0,11336.0,0.0,historis
KABUPATEN TASIKMALAYA,3,2024,11203.0,11203.0,11336.0,-0.011732533521524348,historis
KABUPATEN TASIKMALAYA,3,2024,11203.0,11203.0,11203.0,0.0,historis
KABUPATEN TASIKMALAYA,3,2024,11203.0,11203.0,11203.0,0.0,historis
KABUPATEN TASIKMALAYA,3,2024,11203.0,11203.0,11203.0,0.0,historis
KABUPATEN TASIKMALAYA,3,2024,11203.0,11203.0,11203.0,0.0,historis
KABUPATEN TASIKMALAYA,3,2024,11203.0,11203.0,11203.0,0.0,historis
KABUPATEN TASIKMALAYA,3,2024,11203.0,11203.0,11203.0,0.0,historis
KABUPATEN TASIKMALAYA,3,2024,11203.0,11203.0,11203.0,0.0,historis
KABUPATEN TASIKMALAYA,3,2026,11233.0,11203.0,11203.0,0.0,prediksi
KABUPATEN TASIKMALAYA,3,2027,11233.0,11233.0,11203.0,0.0027,prediksi
KABUPATEN TASIKMALAYA,3,2028,11233.0,11233.0,11233.0,0.0,prediksi
KABUPATEN TASIKMALAYA,3,2029,11233.0,11233.0,11233.0,0.0,prediksi
KABUPATEN TASIKMALAYA,3,2030,11233.0,11233.0,11233.0,0.0,prediksi
KOTA BANDUNG,0,2016,0.0,0.0,0.0,0.0,historis
KOTA BANDUNG,0,2017,0.0,0.0,0.0,0.0,historis
KOTA BANDUNG,0,2018,402649.0,0.0,0.0,0.0,historis
KOTA BANDUNG,0,2019,407672.0,402649.0,0.0,0.0,historis
KOTA BANDUNG,0,2020,368410.0,407672.0,402649.0,0.012474885073600084,historis
KOTA BANDUNG,0,2021,368406.0,368410.0,407672.0,-0.09630781608744285,historis
KOTA BANDUNG,0,2021,368406.0,368406.0,368410.0,-1.0857468581200293e-05,historis
KOTA BANDUNG,0,2021,368406.0,368406.0,368406.0,0.0,historis
KOTA BANDUNG,0,2021,368406.0,368406.0,368406.0,0.0,historis
KOTA BANDUNG,0,2021,368406.0,368406.0,368406.0,0.0,historis
KOTA BANDUNG,0,2021,368406.0,368406.0,368406.0,0.0,historis
KOTA BANDUNG,0,2021,368406.0,368406.0,368406.0,0.0,historis
KOTA BANDUNG,0,2021,368406.0,368406.0,368406.0,0.0,historis
KOTA BANDUNG,0,2021,368406.0,368406.0,368406.0,0.0,historis
KOTA BANDUNG,0,2022,372806.0,368406.0,368406.0,0.0,historis
KOTA BANDUNG,0,2022,372806.0,372806.0,368406.0,0.01194334511381465,historis
KOTA BANDUNG,0,2022,372806.0,372806.0,372806.0,0.0,historis
KOTA BANDUNG,0,2022,372806.0,372806.0,372806.0,0.0,historis
KOTA BANDUNG,0,2022,372806.0,372806.0,372806.0,0.0,historis
KOTA BANDUNG,0,2022,372806.0,372806.0,372806.0,0.0,historis
KOTA BANDUNG,0,2022,372806.0,372806.0,372806.0,0.0,historis
KOTA BANDUNG,0,2022,372806.0,372806.0,372806.0,0.0,historis
KOTA BANDUNG,0,2022,372806.0,372806.0,372806.0,0.0,historis
KOTA BANDUNG,0,2022,372806.0,372806.0,372806.0,0.0,historis
KOTA BANDUNG,0,2023,378111.0,372806.0,372806.0,0.0,historis
KOTA BANDUNG,0,2023,378111.0,378111.0,372806.0,0.014229921192255489,historis
KOTA BANDUNG,0,2023,378111.0,378111.0,378111.0,0.0,historis
KOTA BANDUNG,0,2023,378111.0,378111.0,378111.0,0.0,historis
KOTA BANDUNG,0,2023,378111.0,378111.0,378111.0,0.0,historis
KOTA BANDUNG,0,2023,378111.0,378111.0,378111.0,0.0,historis
KOTA BANDUNG,0,2023,378111.0,378111.0,378111.0,0.0,historis
KOTA BANDUNG,0,2023,378111.0,378111.0,378111.0,0.0,historis
KOTA BANDUNG,0,2023,378111.0,378111.0,378111.0,0.0,historis
KOTA BANDUNG,0,2023,378111.0,378111.0,378111.0,0.0,historis
KOTA BANDUNG,0,2023,378111.0,378111.0,378111.0,0.0,historis
KOTA BANDUNG,0,2023,378111.0,378111.0,378111.0,0.0,historis
KOTA BANDUNG,0,2024,373871.0,378111.0,378111.0,0.0,historis
KOTA BANDUNG,0,2024,373871.0,373871.0,378111.0,-0.011213638323137914,historis
KOTA BANDUNG,0,2024,373871.0,373871.0,373871.0,0.0,historis
KOTA BANDUNG,0,2024,373871.0,373871.0,373871.0,0.0,historis
KOTA BANDUNG,0,2025,374341.0,373871.0,373871.0,0.0,historis
KOTA BANDUNG,0,2026,373447.0,374341.0,373871.0,0.0013,prediksi
KOTA BANDUNG,0,2027,373447.0,373447.0,374341.0,-0.0024,prediksi
KOTA BANDUNG,0,2028,373447.0,373447.0,373447.0,0.0,prediksi
KOTA BANDUNG,0,2029,373447.0,373447.0,373447.0,0.0,prediksi
KOTA BANDUNG,0,2030,373447.0,373447.0,373447.0,0.0,prediksi
KOTA BANDUNG,1,2016,0.0,0.0,0.0,0.0,historis
KOTA BANDUNG,1,2017,0.0,0.0,0.0,0.0,historis
KOTA BANDUNG,1,2018,1256057.0,0.0,0.0,0.0,historis
KOTA BANDUNG,1,2019,1260127.0,1256057.0,0.0,0.0,historis
KOTA BANDUNG,1,2020,1128080.0,1260127.0,1256057.0,0.0032402988080954924,historis
KOTA BANDUNG,1,2021,1112336.0,1128080.0,1260127.0,-0.10478864431918371,historis
KOTA BANDUNG,1,2021,1112336.0,1112336.0,1128080.0,-0.013956456988866038,historis
KOTA BANDUNG,1,2021,1112336.0,1112336.0,1112336.0,0.0,historis
KOTA BANDUNG,1,2021,1112336.0,1112336.0,1112336.0,0.0,historis
KOTA BANDUNG,1,2021,1112336.0,1112336.0,1112336.0,0.0,historis
KOTA BANDUNG,1,2021,1112336.0,1112336.0,1112336.0,0.0,historis
KOTA BANDUNG,1,2021,1112336.0,1112336.0,1112336.0,0.0,historis
KOTA BANDUNG,1,2021,1112336.0,1112336.0,1112336.0,0.0,historis
KOTA BANDUNG,1,2021,1112336.0,1112336.0,1112336.0,0.0,historis
KOTA BANDUNG,1,2022,1107464.0,1112336.0,1112336.0,0.0,historis
KOTA BANDUNG,1,2022,1107464.0,1107464.0,1112336.0,-0.004379971519397017,historis
KOTA BANDUNG,1,2022,1107464.0,1107464.0,1107464.0,0.0,historis
KOTA BANDUNG,1,2022,1107464.0,1107464.0,1107464.0,0.0,historis
KOTA BANDUNG,1,2022,1107464.0,1107464.0,1107464.0,0.0,historis
KOTA BANDUNG,1,2022,1107464.0,1107464.0,1107464.0,0.0,historis
KOTA BANDUNG,1,2022,1107464.0,1107464.0,1107464.0,0.0,historis
KOTA BANDUNG,1,2022,1107464.0,1107464.0,1107464.0,0.0,historis
KOTA BANDUNG,1,2022,1107464.0,1107464.0,1107464.0,0.0,historis
KOTA BANDUNG,1,2022,1107464.0,1107464.0,1107464.0,0.0,historis
KOTA BANDUNG,1,2023,1113142.0,1107464.0,1107464.0,0.0,historis
KOTA BANDUNG,1,2023,1113142.0,1113142.0,1107464.0,0.005127028959857838,historis
KOTA BANDUNG,1,2023,1113142.0,1113142.0,1113142.0,0.0,historis
KOTA BANDUNG,1,2023,1113142.0,1113142.0,1113142.0,0.0,historis
KOTA BANDUNG,1,2023,1113142.0,1113142.0,1113142.0,0.0,historis
KOTA BANDUNG,1,2023,1113142.0,1113142.0,1113142.0,0.0,historis
KOTA BANDUNG,1,2023,1113142.0,1113142.0,1113142.0,0.0,historis
KOTA BANDUNG,1,2023,1113142.0,1113142.0,1113142.0,0.0,historis
KOTA BANDUNG,1,2023,1113142.0,1113142.0,1113142.0,0.0,historis
KOTA BANDUNG,1,2023,1113142.0,1113142.0,1113142.0,0.0,historis
KOTA BANDUNG,1,2023,1113142.0,1113142.0,1113142.0,0.0,historis
KOTA BANDUNG,1,2023,1113142.0,1113142.0,1113142.0,0.0,historis
KOTA BANDUNG,1,2024,1099590.0,1113142.0,1113142.0,0.0,historis
KOTA BANDUNG,1,2024,1099590.0,1099590.0,1113142.0,-0.012174547362331131,historis
KOTA BANDUNG,1,2024,1099590.0,1099590.0,1099590.0,0.0,historis
KOTA BANDUNG,1,2024,1099590.0,1099590.0,1099590.0,0.0,historis
KOTA BANDUNG,1,2025,1083002.0,1099590.0,1099590.0,0.0,historis
KOTA BANDUNG,1,2026,1083002.0,1083002.0,1099590.0,-0.0151,prediksi
KOTA BANDUNG,1,2027,1083002.0,1083002.0,1083002.0,0.0,prediksi
KOTA BANDUNG,1,2028,1083002.0,1083002.0,1083002.0,0.0,prediksi
KOTA BANDUNG,1,2029,1083002.0,1083002.0,1083002.0,0.0,prediksi
KOTA BANDUNG,1,2030,1083002.0,1083002.0,1083002.0,0.0,prediksi
KOTA BANDUNG,2,2016,0.0,0.0,0.0,0.0,historis
KOTA BANDUNG,2,2017,0.0,0.0,0.0,0.0,historis
KOTA BANDUNG,2,2018,6390.0,0.0,0.0,0.0,historis
KOTA BANDUNG,2,2019,6381.0,6390.0,0.0,0.0,historis
KOTA BANDUNG,2,2020,4657.0,6381.0,6390.0,-0.0014084507042253522,historis
KOTA BANDUNG,2,2021,5654.0,4657.0,6381.0,-0.27017708823068487,historis
KOTA BANDUNG,2,2021,5654.0,5654.0,4657.0,0.21408632166630878,historis
KOTA BANDUNG,2,2021,5654.0,5654.0,5654.0,0.0,historis
KOTA BANDUNG,2,2021,5654.0,5654.0,5654.0,0.0,historis
KOTA BANDUNG,2,2021,5654.0,5654.0,5654.0,0.0,historis
KOTA BANDUNG,2,2021,5654.0,5654.0,5654.0,0.0,historis
KOTA BANDUNG,2,2021,5654.0,5654.0,5654.0,0.0,historis
KOTA BANDUNG,2,2021,5654.0,5654.0,5654.0,0.0,historis
KOTA BANDUNG,2,2021,5654.0,5654.0,5654.0,0.0,historis
KOTA BANDUNG,2,2022,5512.0,5654.0,5654.0,0.0,historis
KOTA BANDUNG,2,2022,5512.0,5512.0,5654.0,-0.025114962858153518,historis
KOTA BANDUNG,2,2022,5512.0,5512.0,5512.0,0.0,historis
KOTA BANDUNG,2,2022,5512.0,5512.0,5512.0,0.0,historis
KOTA BANDUNG,2,2022,5512.0,5512.0,5512.0,0.0,historis
KOTA BANDUNG,2,2022,5512.0,5512.0,5512.0,0.0,historis
KOTA BANDUNG,2,2022,5512.0,5512.0,5512.0,0.0,historis
KOTA BANDUNG,2,2022,5512.0,5512.0,5512.0,0.0,historis
KOTA BANDUNG,2,2022,5512.0,5512.0,5512.0,0.0,historis
KOTA BANDUNG,2,2022,5512.0,5512.0,5512.0,0.0,historis
KOTA BANDUNG,2,2023,5688.0,5512.0,5512.0,0.0,historis
KOTA BANDUNG,2,2023,5688.0,5688.0,5512.0,0.03193033381712627,historis
KOTA BANDUNG,2,2023,5688.0,5688.0,5688.0,0.0,historis
KOTA BANDUNG,2,2023,5688.0,5688.0,5688.0,0.0,historis
KOTA BANDUNG,2,2023,5688.0,5688.0,5688.0,0.0,historis
KOTA BANDUNG,2,2023,5688.0,5688.0,5688.0,0.0,historis
KOTA BANDUNG,2,2023,5688.0,5688.0,5688.0,0.0,historis
KOTA BANDUNG,2,2023,5688.0,5688.0,5688.0,0.0,historis
KOTA BANDUNG,2,2023,5688.0,5688.0,5688.0,0.0,historis
KOTA BANDUNG,2,2023,5688.0,5688.0,5688.0,0.0,historis
KOTA BANDUNG,2,2023,5688.0,5688.0,5688.0,0.0,historis
KOTA BANDUNG,2,2023,5688.0,5688.0,5688.0,0.0,historis
KOTA BANDUNG,2,2024,5918.0,5688.0,5688.0,0.0,historis
KOTA BANDUNG,2,2024,5918.0,5918.0,5688.0,0.04043600562587905,historis
KOTA BANDUNG,2,2024,5918.0,5918.0,5918.0,0.0,historis
KOTA BANDUNG,2,2024,5918.0,5918.0,5918.0,0.0,historis
KOTA BANDUNG,2,2025,6051.0,5918.0,5918.0,0.0,historis
KOTA BANDUNG,2,2026,5951.0,6051.0,5918.0,0.0225,prediksi
KOTA BANDUNG,2,2027,5951.0,5951.0,6051.0,-0.0165,prediksi
KOTA BANDUNG,2,2028,5951.0,5951.0,5951.0,0.0,prediksi
KOTA BANDUNG,2,2029,5951.0,5951.0,5951.0,0.0,prediksi
KOTA BANDUNG,2,2030,5951.0,5951.0,5951.0,0.0,prediksi
KOTA BANDUNG,3,2016,0.0,0.0,0.0,0.0,historis
KOTA BANDUNG,3,2017,0.0,0.0,0.0,0.0,historis
KOTA BANDUNG,3,2018,73569.0,0.0,0.0,0.0,historis
KOTA BANDUNG,3,2019,73068.0,73569.0,0.0,0.0,historis
KOTA BANDUNG,3,2020,66448.0,73068.0,73569.0,-0.006809933531786486,historis
KOTA BANDUNG,3,2021,66345.0,66448.0,73068.0,-0.09060053648656047,historis
KOTA BANDUNG,3,2021,66345.0,66345.0,66448.0,-0.0015500842764266795,historis
KOTA BANDUNG,3,2021,66345.0,66345.0,66345.0,0.0,historis
KOTA BANDUNG,3,2021,66345.0,66345.0,66345.0,0.0,historis
KOTA BANDUNG,3,2021,66345.0,66345.0,66345.0,0.0,historis
KOTA BANDUNG,3,2021,66345.0,66345.0,66345.0,0.0,historis
KOTA BANDUNG,3,2021,66345.0,66345.0,66345.0,0.0,historis
KOTA BANDUNG,3,2021,66345.0,66345.0,66345.0,0.0,historis
KOTA BANDUNG,3,2021,66345.0,66345.0,66345.0,0.0,historis
KOTA BANDUNG,3,2022,65987.0,66345.0,66345.0,0.0,historis
KOTA BANDUNG,3,2022,65987.0,65987.0,66345.0,-0.005396035873087648,historis
KOTA BANDUNG,3,2022,65987.0,65987.0,65987.0,0.0,historis
KOTA BANDUNG,3,2022,65987.0,65987.0,65987.0,0.0,historis
KOTA BANDUNG,3,2022,65987.0,65987.0,65987.0,0.0,historis
KOTA BANDUNG,3,2022,65987.0,65987.0,65987.0,0.0,historis
KOTA BANDUNG,3,2022,65987.0,65987.0,65987.0,0.0,historis
KOTA BANDUNG,3,2022,65987.0,65987.0,65987.0,0.0,historis
KOTA BANDUNG,3,2022,65987.0,65987.0,65987.0,0.0,historis
KOTA BANDUNG,3,2022,65987.0,65987.0,65987.0,0.0,historis
KOTA BANDUNG,3,2023,65742.0,65987.0,65987.0,0.0,historis
KOTA BANDUNG,3,2023,65742.0,65742.0,65987.0,-0.0037128525315592467,historis
KOTA BANDUNG,3,2023,65742.0,65742.0,65742.0,0.0,historis
KOTA BANDUNG,3,2023,65742.0,65742.0,65742.0,0.0,historis
KOTA BANDUNG,3,2023,65742.0,65742.0,65742.0,0.0,historis
KOTA BANDUNG,3,2023,65742.0,65742.0,65742.0,0.0,historis
KOTA BANDUNG,3,2023,65742.0,65742.0,65742.0,0.0,historis
KOTA BANDUNG,3,2023,65742.0,65742.0,65742.0,0.0,historis
KOTA BANDUNG,3,2023,65742.0,65742.0,65742.0,0.0,historis
KOTA BANDUNG,3,2023,65742.0,65742.0,65742.0,0.0,historis
KOTA BANDUNG,3,2023,65742.0,65742.0,65742.0,0.0,historis
KOTA BANDUNG,3,2023,65742.0,65742.0,65742.0,0.0,historis
KOTA BANDUNG,3,2024,64138.0,65742.0,65742.0,0.0,historis
KOTA BANDUNG,3,2024,64138.0,64138.0,65742.0,-0.02439840588969,historis
KOTA BANDUNG,3,2024,64138.0,64138.0,64138.0,0.0,historis
KOTA BANDUNG,3,2024,64138.0,64138.0,64138.0,0.0,historis
KOTA BANDUNG,3,2025,63745.0,64138.0,64138.0,0.0,historis
KOTA BANDUNG,3,2026,63745.0,63745.0,64138.0,-0.0061,prediksi
KOTA BANDUNG,3,2027,63745.0,63745.0,63745.0,0.0,prediksi
KOTA BANDUNG,3,2028,63745.0,63745.0,63745.0,0.0,prediksi
KOTA BANDUNG,3,2029,63745.0,63745.0,63745.0,0.0,prediksi
KOTA BANDUNG,3,2030,63745.0,63745.0,63745.0,0.0,prediksi
KOTA BANJAR,0,2016,0.0,0.0,0.0,0.0,historis
KOTA BANJAR,0,2017,0.0,0.0,0.0,0.0,historis
KOTA BANJAR,0,2018,4766.0,0.0,0.0,0.0,historis
KOTA BANJAR,0,2019,5155.0,4766.0,0.0,0.0,historis
KOTA BANJAR,0,2020,5236.0,5155.0,4766.0,0.08161980696600923,historis
KOTA BANJAR,0,2021,5606.0,5236.0,5155.0,0.01571290009699321,historis
KOTA BANJAR,0,2021,5606.0,5606.0,5236.0,0.0706646294881589,historis
KOTA BANJAR,0,2021,5606.0,5606.0,5606.0,0.0,historis
KOTA BANJAR,0,2021,5606.0,5606.0,5606.0,0.0,historis
KOTA BANJAR,0,2021,5606.0,5606.0,5606.0,0.0,historis
KOTA BANJAR,0,2021,5606.0,5606.0,5606.0,0.0,historis
KOTA BANJAR,0,2021,5606.0,5606.0,5606.0,0.0,historis
KOTA BANJAR,0,2021,5606.0,5606.0,5606.0,0.0,historis
KOTA BANJAR,0,2021,5606.0,5606.0,5606.0,0.0,historis
KOTA BANJAR,0,2021,5606.0,5606.0,5606.0,0.0,historis
KOTA BANJAR,0,2022,5953.0,5606.0,5606.0,0.0,historis
KOTA BANJAR,0,2022,5953.0,5953.0,5606.0,0.06189796646450232,historis
KOTA BANJAR,0,2022,5953.0,5953.0,5953.0,0.0,historis
KOTA BANJAR,0,2022,5953.0,5953.0,5953.0,0.0,historis
KOTA BANJAR,0,2022,5953.0,5953.0,5953.0,0.0,historis
KOTA BANJAR,0,2022,5953.0,5953.0,5953.0,0.0,historis
KOTA BANJAR,0,2022,5953.0,5953.0,5953.0,0.0,historis
KOTA BANJAR,0,2022,5953.0,5953.0,5953.0,0.0,historis
KOTA BANJAR,0,2022,5953.0,5953.0,5953.0,0.0,historis
KOTA BANJAR,0,2022,5953.0,5953.0,5953.0,0.0,historis
KOTA BANJAR,0,2022,5953.0,5953.0,5953.0,0.0,historis
KOTA BANJAR,0,2022,5953.0,5953.0,5953.0,0.0,historis
KOTA BANJAR,0,2023,6218.0,5953.0,5953.0,0.0,historis
KOTA BANJAR,0,2023,6218.0,6218.0,5953.0,0.044515370401478245,historis
KOTA BANJAR,0,2023,6218.0,6218.0,6218.0,0.0,historis
KOTA BANJAR,0,2023,6218.0,6218.0,6218.0,0.0,historis
KOTA BANJAR,0,2023,6218.0,6218.0,6218.0,0.0,historis
KOTA BANJAR,0,2023,6218.0,6218.0,6218.0,0.0,historis
KOTA BANJAR,0,2024,6288.0,6218.0,6218.0,0.0,historis
KOTA BANJAR,0,2024,6288.0,6288.0,6218.0,0.011257639112254744,historis
KOTA BANJAR,0,2024,6288.0,6288.0,6288.0,0.0,historis
KOTA BANJAR,0,2024,6288.0,6288.0,6288.0,0.0,historis
KOTA BANJAR,0,2024,6288.0,6288.0,6288.0,0.0,historis
KOTA BANJAR,0,2024,6288.0,6288.0,6288.0,0.0,historis
KOTA BANJAR,0,2024,6288.0,6288.0,6288.0,0.0,historis
KOTA BANJAR,0,2024,6288.0,6288.0,6288.0,0.0,historis
KOTA BANJAR,0,2024,6288.0,6288.0,6288.0,0.0,historis
KOTA BANJAR,0,2024,6288.0,6288.0,6288.0,0.0,historis
KOTA BANJAR,0,2025,6316.0,6288.0,6288.0,0.0,historis
KOTA BANJAR,0,2026,12003.0,6316.0,6288.0,0.0045,prediksi
KOTA BANJAR,0,2027,12003.0,12003.0,6316.0,0.9004,prediksi
KOTA BANJAR,0,2028,12003.0,12003.0,12003.0,0.0,prediksi
KOTA BANJAR,0,2029,12003.0,12003.0,12003.0,0.0,prediksi
KOTA BANJAR,0,2030,12003.0,12003.0,12003.0,0.0,prediksi
KOTA BANJAR,1,2016,0.0,0.0,0.0,0.0,historis
KOTA BANJAR,1,2017,0.0,0.0,0.0,0.0,historis
KOTA BANJAR,1,2018,62997.0,0.0,0.0,0.0,historis
KOTA BANJAR,1,2019,63446.0,62997.0,0.0,0.0,historis
KOTA BANJAR,1,2020,59464.0,63446.0,62997.0,0.007127323523342381,historis
KOTA BANJAR,1,2021,58677.0,59464.0,63446.0,-0.06276203385556221,historis
KOTA BANJAR,1,2021,58677.0,58677.0,59464.0,-0.013234898425938384,historis
KOTA BANJAR,1,2021,58677.0,58677.0,58677.0,0.0,historis
KOTA BANJAR,1,2021,58677.0,58677.0,58677.0,0.0,historis
KOTA BANJAR,1,2021,58677.0,58677.0,58677.0,0.0,historis
KOTA BANJAR,1,2021,58677.0,58677.0,58677.0,0.0,historis
KOTA BANJAR,1,2021,58677.0,58677.0,58677.0,0.0,historis
KOTA BANJAR,1,2021,58677.0,58677.0,58677.0,0.0,historis
KOTA BANJAR,1,2021,58677.0,58677.0,58677.0,0.0,historis
KOTA BANJAR,1,2021,58677.0,58677.0,58677.0,0.0,historis
KOTA BANJAR,1,2022,59135.0,58677.0,58677.0,0.0,historis
KOTA BANJAR,1,2022,59135.0,59135.0,58677.0,0.007805443359408286,historis
KOTA BANJAR,1,2022,59135.0,59135.0,59135.0,0.0,historis
KOTA BANJAR,1,2022,59135.0,59135.0,59135.0,0.0,historis
KOTA BANJAR,1,2022,59135.0,59135.0,59135.0,0.0,historis
KOTA BANJAR,1,2022,59135.0,59135.0,59135.0,0.0,historis
KOTA BANJAR,1,2022,59135.0,59135.0,59135.0,0.0,historis
KOTA BANJAR,1,2022,59135.0,59135.0,59135.0,0.0,historis
KOTA BANJAR,1,2022,59135.0,59135.0,59135.0,0.0,historis
KOTA BANJAR,1,2022,59135.0,59135.0,59135.0,0.0,historis
KOTA BANJAR,1,2022,59135.0,59135.0,59135.0,0.0,historis
KOTA BANJAR,1,2022,59135.0,59135.0,59135.0,0.0,historis
KOTA BANJAR,1,2023,59228.0,59135.0,59135.0,0.0,historis
KOTA BANJAR,1,2023,59228.0,59228.0,59135.0,0.0015726726980637524,historis
KOTA BANJAR,1,2023,59228.0,59228.0,59228.0,0.0,historis
KOTA BANJAR,1,2023,59228.0,59228.0,59228.0,0.0,historis
KOTA BANJAR,1,2023,59228.0,59228.0,59228.0,0.0,historis
KOTA BANJAR,1,2023,59228.0,59228.0,59228.0,0.0,historis
KOTA BANJAR,1,2024,58452.0,59228.0,59228.0,0.0,historis
KOTA BANJAR,1,2024,58452.0,58452.0,59228.0,-0.013101911258188695,historis
KOTA BANJAR,1,2024,58452.0,58452.0,58452.0,0.0,historis
KOTA BANJAR,1,2024,58452.0,58452.0,58452.0,0.0,historis
KOTA BANJAR,1,2024,58452.0,58452.0,58452.0,0.0,historis
KOTA BANJAR,1,2024,58452.0,58452.0,58452.0,0.0,historis
KOTA BANJAR,1,2024,58452.0,58452.0,58452.0,0.0,historis
KOTA BANJAR,1,2024,58452.0,58452.0,58452.0,0.0,historis
KOTA BANJAR,1,2024,58452.0,58452.0,58452.0,0.0,historis
KOTA BANJAR,1,2024,58452.0,58452.0,58452.0,0.0,historis
KOTA BANJAR,1,2025,57056.0,58452.0,58452.0,0.0,historis
KOTA BANJAR,1,2026,58312.0,57056.0,58452.0,-0.0239,prediksi
KOTA BANJAR,1,2027,58312.0,58312.0,57056.0,0.022,prediksi
KOTA BANJAR,1,2028,58312.0,58312.0,58312.0,0.0,prediksi
KOTA BANJAR,1,2029,58312.0,58312.0,58312.0,0.0,prediksi
KOTA BANJAR,1,2030,58312.0,58312.0,58312.0,0.0,prediksi
KOTA BANJAR,2,2016,0.0,0.0,0.0,0.0,historis
KOTA BANJAR,2,2017,0.0,0.0,0.0,0.0,historis
KOTA BANJAR,2,2018,50.0,0.0,0.0,0.0,historis
KOTA BANJAR,2,2019,51.0,50.0,0.0,0.0,historis
KOTA BANJAR,2,2020,51.0,51.0,50.0,0.02,historis
KOTA BANJAR,2,2021,48.0,51.0,51.0,0.0,historis
KOTA BANJAR,2,2021,48.0,48.0,51.0,-0.058823529411764705,historis
KOTA BANJAR,2,2021,48.0,48.0,48.0,0.0,historis
KOTA BANJAR,2,2021,48.0,48.0,48.0,0.0,historis
KOTA BANJAR,2,2021,48.0,48.0,48.0,0.0,historis
KOTA BANJAR,2,2021,48.0,48.0,48.0,0.0,historis
KOTA BANJAR,2,2021,48.0,48.0,48.0,0.0,historis
KOTA BANJAR,2,2021,48.0,48.0,48.0,0.0,historis
KOTA BANJAR,2,2021,48.0,48.0,48.0,0.0,historis
KOTA BANJAR,2,2021,48.0,48.0,48.0,0.0,historis
KOTA BANJAR,2,2022,58.0,48.0,48.0,0.0,historis
KOTA BANJAR,2,2022,58.0,58.0,48.0,0.20833333333333334,historis
KOTA BANJAR,2,2022,58.0,58.0,58.0,0.0,historis
KOTA BANJAR,2,2022,58.0,58.0,58.0,0.0,historis
KOTA BANJAR,2,2022,58.0,58.0,58.0,0.0,historis
KOTA BANJAR,2,2022,58.0,58.0,58.0,0.0,historis
KOTA BANJAR,2,2022,58.0,58.0,58.0,0.0,historis
KOTA BANJAR,2,2022,58.0,58.0,58.0,0.0,historis
KOTA BANJAR,2,2022,58.0,58.0,58.0,0.0,historis
KOTA BANJAR,2,2022,58.0,58.0,58.0,0.0,historis
KOTA BANJAR,2,2022,58.0,58.0,58.0,0.0,historis
KOTA BANJAR,2,2022,58.0,58.0,58.0,0.0,historis
KOTA BANJAR,2,2023,64.0,58.0,58.0,0.0,historis
KOTA BANJAR,2,2023,64.0,64.0,58.0,0.10344827586206896,historis
KOTA BANJAR,2,2023,64.0,64.0,64.0,0.0,historis
KOTA BANJAR,2,2023,64.0,64.0,64.0,0.0,historis
KOTA BANJAR,2,2023,64.0,64.0,64.0,0.0,historis
KOTA BANJAR,2,2023,64.0,64.0,64.0,0.0,historis
KOTA BANJAR,2,2024,61.0,64.0,64.0,0.0,historis
KOTA BANJAR,2,2024,61.0,61.0,64.0,-0.046875,historis
KOTA BANJAR,2,2024,61.0,61.0,61.0,0.0,historis
KOTA BANJAR,2,2024,61.0,61.0,61.0,0.0,historis
KOTA BANJAR,2,2024,61.0,61.0,61.0,0.0,historis
KOTA BANJAR,2,2024,61.0,61.0,61.0,0.0,historis
KOTA BANJAR,2,2024,61.0,61.0,61.0,0.0,historis
KOTA BANJAR,2,2024,61.0,61.0,61.0,0.0,historis
KOTA BANJAR,2,2024,61.0,61.0,61.0,0.0,historis
KOTA BANJAR,2,2024,61.0,61.0,61.0,0.0,historis
KOTA BANJAR,2,2025,59.0,61.0,61.0,0.0,historis
KOTA BANJAR,2,2026,282.0,59.0,61.0,-0.0328,prediksi
KOTA BANJAR,2,2027,282.0,282.0,59.0,3.7785,prediksi
KOTA BANJAR,2,2028,282.0,282.0,282.0,0.0,prediksi
KOTA BANJAR,2,2029,282.0,282.0,282.0,0.0,prediksi
KOTA BANJAR,2,2030,282.0,282.0,282.0,0.0,prediksi
KOTA BANJAR,3,2016,0.0,0.0,0.0,0.0,historis
KOTA BANJAR,3,2017,0.0,0.0,0.0,0.0,historis
KOTA BANJAR,3,2018,2571.0,0.0,0.0,0.0,historis
KOTA BANJAR,3,2019,2573.0,2571.0,0.0,0.0,historis
KOTA BANJAR,3,2020,2377.0,2573.0,2571.0,0.0007779074290159471,historis
KOTA BANJAR,3,2021,2429.0,2377.0,2573.0,-0.07617567042363001,historis
KOTA BANJAR,3,2021,2429.0,2429.0,2377.0,0.02187631468237274,historis
KOTA BANJAR,3,2021,2429.0,2429.0,2429.0,0.0,historis
KOTA BANJAR,3,2021,2429.0,2429.0,2429.0,0.0,historis
KOTA BANJAR,3,2021,2429.0,2429.0,2429.0,0.0,historis
KOTA BANJAR,3,2021,2429.0,2429.0,2429.0,0.0,historis
KOTA BANJAR,3,2021,2429.0,2429.0,2429.0,0.0,historis
KOTA BANJAR,3,2021,2429.0,2429.0,2429.0,0.0,historis
KOTA BANJAR,3,2021,2429.0,2429.0,2429.0,0.0,historis
KOTA BANJAR,3,2021,2429.0,2429.0,2429.0,0.0,historis
KOTA BANJAR,3,2022,2501.0,2429.0,2429.0,0.0,historis
KOTA BANJAR,3,2022,2501.0,2501.0,2429.0,0.029641827912721283,historis
KOTA BANJAR,3,2022,2501.0,2501.0,2501.0,0.0,historis
KOTA BANJAR,3,2022,2501.0,2501.0,2501.0,0.0,historis
KOTA BANJAR,3,2022,2501.0,2501.0,2501.0,0.0,historis
KOTA BANJAR,3,2022,2501.0,2501.0,2501.0,0.0,historis
KOTA BANJAR,3,2022,2501.0,2501.0,2501.0,0.0,historis
KOTA BANJAR,3,2022,2501.0,2501.0,2501.0,0.0,historis
KOTA BANJAR,3,2022,2501.0,2501.0,2501.0,0.0,historis
KOTA BANJAR,3,2022,2501.0,2501.0,2501.0,0.0,historis
KOTA BANJAR,3,2022,2501.0,2501.0,2501.0,0.0,historis
KOTA BANJAR,3,2022,2501.0,2501.0,2501.0,0.0,historis
KOTA BANJAR,3,2023,2486.0,2501.0,2501.0,0.0,historis
KOTA BANJAR,3,2023,2486.0,2486.0,2501.0,-0.0059976009596161535,historis
KOTA BANJAR,3,2023,2486.0,2486.0,2486.0,0.0,historis
KOTA BANJAR,3,2023,2486.0,2486.0,2486.0,0.0,historis
KOTA BANJAR,3,2023,2486.0,2486.0,2486.0,0.0,historis
KOTA BANJAR,3,2023,2486.0,2486.0,2486.0,0.0,historis
KOTA BANJAR,3,2024,2428.0,2486.0,2486.0,0.0,historis
KOTA BANJAR,3,2024,2428.0,2428.0,2486.0,-0.02333065164923572,historis
KOTA BANJAR,3,2024,2428.0,2428.0,2428.0,0.0,historis
KOTA BANJAR,3,2024,2428.0,2428.0,2428.0,0.0,historis
KOTA BANJAR,3,2024,2428.0,2428.0,2428.0,0.0,historis
KOTA BANJAR,3,2024,2428.0,2428.0,2428.0,0.0,historis
KOTA BANJAR,3,2024,2428.0,2428.0,2428.0,0.0,historis
KOTA BANJAR,3,2024,2428.0,2428.0,2428.0,0.0,historis
KOTA BANJAR,3,2024,2428.0,2428.0,2428.0,0.0,historis
KOTA BANJAR,3,2024,2428.0,2428.0,2428.0,0.0,historis
KOTA BANJAR,3,2025,2388.0,2428.0,2428.0,0.0,historis
KOTA BANJAR,3,2026,3687.0,2388.0,2428.0,-0.0165,prediksi
KOTA BANJAR,3,2027,3687.0,3687.0,2388.0,0.5438,prediksi
KOTA BANJAR,3,2028,3687.0,3687.0,3687.0,0.0,prediksi
KOTA BANJAR,3,2029,3687.0,3687.0,3687.0,0.0,prediksi
KOTA BANJAR,3,2030,3687.0,3687.0,3687.0,0.0,prediksi
KOTA BEKASI,0,2016,0.0,0.0,0.0,0.0,historis
KOTA BEKASI,0,2017,0.0,0.0,0.0,0.0,historis
KOTA BEKASI,0,2018,307235.0,0.0,0.0,0.0,historis
KOTA BEKASI,0,2019,310635.0,307235.0,0.0,0.0,historis
KOTA BEKASI,0,2020,295283.0,310635.0,307235.0,0.011066447507608183,historis
KOTA BEKASI,0,2021,296114.0,295283.0,310635.0,-0.049421346596487836,historis
KOTA BEKASI,0,2021,296114.0,296114.0,295283.0,0.0028142493811021967,historis
KOTA BEKASI,0,2021,296114.0,296114.0,296114.0,0.0,historis
KOTA BEKASI,0,2021,296114.0,296114.0,296114.0,0.0,historis
KOTA BEKASI,0,2021,296114.0,296114.0,296114.0,0.0,historis
KOTA BEKASI,0,2021,296114.0,296114.0,296114.0,0.0,historis
KOTA BEKASI,0,2021,296114.0,296114.0,296114.0,0.0,historis
KOTA BEKASI,0,2021,296114.0,296114.0,296114.0,0.0,historis
KOTA BEKASI,0,2021,296114.0,296114.0,296114.0,0.0,historis
KOTA BEKASI,0,2021,296114.0,296114.0,296114.0,0.0,historis
KOTA BEKASI,0,2021,296114.0,296114.0,296114.0,0.0,historis
KOTA BEKASI,0,2021,296114.0,296114.0,296114.0,0.0,historis
KOTA BEKASI,0,2022,64859.0,296114.0,296114.0,0.0,historis
KOTA BEKASI,0,2022,64859.0,64859.0,296114.0,-0.7809661144018858,historis
KOTA BEKASI,0,2022,64859.0,64859.0,64859.0,0.0,historis
KOTA BEKASI,0,2022,64859.0,64859.0,64859.0,0.0,historis
KOTA BEKASI,0,2022,64859.0,64859.0,64859.0,0.0,historis
KOTA BEKASI,0,2022,64859.0,64859.0,64859.0,0.0,historis
KOTA BEKASI,0,2022,64859.0,64859.0,64859.0,0.0,historis
KOTA BEKASI,0,2022,64859.0,64859.0,64859.0,0.0,historis
KOTA BEKASI,0,2022,64859.0,64859.0,64859.0,0.0,historis
KOTA BEKASI,0,2023,307271.0,64859.0,64859.0,0.0,historis
KOTA BEKASI,0,2023,307271.0,307271.0,64859.0,3.7375229343653156,historis
KOTA BEKASI,0,2023,307271.0,307271.0,307271.0,0.0,historis
KOTA BEKASI,0,2023,307271.0,307271.0,307271.0,0.0,historis
KOTA BEKASI,0,2023,307271.0,307271.0,307271.0,0.0,historis
KOTA BEKASI,0,2023,307271.0,307271.0,307271.0,0.0,historis
KOTA BEKASI,0,2023,307271.0,307271.0,307271.0,0.0,historis
KOTA BEKASI,0,2024,311207.0,307271.0,307271.0,0.0,historis
KOTA BEKASI,0,2024,311207.0,311207.0,307271.0,0.012809539461908218,historis
KOTA BEKASI,0,2024,311207.0,311207.0,311207.0,0.0,historis
KOTA BEKASI,0,2024,311207.0,311207.0,311207.0,0.0,historis
KOTA BEKASI,0,2024,311207.0,311207.0,311207.0,0.0,historis
KOTA BEKASI,0,2024,311207.0,311207.0,311207.0,0.0,historis
KOTA BEKASI,0,2024,311207.0,311207.0,311207.0,0.0,historis
KOTA BEKASI,0,2024,311207.0,311207.0,311207.0,0.0,historis
KOTA BEKASI,0,2024,311207.0,311207.0,311207.0,0.0,historis
KOTA BEKASI,0,2024,311207.0,311207.0,311207.0,0.0,historis
KOTA BEKASI,0,2025,320873.0,311207.0,311207.0,0.0,historis
KOTA BEKASI,0,2026,320873.0,320873.0,311207.0,0.0311,prediksi
KOTA BEKASI,0,2027,320873.0,320873.0,320873.0,0.0,prediksi
KOTA BEKASI,0,2028,320873.0,320873.0,320873.0,0.0,prediksi
KOTA BEKASI,0,2029,320873.0,320873.0,320873.0,0.0,prediksi
KOTA BEKASI,0,2030,320873.0,320873.0,320873.0,0.0,prediksi
KOTA BEKASI,1,2016,0.0,0.0,0.0,0.0,historis
KOTA BEKASI,1,2017,0.0,0.0,0.0,0.0,historis
KOTA BEKASI,1,2018,1250955.0,0.0,0.0,0.0,historis
KOTA BEKASI,1,2019,1251694.0,1250955.0,0.0,0.0,historis
KOTA BEKASI,1,2020,1186853.0,1251694.0,1250955.0,0.0005907486680176346,historis
KOTA BEKASI,1,2021,1160088.0,1186853.0,1251694.0,-0.05180259712038246,historis
KOTA BEKASI,1,2021,1160088.0,1160088.0,1186853.0,-0.0225512342303554,historis
KOTA BEKASI,1,2021,1160088.0,1160088.0,1160088.0,0.0,historis
KOTA BEKASI,1,2021,1160088.0,1160088.0,1160088.0,0.0,historis
KOTA BEKASI,1,2021,1160088.0,1160088.0,1160088.0,0.0,historis
KOTA BEKASI,1,2021,1160088.0,1160088.0,1160088.0,0.0,historis
KOTA BEKASI,1,2021,1160088.0,1160088.0,1160088.0,0.0,historis
KOTA BEKASI,1,2021,1160088.0,1160088.0,1160088.0,0.0,historis
KOTA BEKASI,1,2021,1160088.0,1160088.0,1160088.0,0.0,historis
KOTA BEKASI,1,2021,1160088.0,1160088.0,1160088.0,0.0,historis
KOTA BEKASI,1,2021,1160088.0,1160088.0,1160088.0,0.0,historis
KOTA BEKASI,1,2021,1160088.0,1160088.0,1160088.0,0.0,historis
KOTA BEKASI,1,2022,306566.0,1160088.0,1160088.0,0.0,historis
KOTA BEKASI,1,2022,306566.0,306566.0,1160088.0,-0.7357390129024695,historis
KOTA BEKASI,1,2022,306566.0,306566.0,306566.0,0.0,historis
KOTA BEKASI,1,2022,306566.0,306566.0,306566.0,0.0,historis
KOTA BEKASI,1,2022,306566.0,306566.0,306566.0,0.0,historis
KOTA BEKASI,1,2022,306566.0,306566.0,306566.0,0.0,historis
KOTA BEKASI,1,2022,306566.0,306566.0,306566.0,0.0,historis
KOTA BEKASI,1,2022,306566.0,306566.0,306566.0,0.0,historis
KOTA BEKASI,1,2022,306566.0,306566.0,306566.0,0.0,historis
KOTA BEKASI,1,2023,1154277.0,306566.0,306566.0,0.0,historis
KOTA BEKASI,1,2023,1154277.0,1154277.0,306566.0,2.7651827012780283,historis
KOTA BEKASI,1,2023,1154277.0,1154277.0,1154277.0,0.0,historis
KOTA BEKASI,1,2023,1154277.0,1154277.0,1154277.0,0.0,historis
KOTA BEKASI,1,2023,1154277.0,1154277.0,1154277.0,0.0,historis
KOTA BEKASI,1,2023,1154277.0,1154277.0,1154277.0,0.0,historis
KOTA BEKASI,1,2023,1154277.0,1154277.0,1154277.0,0.0,historis
KOTA BEKASI,1,2024,1145967.0,1154277.0,1154277.0,0.0,historis
KOTA BEKASI,1,2024,1145967.0,1145967.0,1154277.0,-0.007199311776982475,historis
KOTA BEKASI,1,2024,1145967.0,1145967.0,1145967.0,0.0,historis
KOTA BEKASI,1,2024,1145967.0,1145967.0,1145967.0,0.0,historis
KOTA BEKASI,1,2024,1145967.0,1145967.0,1145967.0,0.0,historis
KOTA BEKASI,1,2024,1145967.0,1145967.0,1145967.0,0.0,historis
KOTA BEKASI,1,2024,1145967.0,1145967.0,1145967.0,0.0,historis
KOTA BEKASI,1,2024,1145967.0,1145967.0,1145967.0,0.0,historis
KOTA BEKASI,1,2024,1145967.0,1145967.0,1145967.0,0.0,historis
KOTA BEKASI,1,2024,1145967.0,1145967.0,1145967.0,0.0,historis
KOTA BEKASI,1,2025,1153053.0,1145967.0,1145967.0,0.0,historis
KOTA BEKASI,1,2026,1145967.0,1153053.0,1145967.0,0.0062,prediksi
KOTA BEKASI,1,2027,1145967.0,1145967.0,1153053.0,-0.0061,prediksi
KOTA BEKASI,1,2028,1145967.0,1145967.0,1145967.0,0.0,prediksi
KOTA BEKASI,1,2029,1145967.0,1145967.0,1145967.0,0.0,prediksi
KOTA BEKASI,1,2030,1145967.0,1145967.0,1145967.0,0.0,prediksi
KOTA BEKASI,2,2016,0.0,0.0,0.0,0.0,historis
KOTA BEKASI,2,2017,0.0,0.0,0.0,0.0,historis
KOTA BEKASI,2,2018,2870.0,0.0,0.0,0.0,historis
KOTA BEKASI,2,2019,2765.0,2870.0,0.0,0.0,historis
KOTA BEKASI,2,2020,2611.0,2765.0,2870.0,-0.036585365853658534,historis
KOTA BEKASI,2,2021,2494.0,2611.0,2765.0,-0.05569620253164557,historis
KOTA BEKASI,2,2021,2494.0,2494.0,2611.0,-0.04481041746457296,historis
KOTA BEKASI,2,2021,2494.0,2494.0,2494.0,0.0,historis
KOTA BEKASI,2,2021,2494.0,2494.0,2494.0,0.0,historis
KOTA BEKASI,2,2021,2494.0,2494.0,2494.0,0.0,historis
KOTA BEKASI,2,2021,2494.0,2494.0,2494.0,0.0,historis
KOTA BEKASI,2,2021,2494.0,2494.0,2494.0,0.0,historis
KOTA BEKASI,2,2021,2494.0,2494.0,2494.0,0.0,historis
KOTA BEKASI,2,2021,2494.0,2494.0,2494.0,0.0,historis
KOTA BEKASI,2,2021,2494.0,2494.0,2494.0,0.0,historis
KOTA BEKASI,2,2021,2494.0,2494.0,2494.0,0.0,historis
KOTA BEKASI,2,2021,2494.0,2494.0,2494.0,0.0,historis
KOTA BEKASI,2,2022,305.0,2494.0,2494.0,0.0,historis
KOTA BEKASI,2,2022,305.0,305.0,2494.0,-0.8777064955894146,historis
KOTA BEKASI,2,2022,305.0,305.0,305.0,0.0,historis
KOTA BEKASI,2,2022,305.0,305.0,305.0,0.0,historis
KOTA BEKASI,2,2022,305.0,305.0,305.0,0.0,historis
KOTA BEKASI,2,2022,305.0,305.0,305.0,0.0,historis
KOTA BEKASI,2,2022,305.0,305.0,305.0,0.0,historis
KOTA BEKASI,2,2022,305.0,305.0,305.0,0.0,historis
KOTA BEKASI,2,2022,305.0,305.0,305.0,0.0,historis
KOTA BEKASI,2,2023,2458.0,305.0,305.0,0.0,historis
KOTA BEKASI,2,2023,2458.0,2458.0,305.0,7.059016393442623,historis
KOTA BEKASI,2,2023,2458.0,2458.0,2458.0,0.0,historis
KOTA BEKASI,2,2023,2458.0,2458.0,2458.0,0.0,historis
KOTA BEKASI,2,2023,2458.0,2458.0,2458.0,0.0,historis
KOTA BEKASI,2,2023,2458.0,2458.0,2458.0,0.0,historis
KOTA BEKASI,2,2023,2458.0,2458.0,2458.0,0.0,historis
KOTA BEKASI,2,2024,2606.0,2458.0,2458.0,0.0,historis
KOTA BEKASI,2,2024,2606.0,2606.0,2458.0,0.060211554109031735,historis
KOTA BEKASI,2,2024,2606.0,2606.0,2606.0,0.0,historis
KOTA BEKASI,2,2024,2606.0,2606.0,2606.0,0.0,historis
KOTA BEKASI,2,2024,2606.0,2606.0,2606.0,0.0,historis
KOTA BEKASI,2,2024,2606.0,2606.0,2606.0,0.0,historis
KOTA BEKASI,2,2024,2606.0,2606.0,2606.0,0.0,historis
KOTA BEKASI,2,2024,2606.0,2606.0,2606.0,0.0,historis
KOTA BEKASI,2,2024,2606.0,2606.0,2606.0,0.0,historis
KOTA BEKASI,2,2024,2606.0,2606.0,2606.0,0.0,historis
KOTA BEKASI,2,2025,2724.0,2606.0,2606.0,0.0,historis
KOTA BEKASI,2,2026,2609.0,2724.0,2606.0,0.0453,prediksi
KOTA BEKASI,2,2027,2609.0,2609.0,2724.0,-0.0422,prediksi
KOTA BEKASI,2,2028,2609.0,2609.0,2609.0,0.0,prediksi
KOTA BEKASI,2,2029,2609.0,2609.0,2609.0,0.0,prediksi
KOTA BEKASI,2,2030,2609.0,2609.0,2609.0,0.0,prediksi
KOTA BEKASI,3,2016,0.0,0.0,0.0,0.0,historis
KOTA BEKASI,3,2017,0.0,0.0,0.0,0.0,historis
KOTA BEKASI,3,2018,48377.0,0.0,0.0,0.0,historis
KOTA BEKASI,3,2019,49867.0,48377.0,0.0,0.0,historis
KOTA BEKASI,3,2020,49129.0,49867.0,48377.0,0.03079976021663187,historis
KOTA BEKASI,3,2021,49917.0,49129.0,49867.0,-0.014799366314396293,historis
KOTA BEKASI,3,2021,49917.0,49917.0,49129.0,0.01603940646054265,historis
KOTA BEKASI,3,2021,49917.0,49917.0,49917.0,0.0,historis
KOTA BEKASI,3,2021,49917.0,49917.0,49917.0,0.0,historis
KOTA BEKASI,3,2021,49917.0,49917.0,49917.0,0.0,historis
KOTA BEKASI,3,2021,49917.0,49917.0,49917.0,0.0,historis
KOTA BEKASI,3,2021,49917.0,49917.0,49917.0,0.0,historis
KOTA BEKASI,3,2021,49917.0,49917.0,49917.0,0.0,historis
KOTA BEKASI,3,2021,49917.0,49917.0,49917.0,0.0,historis
KOTA BEKASI,3,2021,49917.0,49917.0,49917.0,0.0,historis
KOTA BEKASI,3,2021,49917.0,49917.0,49917.0,0.0,historis
KOTA BEKASI,3,2021,49917.0,49917.0,49917.0,0.0,historis
KOTA BEKASI,3,2022,6877.0,49917.0,49917.0,0.0,historis
KOTA BEKASI,3,2022,6877.0,6877.0,49917.0,-0.8622313039645813,historis
KOTA BEKASI,3,2022,6877.0,6877.0,6877.0,0.0,historis
KOTA BEKASI,3,2022,6877.0,6877.0,6877.0,0.0,historis
KOTA BEKASI,3,2022,6877.0,6877.0,6877.0,0.0,historis
KOTA BEKASI,3,2022,6877.0,6877.0,6877.0,0.0,historis
KOTA BEKASI,3,2022,6877.0,6877.0,6877.0,0.0,historis
KOTA BEKASI,3,2022,6877.0,6877.0,6877.0,0.0,historis
KOTA BEKASI,3,2022,6877.0,6877.0,6877.0,0.0,historis
KOTA BEKASI,3,2023,53297.0,6877.0,6877.0,0.0,historis
KOTA BEKASI,3,2023,53297.0,53297.0,6877.0,6.750036353060928,historis
KOTA BEKASI,3,2023,53297.0,53297.0,53297.0,0.0,historis
KOTA BEKASI,3,2023,53297.0,53297.0,53297.0,0.0,historis
KOTA BEKASI,3,2023,53297.0,53297.0,53297.0,0.0,historis
KOTA BEKASI,3,2023,53297.0,53297.0,53297.0,0.0,historis
KOTA BEKASI,3,2023,53297.0,53297.0,53297.0,0.0,historis
KOTA BEKASI,3,2024,54344.0,53297.0,53297.0,0.0,historis
KOTA BEKASI,3,2024,54344.0,54344.0,53297.0,0.019644632906167327,historis
KOTA BEKASI,3,2024,54344.0,54344.0,54344.0,0.0,historis
KOTA BEKASI,3,2024,54344.0,54344.0,54344.0,0.0,historis
KOTA BEKASI,3,2024,54344.0,54344.0,54344.0,0.0,historis
KOTA BEKASI,3,2024,54344.0,54344.0,54344.0,0.0,historis
KOTA BEKASI,3,2024,54344.0,54344.0,54344.0,0.0,historis
KOTA BEKASI,3,2024,54344.0,54344.0,54344.0,0.0,historis
KOTA BEKASI,3,2024,54344.0,54344.0,54344.0,0.0,historis
KOTA BEKASI,3,2024,54344.0,54344.0,54344.0,0.0,historis
KOTA BEKASI,3,2025,56341.0,54344.0,54344.0,0.0,historis
KOTA BEKASI,3,2026,51445.0,56341.0,54344.0,0.0367,prediksi
KOTA BEKASI,3,2027,61401.0,51445.0,56341.0,-0.0869,prediksi
KOTA BEKASI,3,2028,62313.0,61401.0,51445.0,0.1935,prediksi
KOTA BEKASI,3,2029,62313.0,62313.0,61401.0,0.0149,prediksi
KOTA BEKASI,3,2030,62313.0,62313.0,62313.0,0.0,prediksi
KOTA BOGOR,0,2016,0.0,0.0,0.0,0.0,historis
KOTA BOGOR,0,2017,0.0,0.0,0.0,0.0,historis
KOTA BOGOR,0,2018,91835.0,0.0,0.0,0.0,historis
KOTA BOGOR,0,2019,94578.0,91835.0,0.0,0.0,historis
KOTA BOGOR,0,2020,88704.0,94578.0,91835.0,0.029868786410409975,historis
KOTA BOGOR,0,2021,90003.0,88704.0,94578.0,-0.062107466852756456,historis
KOTA BOGOR,0,2021,90003.0,90003.0,88704.0,0.014644209956709956,historis
KOTA BOGOR,0,2021,90003.0,90003.0,90003.0,0.0,historis
KOTA BOGOR,0,2021,90003.0,90003.0,90003.0,0.0,historis
KOTA BOGOR,0,2021,90003.0,90003.0,90003.0,0.0,historis
KOTA BOGOR,0,2021,90003.0,90003.0,90003.0,0.0,historis
KOTA BOGOR,0,2021,90003.0,90003.0,90003.0,0.0,historis
KOTA BOGOR,0,2021,90003.0,90003.0,90003.0,0.0,historis
KOTA BOGOR,0,2021,90003.0,90003.0,90003.0,0.0,historis
KOTA BOGOR,0,2021,90003.0,90003.0,90003.0,0.0,historis
KOTA BOGOR,0,2021,90003.0,90003.0,90003.0,0.0,historis
KOTA BOGOR,0,2021,90003.0,90003.0,90003.0,0.0,historis
KOTA BOGOR,0,2021,90003.0,90003.0,90003.0,0.0,historis
KOTA BOGOR,0,2021,90003.0,90003.0,90003.0,0.0,historis
KOTA BOGOR,0,2022,93048.0,90003.0,90003.0,0.0,historis
KOTA BOGOR,0,2022,93048.0,93048.0,90003.0,0.0338322055931469,historis
KOTA BOGOR,0,2022,93048.0,93048.0,93048.0,0.0,historis
KOTA BOGOR,0,2022,93048.0,93048.0,93048.0,0.0,historis
KOTA BOGOR,0,2022,93048.0,93048.0,93048.0,0.0,historis
KOTA BOGOR,0,2022,93048.0,93048.0,93048.0,0.0,historis
KOTA BOGOR,0,2023,95619.0,93048.0,93048.0,0.0,historis
KOTA BOGOR,0,2023,95619.0,95619.0,93048.0,0.027630900180551973,historis
KOTA BOGOR,0,2023,95619.0,95619.0,95619.0,0.0,historis
KOTA BOGOR,0,2023,95619.0,95619.0,95619.0,0.0,historis
KOTA BOGOR,0,2023,95619.0,95619.0,95619.0,0.0,historis
KOTA BOGOR,0,2023,95619.0,95619.0,95619.0,0.0,historis
KOTA BOGOR,0,2024,96220.0,95619.0,95619.0,0.0,historis
KOTA BOGOR,0,2024,96220.0,96220.0,95619.0,0.006285361695897259,historis
KOTA BOGOR,0,2024,96220.0,96220.0,96220.0,0.0,historis
KOTA BOGOR,0,2024,96220.0,96220.0,96220.0,0.0,historis
KOTA BOGOR,0,2024,96220.0,96220.0,96220.0,0.0,historis
KOTA BOGOR,0,2024,96220.0,96220.0,96220.0,0.0,historis
KOTA BOGOR,0,2024,96220.0,96220.0,96220.0,0.0,historis
KOTA BOGOR,0,2024,96220.0,96220.0,96220.0,0.0,historis
KOTA BOGOR,0,2025,97652.0,96220.0,96220.0,0.0,historis
KOTA BOGOR,0,2026,96108.0,97652.0,96220.0,0.0149,prediksi
KOTA BOGOR,0,2027,96108.0,96108.0,97652.0,-0.0158,prediksi
KOTA BOGOR,0,2028,96108.0,96108.0,96108.0,0.0,prediksi
KOTA BOGOR,0,2029,96108.0,96108.0,96108.0,0.0,prediksi
KOTA BOGOR,0,2030,96108.0,96108.0,96108.0,0.0,prediksi
KOTA BOGOR,1,2016,0.0,0.0,0.0,0.0,historis
KOTA BOGOR,1,2017,0.0,0.0,0.0,0.0,historis
KOTA BOGOR,1,2018,373434.0,0.0,0.0,0.0,historis
KOTA BOGOR,1,2019,380391.0,373434.0,0.0,0.0,historis
KOTA BOGOR,1,2020,358167.0,380391.0,373434.0,0.018629798036600847,historis
KOTA BOGOR,1,2021,359716.0,358167.0,380391.0,-0.05842409520729986,historis
KOTA BOGOR,1,2021,359716.0,359716.0,358167.0,0.004324798208656855,historis
KOTA BOGOR,1,2021,359716.0,359716.0,359716.0,0.0,historis
KOTA BOGOR,1,2021,359716.0,359716.0,359716.0,0.0,historis
KOTA BOGOR,1,2021,359716.0,359716.0,359716.0,0.0,historis
KOTA BOGOR,1,2021,359716.0,359716.0,359716.0,0.0,historis
KOTA BOGOR,1,2021,359716.0,359716.0,359716.0,0.0,historis
KOTA BOGOR,1,2021,359716.0,359716.0,359716.0,0.0,historis
KOTA BOGOR,1,2021,359716.0,359716.0,359716.0,0.0,historis
KOTA BOGOR,1,2021,359716.0,359716.0,359716.0,0.0,historis
KOTA BOGOR,1,2021,359716.0,359716.0,359716.0,0.0,historis
KOTA BOGOR,1,2021,359716.0,359716.0,359716.0,0.0,historis
KOTA BOGOR,1,2021,359716.0,359716.0,359716.0,0.0,historis
KOTA BOGOR,1,2021,359716.0,359716.0,359716.0,0.0,historis
KOTA BOGOR,1,2022,362278.0,359716.0,359716.0,0.0,historis
KOTA BOGOR,1,2022,362278.0,362278.0,359716.0,0.007122285358449444,historis
KOTA BOGOR,1,2022,362278.0,362278.0,362278.0,0.0,historis
KOTA BOGOR,1,2022,362278.0,362278.0,362278.0,0.0,historis
KOTA BOGOR,1,2022,362278.0,362278.0,362278.0,0.0,historis
KOTA BOGOR,1,2022,362278.0,362278.0,362278.0,0.0,historis
KOTA BOGOR,1,2023,371715.0,362278.0,362278.0,0.0,historis
KOTA BOGOR,1,2023,371715.0,371715.0,362278.0,0.026049056249620457,historis
KOTA BOGOR,1,2023,371715.0,371715.0,371715.0,0.0,historis
KOTA BOGOR,1,2023,371715.0,371715.0,371715.0,0.0,historis
KOTA BOGOR,1,2023,371715.0,371715.0,371715.0,0.0,historis
KOTA BOGOR,1,2023,371715.0,371715.0,371715.0,0.0,historis
KOTA BOGOR,1,2024,372957.0,371715.0,371715.0,0.0,historis
KOTA BOGOR,1,2024,372957.0,372957.0,371715.0,0.003341269521003995,historis
KOTA BOGOR,1,2024,372957.0,372957.0,372957.0,0.0,historis
KOTA BOGOR,1,2024,372957.0,372957.0,372957.0,0.0,historis
KOTA BOGOR,1,2024,372957.0,372957.0,372957.0,0.0,historis
KOTA BOGOR,1,2024,372957.0,372957.0,372957.0,0.0,historis
KOTA BOGOR,1,2024,372957.0,372957.0,372957.0,0.0,historis
KOTA BOGOR,1,2024,372957.0,372957.0,372957.0,0.0,historis
KOTA BOGOR,1,2025,374932.0,372957.0,372957.0,0.0,historis
KOTA BOGOR,1,2026,373447.0,374932.0,372957.0,0.0053,prediksi
KOTA BOGOR,1,2027,373447.0,373447.0,374932.0,-0.004,prediksi
KOTA BOGOR,1,2028,373447.0,373447.0,373447.0,0.0,prediksi
KOTA BOGOR,1,2029,373447.0,373447.0,373447.0,0.0,prediksi
KOTA BOGOR,1,2030,373447.0,373447.0,373447.0,0.0,prediksi
KOTA BOGOR,2,2016,0.0,0.0,0.0,0.0,historis
KOTA BOGOR,2,2017,0.0,0.0,0.0,0.0,historis
KOTA BOGOR,2,2018,775.0,0.0,0.0,0.0,historis
KOTA BOGOR,2,2019,752.0,775.0,0.0,0.0,historis
KOTA BOGOR,2,2020,674.0,752.0,775.0,-0.02967741935483871,historis
KOTA BOGOR,2,2021,690.0,674.0,752.0,-0.10372340425531915,historis
KOTA BOGOR,2,2021,690.0,690.0,674.0,0.02373887240356083,historis
KOTA BOGOR,2,2021,690.0,690.0,690.0,0.0,historis
KOTA BOGOR,2,2021,690.0,690.0,690.0,0.0,historis
KOTA BOGOR,2,2021,690.0,690.0,690.0,0.0,historis
KOTA BOGOR,2,2021,690.0,690.0,690.0,0.0,historis
KOTA BOGOR,2,2021,690.0,690.0,690.0,0.0,historis
KOTA BOGOR,2,2021,690.0,690.0,690.0,0.0,historis
KOTA BOGOR,2,2021,690.0,690.0,690.0,0.0,historis
KOTA BOGOR,2,2021,690.0,690.0,690.0,0.0,historis
KOTA BOGOR,2,2021,690.0,690.0,690.0,0.0,historis
KOTA BOGOR,2,2021,690.0,690.0,690.0,0.0,historis
KOTA BOGOR,2,2021,690.0,690.0,690.0,0.0,historis
KOTA BOGOR,2,2021,690.0,690.0,690.0,0.0,historis
KOTA BOGOR,2,2022,621.0,690.0,690.0,0.0,historis
KOTA BOGOR,2,2022,621.0,621.0,690.0,-0.1,historis
KOTA BOGOR,2,2022,621.0,621.0,621.0,0.0,historis
KOTA BOGOR,2,2022,621.0,621.0,621.0,0.0,historis
KOTA BOGOR,2,2022,621.0,621.0,621.0,0.0,historis
KOTA BOGOR,2,2022,621.0,621.0,621.0,0.0,historis
KOTA BOGOR,2,2023,630.0,621.0,621.0,0.0,historis
KOTA BOGOR,2,2023,630.0,630.0,621.0,0.014492753623188406,historis
KOTA BOGOR,2,2023,630.0,630.0,630.0,0.0,historis
KOTA BOGOR,2,2023,630.0,630.0,630.0,0.0,historis
KOTA BOGOR,2,2023,630.0,630.0,630.0,0.0,historis
KOTA BOGOR,2,2023,630.0,630.0,630.0,0.0,historis
KOTA BOGOR,2,2024,634.0,630.0,630.0,0.0,historis
KOTA BOGOR,2,2024,634.0,634.0,630.0,0.006349206349206349,historis
KOTA BOGOR,2,2024,634.0,634.0,634.0,0.0,historis
KOTA BOGOR,2,2024,634.0,634.0,634.0,0.0,historis
KOTA BOGOR,2,2024,634.0,634.0,634.0,0.0,historis
KOTA BOGOR,2,2024,634.0,634.0,634.0,0.0,historis
KOTA BOGOR,2,2024,634.0,634.0,634.0,0.0,historis
KOTA BOGOR,2,2024,634.0,634.0,634.0,0.0,historis
KOTA BOGOR,2,2025,628.0,634.0,634.0,0.0,historis
KOTA BOGOR,2,2026,657.0,628.0,634.0,-0.0095,prediksi
KOTA BOGOR,2,2027,657.0,657.0,628.0,0.0468,prediksi
KOTA BOGOR,2,2028,657.0,657.0,657.0,0.0,prediksi
KOTA BOGOR,2,2029,657.0,657.0,657.0,0.0,prediksi
KOTA BOGOR,2,2030,657.0,657.0,657.0,0.0,prediksi
KOTA BOGOR,3,2016,0.0,0.0,0.0,0.0,historis
KOTA BOGOR,3,2017,0.0,0.0,0.0,0.0,historis
KOTA BOGOR,3,2018,12835.0,0.0,0.0,0.0,historis
KOTA BOGOR,3,2019,12562.0,12835.0,0.0,0.0,historis
KOTA BOGOR,3,2020,11666.0,12562.0,12835.0,-0.021269964939618233,historis
KOTA BOGOR,3,2021,11620.0,11666.0,12562.0,-0.07132622193918166,historis
KOTA BOGOR,3,2021,11620.0,11620.0,11666.0,-0.003943082461854963,historis
KOTA BOGOR,3,2021,11620.0,11620.0,11620.0,0.0,historis
KOTA BOGOR,3,2021,11620.0,11620.0,11620.0,0.0,historis
KOTA BOGOR,3,2021,11620.0,11620.0,11620.0,0.0,historis
KOTA BOGOR,3,2021,11620.0,11620.0,11620.0,0.0,historis
KOTA BOGOR,3,2021,11620.0,11620.0,11620.0,0.0,historis
KOTA BOGOR,3,2021,11620.0,11620.0,11620.0,0.0,historis
KOTA BOGOR,3,2021,11620.0,11620.0,11620.0,0.0,historis
KOTA BOGOR,3,2021,11620.0,11620.0,11620.0,0.0,historis
KOTA BOGOR,3,2021,11620.0,11620.0,11620.0,0.0,historis
KOTA BOGOR,3,2021,11620.0,11620.0,11620.0,0.0,historis
KOTA BOGOR,3,2021,11620.0,11620.0,11620.0,0.0,historis
KOTA BOGOR,3,2021,11620.0,11620.0,11620.0,0.0,historis
KOTA BOGOR,3,2022,11772.0,11620.0,11620.0,0.0,historis
KOTA BOGOR,3,2022,11772.0,11772.0,11620.0,0.013080895008605853,historis
KOTA BOGOR,3,2022,11772.0,11772.0,11772.0,0.0,historis
KOTA BOGOR,3,2022,11772.0,11772.0,11772.0,0.0,historis
KOTA BOGOR,3,2022,11772.0,11772.0,11772.0,0.0,historis
KOTA BOGOR,3,2022,11772.0,11772.0,11772.0,0.0,historis
KOTA BOGOR,3,2023,11852.0,11772.0,11772.0,0.0,historis
KOTA BOGOR,3,2023,11852.0,11852.0,11772.0,0.0067957866123003734,historis
KOTA BOGOR,3,2023,11852.0,11852.0,11852.0,0.0,historis
KOTA BOGOR,3,2023,11852.0,11852.0,11852.0,0.0,historis
KOTA BOGOR,3,2023,11852.0,11852.0,11852.0,0.0,historis
KOTA BOGOR,3,2023,11852.0,11852.0,11852.0,0.0,historis
KOTA BOGOR,3,2024,11663.0,11852.0,11852.0,0.0,historis
KOTA BOGOR,3,2024,11663.0,11663.0,11852.0,-0.015946675666554166,historis
KOTA BOGOR,3,2024,11663.0,11663.0,11663.0,0.0,historis
KOTA BOGOR,3,2024,11663.0,11663.0,11663.0,0.0,historis
KOTA BOGOR,3,2024,11663.0,11663.0,11663.0,0.0,historis
KOTA BOGOR,3,2024,11663.0,11663.0,11663.0,0.0,historis
KOTA BOGOR,3,2024,11663.0,11663.0,11663.0,0.0,historis
KOTA BOGOR,3,2024,11663.0,11663.0,11663.0,0.0,historis
KOTA BOGOR,3,2025,11690.0,11663.0,11663.0,0.0,historis
KOTA BOGOR,3,2026,11811.0,11690.0,11663.0,0.0023,prediksi
KOTA BOGOR,3,2027,11811.0,11811.0,11690.0,0.0104,prediksi
KOTA BOGOR,3,2028,11811.0,11811.0,11811.0,0.0,prediksi
KOTA BOGOR,3,2029,11811.0,11811.0,11811.0,0.0,prediksi
KOTA BOGOR,3,2030,11811.0,11811.0,11811.0,0.0,prediksi
KOTA CIMAHI,0,2016,0.0,0.0,0.0,0.0,historis
KOTA CIMAHI,0,2017,0.0,0.0,0.0,0.0,historis
KOTA CIMAHI,0,2018,47446.0,0.0,0.0,0.0,historis
KOTA CIMAHI,0,2019,49134.0,47446.0,0.0,0.0,historis
KOTA CIMAHI,0,2020,45916.0,49134.0,47446.0,0.03557728786409813,historis
KOTA CIMAHI,0,2021,45874.0,45916.0,49134.0,-0.06549436235600603,historis
KOTA CIMAHI,0,2021,45874.0,45874.0,45916.0,-0.0009147138252461015,historis
KOTA CIMAHI,0,2021,45874.0,45874.0,45874.0,0.0,historis
KOTA CIMAHI,0,2021,45874.0,45874.0,45874.0,0.0,historis
KOTA CIMAHI,0,2021,45874.0,45874.0,45874.0,0.0,historis
KOTA CIMAHI,0,2021,45874.0,45874.0,45874.0,0.0,historis
KOTA CIMAHI,0,2021,45874.0,45874.0,45874.0,0.0,historis
KOTA CIMAHI,0,2021,45874.0,45874.0,45874.0,0.0,historis
KOTA CIMAHI,0,2022,46876.0,45874.0,45874.0,0.0,historis
KOTA CIMAHI,0,2022,46876.0,46876.0,45874.0,0.021842437982299342,historis
KOTA CIMAHI,0,2022,46876.0,46876.0,46876.0,0.0,historis
KOTA CIMAHI,0,2022,46876.0,46876.0,46876.0,0.0,historis
KOTA CIMAHI,0,2022,46876.0,46876.0,46876.0,0.0,historis
KOTA CIMAHI,0,2022,46876.0,46876.0,46876.0,0.0,historis
KOTA CIMAHI,0,2022,46876.0,46876.0,46876.0,0.0,historis
KOTA CIMAHI,0,2022,46876.0,46876.0,46876.0,0.0,historis
KOTA CIMAHI,0,2022,46876.0,46876.0,46876.0,0.0,historis
KOTA CIMAHI,0,2022,46876.0,46876.0,46876.0,0.0,historis
KOTA CIMAHI,0,2022,46876.0,46876.0,46876.0,0.0,historis
KOTA CIMAHI,0,2023,47955.0,46876.0,46876.0,0.0,historis
KOTA CIMAHI,0,2023,47955.0,47955.0,46876.0,0.023018175612253604,historis
KOTA CIMAHI,0,2023,47955.0,47955.0,47955.0,0.0,historis
KOTA CIMAHI,0,2023,47955.0,47955.0,47955.0,0.0,historis
KOTA CIMAHI,0,2023,47955.0,47955.0,47955.0,0.0,historis
KOTA CIMAHI,0,2024,47823.0,47955.0,47955.0,0.0,historis
KOTA CIMAHI,0,2024,47823.0,47823.0,47955.0,-0.0027525805442602438,historis
KOTA CIMAHI,0,2024,47823.0,47823.0,47823.0,0.0,historis
KOTA CIMAHI,0,2024,47823.0,47823.0,47823.0,0.0,historis
KOTA CIMAHI,0,2024,47823.0,47823.0,47823.0,0.0,historis
KOTA CIMAHI,0,2024,47823.0,47823.0,47823.0,0.0,historis
KOTA CIMAHI,0,2024,47823.0,47823.0,47823.0,0.0,historis
KOTA CIMAHI,0,2025,47767.0,47823.0,47823.0,0.0,historis
KOTA CIMAHI,0,2026,46717.0,47767.0,47823.0,-0.0012,prediksi
KOTA CIMAHI,0,2027,46717.0,46717.0,47767.0,-0.022,prediksi
KOTA CIMAHI,0,2028,46717.0,46717.0,46717.0,0.0,prediksi
KOTA CIMAHI,0,2029,46717.0,46717.0,46717.0,0.0,prediksi
KOTA CIMAHI,0,2030,46717.0,46717.0,46717.0,0.0,prediksi
KOTA CIMAHI,1,2016,0.0,0.0,0.0,0.0,historis
KOTA CIMAHI,1,2017,0.0,0.0,0.0,0.0,historis
KOTA CIMAHI,1,2018,260741.0,0.0,0.0,0.0,historis
KOTA CIMAHI,1,2019,264283.0,260741.0,0.0,0.0,historis
KOTA CIMAHI,1,2020,240642.0,264283.0,260741.0,0.01358436149282238,historis
KOTA CIMAHI,1,2021,238848.0,240642.0,264283.0,-0.08945335114252524,historis
KOTA CIMAHI,1,2021,238848.0,238848.0,240642.0,-0.007455057720597402,historis
KOTA CIMAHI,1,2021,238848.0,238848.0,238848.0,0.0,historis
KOTA CIMAHI,1,2021,238848.0,238848.0,238848.0,0.0,historis
KOTA CIMAHI,1,2021,238848.0,238848.0,238848.0,0.0,historis
KOTA CIMAHI,1,2021,238848.0,238848.0,238848.0,0.0,historis
KOTA CIMAHI,1,2021,238848.0,238848.0,238848.0,0.0,historis
KOTA CIMAHI,1,2021,238848.0,238848.0,238848.0,0.0,historis
KOTA CIMAHI,1,2022,239042.0,238848.0,238848.0,0.0,historis
KOTA CIMAHI,1,2022,239042.0,239042.0,238848.0,0.0008122320471596999,historis
KOTA CIMAHI,1,2022,239042.0,239042.0,239042.0,0.0,historis
KOTA CIMAHI,1,2022,239042.0,239042.0,239042.0,0.0,historis
KOTA CIMAHI,1,2022,239042.0,239042.0,239042.0,0.0,historis
KOTA CIMAHI,1,2022,239042.0,239042.0,239042.0,0.0,historis
KOTA CIMAHI,1,2022,239042.0,239042.0,239042.0,0.0,historis
KOTA CIMAHI,1,2022,239042.0,239042.0,239042.0,0.0,historis
KOTA CIMAHI,1,2022,239042.0,239042.0,239042.0,0.0,historis
KOTA CIMAHI,1,2022,239042.0,239042.0,239042.0,0.0,historis
KOTA CIMAHI,1,2022,239042.0,239042.0,239042.0,0.0,historis
KOTA CIMAHI,1,2023,242321.0,239042.0,239042.0,0.0,historis
KOTA CIMAHI,1,2023,242321.0,242321.0,239042.0,0.013717254708377606,historis
KOTA CIMAHI,1,2023,242321.0,242321.0,242321.0,0.0,historis
KOTA CIMAHI,1,2023,242321.0,242321.0,242321.0,0.0,historis
KOTA CIMAHI,1,2023,242321.0,242321.0,242321.0,0.0,historis
KOTA CIMAHI,1,2024,240895.0,242321.0,242321.0,0.0,historis
KOTA CIMAHI,1,2024,240895.0,240895.0,242321.0,-0.005884756170534126,historis
KOTA CIMAHI,1,2024,240895.0,240895.0,240895.0,0.0,historis
KOTA CIMAHI,1,2024,240895.0,240895.0,240895.0,0.0,historis
KOTA CIMAHI,1,2024,240895.0,240895.0,240895.0,0.0,historis
KOTA CIMAHI,1,2024,240895.0,240895.0,240895.0,0.0,historis
KOTA CIMAHI,1,2024,240895.0,240895.0,240895.0,0.0,historis
KOTA CIMAHI,1,2025,238144.0,240895.0,240895.0,0.0,historis
KOTA CIMAHI,1,2026,241297.0,238144.0,240895.0,-0.0114,prediksi
KOTA CIMAHI,1,2027,241297.0,241297.0,238144.0,0.0132,prediksi
KOTA CIMAHI,1,2028,241297.0,241297.0,241297.0,0.0,prediksi
KOTA CIMAHI,1,2029,241297.0,241297.0,241297.0,0.0,prediksi
KOTA CIMAHI,1,2030,241297.0,241297.0,241297.0,0.0,prediksi
KOTA CIMAHI,2,2016,0.0,0.0,0.0,0.0,historis
KOTA CIMAHI,2,2017,0.0,0.0,0.0,0.0,historis
KOTA CIMAHI,2,2018,273.0,0.0,0.0,0.0,historis
KOTA CIMAHI,2,2019,270.0,273.0,0.0,0.0,historis
KOTA CIMAHI,2,2020,264.0,270.0,273.0,-0.01098901098901099,historis
KOTA CIMAHI,2,2021,242.0,264.0,270.0,-0.022222222222222223,historis
KOTA CIMAHI,2,2021,242.0,242.0,264.0,-0.08333333333333333,historis
KOTA CIMAHI,2,2021,242.0,242.0,242.0,0.0,historis
KOTA CIMAHI,2,2021,242.0,242.0,242.0,0.0,historis
KOTA CIMAHI,2,2021,242.0,242.0,242.0,0.0,historis
KOTA CIMAHI,2,2021,242.0,242.0,242.0,0.0,historis
KOTA CIMAHI,2,2021,242.0,242.0,242.0,0.0,historis
KOTA CIMAHI,2,2021,242.0,242.0,242.0,0.0,historis
KOTA CIMAHI,2,2022,246.0,242.0,242.0,0.0,historis
KOTA CIMAHI,2,2022,246.0,246.0,242.0,0.01652892561983471,historis
KOTA CIMAHI,2,2022,246.0,246.0,246.0,0.0,historis
KOTA CIMAHI,2,2022,246.0,246.0,246.0,0.0,historis
KOTA CIMAHI,2,2022,246.0,246.0,246.0,0.0,historis
KOTA CIMAHI,2,2022,246.0,246.0,246.0,0.0,historis
KOTA CIMAHI,2,2022,246.0,246.0,246.0,0.0,historis
KOTA CIMAHI,2,2022,246.0,246.0,246.0,0.0,historis
KOTA CIMAHI,2,2022,246.0,246.0,246.0,0.0,historis
KOTA CIMAHI,2,2022,246.0,246.0,246.0,0.0,historis
KOTA CIMAHI,2,2022,246.0,246.0,246.0,0.0,historis
KOTA CIMAHI,2,2023,242.0,246.0,246.0,0.0,historis
KOTA CIMAHI,2,2023,242.0,242.0,246.0,-0.016260162601626018,historis
KOTA CIMAHI,2,2023,242.0,242.0,242.0,0.0,historis
KOTA CIMAHI,2,2023,242.0,242.0,242.0,0.0,historis
KOTA CIMAHI,2,2023,242.0,242.0,242.0,0.0,historis
KOTA CIMAHI,2,2024,243.0,242.0,242.0,0.0,historis
KOTA CIMAHI,2,2024,243.0,243.0,242.0,0.004132231404958678,historis
KOTA CIMAHI,2,2024,243.0,243.0,243.0,0.0,historis
KOTA CIMAHI,2,2024,243.0,243.0,243.0,0.0,historis
KOTA CIMAHI,2,2024,243.0,243.0,243.0,0.0,historis
KOTA CIMAHI,2,2024,243.0,243.0,243.0,0.0,historis
KOTA CIMAHI,2,2024,243.0,243.0,243.0,0.0,historis
KOTA CIMAHI,2,2025,258.0,243.0,243.0,0.0,historis
KOTA CIMAHI,2,2026,282.0,258.0,243.0,0.0617,prediksi
KOTA CIMAHI,2,2027,282.0,282.0,258.0,0.0928,prediksi
KOTA CIMAHI,2,2028,282.0,282.0,282.0,0.0,prediksi
KOTA CIMAHI,2,2029,282.0,282.0,282.0,0.0,prediksi
KOTA CIMAHI,2,2030,282.0,282.0,282.0,0.0,prediksi
KOTA CIMAHI,3,2016,0.0,0.0,0.0,0.0,historis
KOTA CIMAHI,3,2017,0.0,0.0,0.0,0.0,historis
KOTA CIMAHI,3,2018,7465.0,0.0,0.0,0.0,historis
KOTA CIMAHI,3,2019,7378.0,7465.0,0.0,0.0,historis
KOTA CIMAHI,3,2020,6741.0,7378.0,7465.0,-0.011654387139986604,historis
KOTA CIMAHI,3,2021,6603.0,6741.0,7378.0,-0.08633776091081594,historis
KOTA CIMAHI,3,2021,6603.0,6603.0,6741.0,-0.020471740097908322,historis
KOTA CIMAHI,3,2021,6603.0,6603.0,6603.0,0.0,historis
KOTA CIMAHI,3,2021,6603.0,6603.0,6603.0,0.0,historis
KOTA CIMAHI,3,2021,6603.0,6603.0,6603.0,0.0,historis
KOTA CIMAHI,3,2021,6603.0,6603.0,6603.0,0.0,historis
KOTA CIMAHI,3,2021,6603.0,6603.0,6603.0,0.0,historis
KOTA CIMAHI,3,2021,6603.0,6603.0,6603.0,0.0,historis
KOTA CIMAHI,3,2022,6616.0,6603.0,6603.0,0.0,historis
KOTA CIMAHI,3,2022,6616.0,6616.0,6603.0,0.001968802059669847,historis
KOTA CIMAHI,3,2022,6616.0,6616.0,6616.0,0.0,historis
KOTA CIMAHI,3,2022,6616.0,6616.0,6616.0,0.0,historis
KOTA CIMAHI,3,2022,6616.0,6616.0,6616.0,0.0,historis
KOTA CIMAHI,3,2022,6616.0,6616.0,6616.0,0.0,historis
KOTA CIMAHI,3,2022,6616.0,6616.0,6616.0,0.0,historis
KOTA CIMAHI,3,2022,6616.0,6616.0,6616.0,0.0,historis
KOTA CIMAHI,3,2022,6616.0,6616.0,6616.0,0.0,historis
KOTA CIMAHI,3,2022,6616.0,6616.0,6616.0,0.0,historis
KOTA CIMAHI,3,2022,6616.0,6616.0,6616.0,0.0,historis
KOTA CIMAHI,3,2023,6641.0,6616.0,6616.0,0.0,historis
KOTA CIMAHI,3,2023,6641.0,6641.0,6616.0,0.0037787182587666265,historis
KOTA CIMAHI,3,2023,6641.0,6641.0,6641.0,0.0,historis
KOTA CIMAHI,3,2023,6641.0,6641.0,6641.0,0.0,historis
KOTA CIMAHI,3,2023,6641.0,6641.0,6641.0,0.0,historis
KOTA CIMAHI,3,2024,6491.0,6641.0,6641.0,0.0,historis
KOTA CIMAHI,3,2024,6491.0,6491.0,6641.0,-0.022586959795211563,historis
KOTA CIMAHI,3,2024,6491.0,6491.0,6491.0,0.0,historis
KOTA CIMAHI,3,2024,6491.0,6491.0,6491.0,0.0,historis
KOTA CIMAHI,3,2024,6491.0,6491.0,6491.0,0.0,historis
KOTA CIMAHI,3,2024,6491.0,6491.0,6491.0,0.0,historis
KOTA CIMAHI,3,2024,6491.0,6491.0,6491.0,0.0,historis
KOTA CIMAHI,3,2025,6433.0,6491.0,6491.0,0.0,historis
KOTA CIMAHI,3,2026,5646.0,6433.0,6491.0,-0.0089,prediksi
KOTA CIMAHI,3,2027,5646.0,5646.0,6433.0,-0.1224,prediksi
KOTA CIMAHI,3,2028,5646.0,5646.0,5646.0,0.0,prediksi
KOTA CIMAHI,3,2029,5646.0,5646.0,5646.0,0.0,prediksi
KOTA CIMAHI,3,2030,5646.0,5646.0,5646.0,0.0,prediksi
KOTA CIREBON,0,2016,0.0,0.0,0.0,0.0,historis
KOTA CIREBON,0,2017,0.0,0.0,0.0,0.0,historis
KOTA CIREBON,0,2018,31732.0,0.0,0.0,0.0,historis
KOTA CIREBON,0,2019,32513.0,31732.0,0.0,0.0,historis
KOTA CIREBON,0,2020,29085.0,32513.0,31732.0,0.024612378671372746,historis
KOTA CIREBON,0,2021,29501.0,29085.0,32513.0,-0.10543474917725218,historis
KOTA CIREBON,0,2021,29501.0,29501.0,29085.0,0.014302905277634519,historis
KOTA CIREBON,0,2021,29501.0,29501.0,29501.0,0.0,historis
KOTA CIREBON,0,2021,29501.0,29501.0,29501.0,0.0,historis
KOTA CIREBON,0,2021,29501.0,29501.0,29501.0,0.0,historis
KOTA CIREBON,0,2022,29964.0,29501.0,29501.0,0.0,historis
KOTA CIREBON,0,2022,29964.0,29964.0,29501.0,0.01569438324124606,historis
KOTA CIREBON,0,2022,29964.0,29964.0,29964.0,0.0,historis
KOTA CIREBON,0,2022,29964.0,29964.0,29964.0,0.0,historis
KOTA CIREBON,0,2022,29964.0,29964.0,29964.0,0.0,historis
KOTA CIREBON,0,2022,29964.0,29964.0,29964.0,0.0,historis
KOTA CIREBON,0,2022,29964.0,29964.0,29964.0,0.0,historis
KOTA CIREBON,0,2022,29964.0,29964.0,29964.0,0.0,historis
KOTA CIREBON,0,2023,30460.0,29964.0,29964.0,0.0,historis
KOTA CIREBON,0,2023,30460.0,30460.0,29964.0,0.016553197169937257,historis
KOTA CIREBON,0,2023,30460.0,30460.0,30460.0,0.0,historis
KOTA CIREBON,0,2023,30460.0,30460.0,30460.0,0.0,historis
KOTA CIREBON,0,2023,30460.0,30460.0,30460.0,0.0,historis
KOTA CIREBON,0,2023,30460.0,30460.0,30460.0,0.0,historis
KOTA CIREBON,0,2023,30460.0,30460.0,30460.0,0.0,historis
KOTA CIREBON,0,2023,30460.0,30460.0,30460.0,0.0,historis
KOTA CIREBON,0,2024,30541.0,30460.0,30460.0,0.0,historis
KOTA CIREBON,0,2024,30541.0,30541.0,30460.0,0.002659225213394616,historis
KOTA CIREBON,0,2024,30541.0,30541.0,30541.0,0.0,historis
KOTA CIREBON,0,2024,30541.0,30541.0,30541.0,0.0,historis
KOTA CIREBON,0,2024,30541.0,30541.0,30541.0,0.0,historis
KOTA CIREBON,0,2024,30541.0,30541.0,30541.0,0.0,historis
KOTA CIREBON,0,2024,30541.0,30541.0,30541.0,0.0,historis
KOTA CIREBON,0,2024,30541.0,30541.0,30541.0,0.0,historis
KOTA CIREBON,0,2024,30541.0,30541.0,30541.0,0.0,historis
KOTA CIREBON,0,2024,30541.0,30541.0,30541.0,0.0,historis
KOTA CIREBON,0,2024,30541.0,30541.0,30541.0,0.0,historis
KOTA CIREBON,0,2024,30541.0,30541.0,30541.0,0.0,historis
KOTA CIREBON,0,2025,30703.0,30541.0,30541.0,0.0,historis
KOTA CIREBON,0,2026,30430.0,30703.0,30541.0,0.0053,prediksi
KOTA CIREBON,0,2027,30430.0,30430.0,30703.0,-0.0089,prediksi
KOTA CIREBON,0,2028,30430.0,30430.0,30430.0,0.0,prediksi
KOTA CIREBON,0,2029,30430.0,30430.0,30430.0,0.0,prediksi
KOTA CIREBON,0,2030,30430.0,30430.0,30430.0,0.0,prediksi
KOTA CIREBON,1,2016,0.0,0.0,0.0,0.0,historis
KOTA CIREBON,1,2017,0.0,0.0,0.0,0.0,historis
KOTA CIREBON,1,2018,142467.0,0.0,0.0,0.0,historis
KOTA CIREBON,1,2019,142362.0,142467.0,0.0,0.0,historis
KOTA CIREBON,1,2020,130618.0,142362.0,142467.0,-0.0007370127819073891,historis
KOTA CIREBON,1,2021,130628.0,130618.0,142362.0,-0.08249392394037734,historis
KOTA CIREBON,1,2021,130628.0,130628.0,130618.0,7.65591266134836e-05,historis
KOTA CIREBON,1,2021,130628.0,130628.0,130628.0,0.0,historis
KOTA CIREBON,1,2021,130628.0,130628.0,130628.0,0.0,historis
KOTA CIREBON,1,2021,130628.0,130628.0,130628.0,0.0,historis
KOTA CIREBON,1,2022,130009.0,130628.0,130628.0,0.0,historis
KOTA CIREBON,1,2022,130009.0,130009.0,130628.0,-0.004738647150687448,historis
KOTA CIREBON,1,2022,130009.0,130009.0,130009.0,0.0,historis
KOTA CIREBON,1,2022,130009.0,130009.0,130009.0,0.0,historis
KOTA CIREBON,1,2022,130009.0,130009.0,130009.0,0.0,historis
KOTA CIREBON,1,2022,130009.0,130009.0,130009.0,0.0,historis
KOTA CIREBON,1,2022,130009.0,130009.0,130009.0,0.0,historis
KOTA CIREBON,1,2022,130009.0,130009.0,130009.0,0.0,historis
KOTA CIREBON,1,2023,130647.0,130009.0,130009.0,0.0,historis
KOTA CIREBON,1,2023,130647.0,130647.0,130009.0,0.0049073525678991455,historis
KOTA CIREBON,1,2023,130647.0,130647.0,130647.0,0.0,historis
KOTA CIREBON,1,2023,130647.0,130647.0,130647.0,0.0,historis
KOTA CIREBON,1,2023,130647.0,130647.0,130647.0,0.0,historis
KOTA CIREBON,1,2023,130647.0,130647.0,130647.0,0.0,historis
KOTA CIREBON,1,2023,130647.0,130647.0,130647.0,0.0,historis
KOTA CIREBON,1,2023,130647.0,130647.0,130647.0,0.0,historis
KOTA CIREBON,1,2024,130179.0,130647.0,130647.0,0.0,historis
KOTA CIREBON,1,2024,130179.0,130179.0,130647.0,-0.0035821718064708717,historis
KOTA CIREBON,1,2024,130179.0,130179.0,130179.0,0.0,historis
KOTA CIREBON,1,2024,130179.0,130179.0,130179.0,0.0,historis
KOTA CIREBON,1,2024,130179.0,130179.0,130179.0,0.0,historis
KOTA CIREBON,1,2024,130179.0,130179.0,130179.0,0.0,historis
KOTA CIREBON,1,2024,130179.0,130179.0,130179.0,0.0,historis
KOTA CIREBON,1,2024,130179.0,130179.0,130179.0,0.0,historis
KOTA CIREBON,1,2024,130179.0,130179.0,130179.0,0.0,historis
KOTA CIREBON,1,2024,130179.0,130179.0,130179.0,0.0,historis
KOTA CIREBON,1,2024,130179.0,130179.0,130179.0,0.0,historis
KOTA CIREBON,1,2024,130179.0,130179.0,130179.0,0.0,historis
KOTA CIREBON,1,2025,127693.0,130179.0,130179.0,0.0,historis
KOTA CIREBON,1,2026,127693.0,127693.0,130179.0,-0.0191,prediksi
KOTA CIREBON,1,2027,127693.0,127693.0,127693.0,0.0,prediksi
KOTA CIREBON,1,2028,127693.0,127693.0,127693.0,0.0,prediksi
KOTA CIREBON,1,2029,127693.0,127693.0,127693.0,0.0,prediksi
KOTA CIREBON,1,2030,127693.0,127693.0,127693.0,0.0,prediksi
KOTA CIREBON,2,2016,0.0,0.0,0.0,0.0,historis
KOTA CIREBON,2,2017,0.0,0.0,0.0,0.0,historis
KOTA CIREBON,2,2018,411.0,0.0,0.0,0.0,historis
KOTA CIREBON,2,2019,429.0,411.0,0.0,0.0,historis
KOTA CIREBON,2,2020,418.0,429.0,411.0,0.043795620437956206,historis
KOTA CIREBON,2,2021,415.0,418.0,429.0,-0.02564102564102564,historis
KOTA CIREBON,2,2021,415.0,415.0,418.0,-0.007177033492822967,historis
KOTA CIREBON,2,2021,415.0,415.0,415.0,0.0,historis
KOTA CIREBON,2,2021,415.0,415.0,415.0,0.0,historis
KOTA CIREBON,2,2021,415.0,415.0,415.0,0.0,historis
KOTA CIREBON,2,2022,411.0,415.0,415.0,0.0,historis
KOTA CIREBON,2,2022,411.0,411.0,415.0,-0.00963855421686747,historis
KOTA CIREBON,2,2022,411.0,411.0,411.0,0.0,historis
KOTA CIREBON,2,2022,411.0,411.0,411.0,0.0,historis
KOTA CIREBON,2,2022,411.0,411.0,411.0,0.0,historis
KOTA CIREBON,2,2022,411.0,411.0,411.0,0.0,historis
KOTA CIREBON,2,2022,411.0,411.0,411.0,0.0,historis
KOTA CIREBON,2,2022,411.0,411.0,411.0,0.0,historis
KOTA CIREBON,2,2023,418.0,411.0,411.0,0.0,historis
KOTA CIREBON,2,2023,418.0,418.0,411.0,0.0170316301703163,historis
KOTA CIREBON,2,2023,418.0,418.0,418.0,0.0,historis
KOTA CIREBON,2,2023,418.0,418.0,418.0,0.0,historis
KOTA CIREBON,2,2023,418.0,418.0,418.0,0.0,historis
KOTA CIREBON,2,2023,418.0,418.0,418.0,0.0,historis
KOTA CIREBON,2,2023,418.0,418.0,418.0,0.0,historis
KOTA CIREBON,2,2023,418.0,418.0,418.0,0.0,historis
KOTA CIREBON,2,2024,434.0,418.0,418.0,0.0,historis
KOTA CIREBON,2,2024,434.0,434.0,418.0,0.03827751196172249,historis
KOTA CIREBON,2,2024,434.0,434.0,434.0,0.0,historis
KOTA CIREBON,2,2024,434.0,434.0,434.0,0.0,historis
KOTA CIREBON,2,2024,434.0,434.0,434.0,0.0,historis
KOTA CIREBON,2,2024,434.0,434.0,434.0,0.0,historis
KOTA CIREBON,2,2024,434.0,434.0,434.0,0.0,historis
KOTA CIREBON,2,2024,434.0,434.0,434.0,0.0,historis
KOTA CIREBON,2,2024,434.0,434.0,434.0,0.0,historis
KOTA CIREBON,2,2024,434.0,434.0,434.0,0.0,historis
KOTA CIREBON,2,2024,434.0,434.0,434.0,0.0,historis
KOTA CIREBON,2,2024,434.0,434.0,434.0,0.0,historis
KOTA CIREBON,2,2025,456.0,434.0,434.0,0.0,historis
KOTA CIREBON,2,2026,508.0,456.0,434.0,0.0507,prediksi
KOTA CIREBON,2,2027,508.0,508.0,456.0,0.1143,prediksi
KOTA CIREBON,2,2028,508.0,508.0,508.0,0.0,prediksi
KOTA CIREBON,2,2029,508.0,508.0,508.0,0.0,prediksi
KOTA CIREBON,2,2030,508.0,508.0,508.0,0.0,prediksi
KOTA CIREBON,3,2016,0.0,0.0,0.0,0.0,historis
KOTA CIREBON,3,2017,0.0,0.0,0.0,0.0,historis
KOTA CIREBON,3,2018,14019.0,0.0,0.0,0.0,historis
KOTA CIREBON,3,2019,14127.0,14019.0,0.0,0.0,historis
KOTA CIREBON,3,2020,12656.0,14127.0,14019.0,0.007703830515728654,historis
KOTA CIREBON,3,2021,12540.0,12656.0,14127.0,-0.10412684929567495,historis
KOTA CIREBON,3,2021,12540.0,12540.0,12656.0,-0.009165613147914033,historis
KOTA CIREBON,3,2021,12540.0,12540.0,12540.0,0.0,historis
KOTA CIREBON,3,2021,12540.0,12540.0,12540.0,0.0,historis
KOTA CIREBON,3,2021,12540.0,12540.0,12540.0,0.0,historis
KOTA CIREBON,3,2022,12426.0,12540.0,12540.0,0.0,historis
KOTA CIREBON,3,2022,12426.0,12426.0,12540.0,-0.00909090909090909,historis
KOTA CIREBON,3,2022,12426.0,12426.0,12426.0,0.0,historis
KOTA CIREBON,3,2022,12426.0,12426.0,12426.0,0.0,historis
KOTA CIREBON,3,2022,12426.0,12426.0,12426.0,0.0,historis
KOTA CIREBON,3,2022,12426.0,12426.0,12426.0,0.0,historis
KOTA CIREBON,3,2022,12426.0,12426.0,12426.0,0.0,historis
KOTA CIREBON,3,2022,12426.0,12426.0,12426.0,0.0,historis
KOTA CIREBON,3,2023,12363.0,12426.0,12426.0,0.0,historis
KOTA CIREBON,3,2023,12363.0,12363.0,12426.0,-0.005070014485755674,historis
KOTA CIREBON,3,2023,12363.0,12363.0,12363.0,0.0,historis
KOTA CIREBON,3,2023,12363.0,12363.0,12363.0,0.0,historis
KOTA CIREBON,3,2023,12363.0,12363.0,12363.0,0.0,historis
KOTA CIREBON,3,2023,12363.0,12363.0,12363.0,0.0,historis
KOTA CIREBON,3,2023,12363.0,12363.0,12363.0,0.0,historis
KOTA CIREBON,3,2023,12363.0,12363.0,12363.0,0.0,historis
KOTA CIREBON,3,2024,12076.0,12363.0,12363.0,0.0,historis
KOTA CIREBON,3,2024,12076.0,12076.0,12363.0,-0.023214430154493246,historis
KOTA CIREBON,3,2024,12076.0,12076.0,12076.0,0.0,historis
KOTA CIREBON,3,2024,12076.0,12076.0,12076.0,0.0,historis
KOTA CIREBON,3,2024,12076.0,12076.0,12076.0,0.0,historis
KOTA CIREBON,3,2024,12076.0,12076.0,12076.0,0.0,historis
KOTA CIREBON,3,2024,12076.0,12076.0,12076.0,0.0,historis
KOTA CIREBON,3,2024,12076.0,12076.0,12076.0,0.0,historis
KOTA CIREBON,3,2024,12076.0,12076.0,12076.0,0.0,historis
KOTA CIREBON,3,2024,12076.0,12076.0,12076.0,0.0,historis
KOTA CIREBON,3,2024,12076.0,12076.0,12076.0,0.0,historis
KOTA CIREBON,3,2024,12076.0,12076.0,12076.0,0.0,historis
KOTA CIREBON,3,2025,11886.0,12076.0,12076.0,0.0,historis
KOTA CIREBON,3,2026,11811.0,11886.0,12076.0,-0.0157,prediksi
KOTA CIREBON,3,2027,11811.0,11811.0,11886.0,-0.0063,prediksi
KOTA CIREBON,3,2028,11811.0,11811.0,11811.0,0.0,prediksi
KOTA CIREBON,3,2029,11811.0,11811.0,11811.0,0.0,prediksi
KOTA CIREBON,3,2030,11811.0,11811.0,11811.0,0.0,prediksi
KOTA DEPOK,0,2016,0.0,0.0,0.0,0.0,historis
KOTA DEPOK,0,2017,0.0,0.0,0.0,0.0,historis
KOTA DEPOK,0,2018,189503.0,0.0,0.0,0.0,historis
KOTA DEPOK,0,2019,194251.0,189503.0,0.0,0.0,historis
KOTA DEPOK,0,2020,184159.0,194251.0,189503.0,0.025055012321704668,historis
KOTA DEPOK,0,2021,186204.0,184159.0,194251.0,-0.05195340049729474,historis
KOTA DEPOK,0,2021,186204.0,186204.0,184159.0,0.011104534668411535,historis
KOTA DEPOK,0,2021,186204.0,186204.0,186204.0,0.0,historis
KOTA DEPOK,0,2021,186204.0,186204.0,186204.0,0.0,historis
KOTA DEPOK,0,2021,186204.0,186204.0,186204.0,0.0,historis
KOTA DEPOK,0,2021,186204.0,186204.0,186204.0,0.0,historis
KOTA DEPOK,0,2021,186204.0,186204.0,186204.0,0.0,historis
KOTA DEPOK,0,2021,186204.0,186204.0,186204.0,0.0,historis
KOTA DEPOK,0,2021,186204.0,186204.0,186204.0,0.0,historis
KOTA DEPOK,0,2021,186204.0,186204.0,186204.0,0.0,historis
KOTA DEPOK,0,2021,186204.0,186204.0,186204.0,0.0,historis
KOTA DEPOK,0,2021,186204.0,186204.0,186204.0,0.0,historis
KOTA DEPOK,0,2021,186204.0,186204.0,186204.0,0.0,historis
KOTA DEPOK,0,2021,186204.0,186204.0,186204.0,0.0,historis
KOTA DEPOK,0,2022,127962.0,186204.0,186204.0,0.0,historis
KOTA DEPOK,0,2022,127962.0,127962.0,186204.0,-0.3127859766707482,historis
KOTA DEPOK,0,2022,127962.0,127962.0,127962.0,0.0,historis
KOTA DEPOK,0,2022,127962.0,127962.0,127962.0,0.0,historis
KOTA DEPOK,0,2022,127962.0,127962.0,127962.0,0.0,historis
KOTA DEPOK,0,2022,127962.0,127962.0,127962.0,0.0,historis
KOTA DEPOK,0,2022,127962.0,127962.0,127962.0,0.0,historis
KOTA DEPOK,0,2022,127962.0,127962.0,127962.0,0.0,historis
KOTA DEPOK,0,2022,127962.0,127962.0,127962.0,0.0,historis
KOTA DEPOK,0,2022,127962.0,127962.0,127962.0,0.0,historis
KOTA DEPOK,0,2022,127962.0,127962.0,127962.0,0.0,historis
KOTA DEPOK,0,2022,127962.0,127962.0,127962.0,0.0,historis
KOTA DEPOK,0,2022,127962.0,127962.0,127962.0,0.0,historis
KOTA DEPOK,0,2023,200304.0,127962.0,127962.0,0.0,historis
KOTA DEPOK,0,2023,200304.0,200304.0,127962.0,0.5653397102264734,historis
KOTA DEPOK,0,2023,200304.0,200304.0,200304.0,0.0,historis
KOTA DEPOK,0,2023,200304.0,200304.0,200304.0,0.0,historis
KOTA DEPOK,0,2023,200304.0,200304.0,200304.0,0.0,historis
KOTA DEPOK,0,2023,200304.0,200304.0,200304.0,0.0,historis
KOTA DEPOK,0,2024,206405.0,200304.0,200304.0,0.0,historis
KOTA DEPOK,0,2024,206405.0,206405.0,200304.0,0.030458702771786885,historis
KOTA DEPOK,0,2024,206405.0,206405.0,206405.0,0.0,historis
KOTA DEPOK,0,2024,206405.0,206405.0,206405.0,0.0,historis
KOTA DEPOK,0,2024,206405.0,206405.0,206405.0,0.0,historis
KOTA DEPOK,0,2024,206405.0,206405.0,206405.0,0.0,historis
KOTA DEPOK,0,2024,206405.0,206405.0,206405.0,0.0,historis
KOTA DEPOK,0,2024,206405.0,206405.0,206405.0,0.0,historis
KOTA DEPOK,0,2024,206405.0,206405.0,206405.0,0.0,historis
KOTA DEPOK,0,2024,206405.0,206405.0,206405.0,0.0,historis
KOTA DEPOK,0,2024,206405.0,206405.0,206405.0,0.0,historis
KOTA DEPOK,0,2025,214170.0,206405.0,206405.0,0.0,historis
KOTA DEPOK,0,2026,300651.0,214170.0,206405.0,0.0376,prediksi
KOTA DEPOK,0,2027,233260.0,300651.0,214170.0,0.4038,prediksi
KOTA DEPOK,0,2028,241387.0,233260.0,300651.0,-0.2242,prediksi
KOTA DEPOK,0,2029,241297.0,241387.0,233260.0,0.0348,prediksi
KOTA DEPOK,0,2030,241297.0,241297.0,241387.0,-0.0004,prediksi
KOTA DEPOK,1,2016,0.0,0.0,0.0,0.0,historis
KOTA DEPOK,1,2017,0.0,0.0,0.0,0.0,historis
KOTA DEPOK,1,2018,966451.0,0.0,0.0,0.0,historis
KOTA DEPOK,1,2019,981577.0,966451.0,0.0,0.0,historis
KOTA DEPOK,1,2020,931338.0,981577.0,966451.0,0.01565107801637124,historis
KOTA DEPOK,1,2021,919479.0,931338.0,981577.0,-0.05118192459684773,historis
KOTA DEPOK,1,2021,919479.0,919479.0,931338.0,-0.012733293390799044,historis
KOTA DEPOK,1,2021,919479.0,919479.0,919479.0,0.0,historis
KOTA DEPOK,1,2021,919479.0,919479.0,919479.0,0.0,historis
KOTA DEPOK,1,2021,919479.0,919479.0,919479.0,0.0,historis
KOTA DEPOK,1,2021,919479.0,919479.0,919479.0,0.0,historis
KOTA DEPOK,1,2021,919479.0,919479.0,919479.0,0.0,historis
KOTA DEPOK,1,2021,919479.0,919479.0,919479.0,0.0,historis
KOTA DEPOK,1,2021,919479.0,919479.0,919479.0,0.0,historis
KOTA DEPOK,1,2021,919479.0,919479.0,919479.0,0.0,historis
KOTA DEPOK,1,2021,919479.0,919479.0,919479.0,0.0,historis
KOTA DEPOK,1,2021,919479.0,919479.0,919479.0,0.0,historis
KOTA DEPOK,1,2021,919479.0,919479.0,919479.0,0.0,historis
KOTA DEPOK,1,2021,919479.0,919479.0,919479.0,0.0,historis
KOTA DEPOK,1,2022,620273.0,919479.0,919479.0,0.0,historis
KOTA DEPOK,1,2022,620273.0,620273.0,919479.0,-0.32540819311805924,historis
KOTA DEPOK,1,2022,620273.0,620273.0,620273.0,0.0,historis
KOTA DEPOK,1,2022,620273.0,620273.0,620273.0,0.0,historis
KOTA DEPOK,1,2022,620273.0,620273.0,620273.0,0.0,historis
KOTA DEPOK,1,2022,620273.0,620273.0,620273.0,0.0,historis
KOTA DEPOK,1,2022,620273.0,620273.0,620273.0,0.0,historis
KOTA DEPOK,1,2022,620273.0,620273.0,620273.0,0.0,historis
KOTA DEPOK,1,2022,620273.0,620273.0,620273.0,0.0,historis
KOTA DEPOK,1,2022,620273.0,620273.0,620273.0,0.0,historis
KOTA DEPOK,1,2022,620273.0,620273.0,620273.0,0.0,historis
KOTA DEPOK,1,2022,620273.0,620273.0,620273.0,0.0,historis
KOTA DEPOK,1,2022,620273.0,620273.0,620273.0,0.0,historis
KOTA DEPOK,1,2023,955647.0,620273.0,620273.0,0.0,historis
KOTA DEPOK,1,2023,955647.0,955647.0,620273.0,0.5406877294352648,historis
KOTA DEPOK,1,2023,955647.0,955647.0,955647.0,0.0,historis
KOTA DEPOK,1,2023,955647.0,955647.0,955647.0,0.0,historis
KOTA DEPOK,1,2023,955647.0,955647.0,955647.0,0.0,historis
KOTA DEPOK,1,2023,955647.0,955647.0,955647.0,0.0,historis
KOTA DEPOK,1,2024,973220.0,955647.0,955647.0,0.0,historis
KOTA DEPOK,1,2024,973220.0,973220.0,955647.0,0.018388589091997358,historis
KOTA DEPOK,1,2024,973220.0,973220.0,973220.0,0.0,historis
KOTA DEPOK,1,2024,973220.0,973220.0,973220.0,0.0,historis
KOTA DEPOK,1,2024,973220.0,973220.0,973220.0,0.0,historis
KOTA DEPOK,1,2024,973220.0,973220.0,973220.0,0.0,historis
KOTA DEPOK,1,2024,973220.0,973220.0,973220.0,0.0,historis
KOTA DEPOK,1,2024,973220.0,973220.0,973220.0,0.0,historis
KOTA DEPOK,1,2024,973220.0,973220.0,973220.0,0.0,historis
KOTA DEPOK,1,2024,973220.0,973220.0,973220.0,0.0,historis
KOTA DEPOK,1,2024,973220.0,973220.0,973220.0,0.0,historis
KOTA DEPOK,1,2025,992944.0,973220.0,973220.0,0.0,historis
KOTA DEPOK,1,2026,975892.0,992944.0,973220.0,0.0203,prediksi
KOTA DEPOK,1,2027,975892.0,975892.0,992944.0,-0.0172,prediksi
KOTA DEPOK,1,2028,975892.0,975892.0,975892.0,0.0,prediksi
KOTA DEPOK,1,2029,975892.0,975892.0,975892.0,0.0,prediksi
KOTA DEPOK,1,2030,975892.0,975892.0,975892.0,0.0,prediksi
KOTA DEPOK,2,2016,0.0,0.0,0.0,0.0,historis
KOTA DEPOK,2,2017,0.0,0.0,0.0,0.0,historis
KOTA DEPOK,2,2018,792.0,0.0,0.0,0.0,historis
KOTA DEPOK,2,2019,807.0,792.0,0.0,0.0,historis
KOTA DEPOK,2,2020,767.0,807.0,792.0,0.01893939393939394,historis
KOTA DEPOK,2,2021,727.0,767.0,807.0,-0.04956629491945477,historis
KOTA DEPOK,2,2021,727.0,727.0,767.0,-0.05215123859191656,historis
KOTA DEPOK,2,2021,727.0,727.0,727.0,0.0,historis
KOTA DEPOK,2,2021,727.0,727.0,727.0,0.0,historis
KOTA DEPOK,2,2021,727.0,727.0,727.0,0.0,historis
KOTA DEPOK,2,2021,727.0,727.0,727.0,0.0,historis
KOTA DEPOK,2,2021,727.0,727.0,727.0,0.0,historis
KOTA DEPOK,2,2021,727.0,727.0,727.0,0.0,historis
KOTA DEPOK,2,2021,727.0,727.0,727.0,0.0,historis
KOTA DEPOK,2,2021,727.0,727.0,727.0,0.0,historis
KOTA DEPOK,2,2021,727.0,727.0,727.0,0.0,historis
KOTA DEPOK,2,2021,727.0,727.0,727.0,0.0,historis
KOTA DEPOK,2,2021,727.0,727.0,727.0,0.0,historis
KOTA DEPOK,2,2021,727.0,727.0,727.0,0.0,historis
KOTA DEPOK,2,2022,393.0,727.0,727.0,0.0,historis
KOTA DEPOK,2,2022,393.0,393.0,727.0,-0.4594222833562586,historis
KOTA DEPOK,2,2022,393.0,393.0,393.0,0.0,historis
KOTA DEPOK,2,2022,393.0,393.0,393.0,0.0,historis
KOTA DEPOK,2,2022,393.0,393.0,393.0,0.0,historis
KOTA DEPOK,2,2022,393.0,393.0,393.0,0.0,historis
KOTA DEPOK,2,2022,393.0,393.0,393.0,0.0,historis
KOTA DEPOK,2,2022,393.0,393.0,393.0,0.0,historis
KOTA DEPOK,2,2022,393.0,393.0,393.0,0.0,historis
KOTA DEPOK,2,2022,393.0,393.0,393.0,0.0,historis
KOTA DEPOK,2,2022,393.0,393.0,393.0,0.0,historis
KOTA DEPOK,2,2022,393.0,393.0,393.0,0.0,historis
KOTA DEPOK,2,2022,393.0,393.0,393.0,0.0,historis
KOTA DEPOK,2,2023,738.0,393.0,393.0,0.0,historis
KOTA DEPOK,2,2023,738.0,738.0,393.0,0.8778625954198473,historis
KOTA DEPOK,2,2023,738.0,738.0,738.0,0.0,historis
KOTA DEPOK,2,2023,738.0,738.0,738.0,0.0,historis
KOTA DEPOK,2,2023,738.0,738.0,738.0,0.0,historis
KOTA DEPOK,2,2023,738.0,738.0,738.0,0.0,historis
KOTA DEPOK,2,2024,841.0,738.0,738.0,0.0,historis
KOTA DEPOK,2,2024,841.0,841.0,738.0,0.13956639566395665,historis
KOTA DEPOK,2,2024,841.0,841.0,841.0,0.0,historis
KOTA DEPOK,2,2024,841.0,841.0,841.0,0.0,historis
KOTA DEPOK,2,2024,841.0,841.0,841.0,0.0,historis
KOTA DEPOK,2,2024,841.0,841.0,841.0,0.0,historis
KOTA DEPOK,2,2024,841.0,841.0,841.0,0.0,historis
KOTA DEPOK,2,2024,841.0,841.0,841.0,0.0,historis
KOTA DEPOK,2,2024,841.0,841.0,841.0,0.0,historis
KOTA DEPOK,2,2024,841.0,841.0,841.0,0.0,historis
KOTA DEPOK,2,2024,841.0,841.0,841.0,0.0,historis
KOTA DEPOK,2,2025,918.0,841.0,841.0,0.0,historis
KOTA DEPOK,2,2026,966.0,918.0,841.0,0.0916,prediksi
KOTA DEPOK,2,2027,966.0,966.0,918.0,0.0521,prediksi
KOTA DEPOK,2,2028,966.0,966.0,966.0,0.0,prediksi
KOTA DEPOK,2,2029,966.0,966.0,966.0,0.0,prediksi
KOTA DEPOK,2,2030,966.0,966.0,966.0,0.0,prediksi
KOTA DEPOK,3,2016,0.0,0.0,0.0,0.0,historis
KOTA DEPOK,3,2017,0.0,0.0,0.0,0.0,historis
KOTA DEPOK,3,2018,19919.0,0.0,0.0,0.0,historis
KOTA DEPOK,3,2019,19895.0,19919.0,0.0,0.0,historis
KOTA DEPOK,3,2020,18969.0,19895.0,19919.0,-0.0012048797630403133,historis
KOTA DEPOK,3,2021,18954.0,18969.0,19895.0,-0.04654435787886404,historis
KOTA DEPOK,3,2021,18954.0,18954.0,18969.0,-0.0007907638779060573,historis
KOTA DEPOK,3,2021,18954.0,18954.0,18954.0,0.0,historis
KOTA DEPOK,3,2021,18954.0,18954.0,18954.0,0.0,historis
KOTA DEPOK,3,2021,18954.0,18954.0,18954.0,0.0,historis
KOTA DEPOK,3,2021,18954.0,18954.0,18954.0,0.0,historis
KOTA DEPOK,3,2021,18954.0,18954.0,18954.0,0.0,historis
KOTA DEPOK,3,2021,18954.0,18954.0,18954.0,0.0,historis
KOTA DEPOK,3,2021,18954.0,18954.0,18954.0,0.0,historis
KOTA DEPOK,3,2021,18954.0,18954.0,18954.0,0.0,historis
KOTA DEPOK,3,2021,18954.0,18954.0,18954.0,0.0,historis
KOTA DEPOK,3,2021,18954.0,18954.0,18954.0,0.0,historis
KOTA DEPOK,3,2021,18954.0,18954.0,18954.0,0.0,historis
KOTA DEPOK,3,2021,18954.0,18954.0,18954.0,0.0,historis
KOTA DEPOK,3,2022,12368.0,18954.0,18954.0,0.0,historis
KOTA DEPOK,3,2022,12368.0,12368.0,18954.0,-0.3474728289543104,historis
KOTA DEPOK,3,2022,12368.0,12368.0,12368.0,0.0,historis
KOTA DEPOK,3,2022,12368.0,12368.0,12368.0,0.0,historis
KOTA DEPOK,3,2022,12368.0,12368.0,12368.0,0.0,historis
KOTA DEPOK,3,2022,12368.0,12368.0,12368.0,0.0,historis
KOTA DEPOK,3,2022,12368.0,12368.0,12368.0,0.0,historis
KOTA DEPOK,3,2022,12368.0,12368.0,12368.0,0.0,historis
KOTA DEPOK,3,2022,12368.0,12368.0,12368.0,0.0,historis
KOTA DEPOK,3,2022,12368.0,12368.0,12368.0,0.0,historis
KOTA DEPOK,3,2022,12368.0,12368.0,12368.0,0.0,historis
KOTA DEPOK,3,2022,12368.0,12368.0,12368.0,0.0,historis
KOTA DEPOK,3,2022,12368.0,12368.0,12368.0,0.0,historis
KOTA DEPOK,3,2023,19699.0,12368.0,12368.0,0.0,historis
KOTA DEPOK,3,2023,19699.0,19699.0,12368.0,0.5927393272962483,historis
KOTA DEPOK,3,2023,19699.0,19699.0,19699.0,0.0,historis
KOTA DEPOK,3,2023,19699.0,19699.0,19699.0,0.0,historis
KOTA DEPOK,3,2023,19699.0,19699.0,19699.0,0.0,historis
KOTA DEPOK,3,2023,19699.0,19699.0,19699.0,0.0,historis
KOTA DEPOK,3,2024,19682.0,19699.0,19699.0,0.0,historis
KOTA DEPOK,3,2024,19682.0,19682.0,19699.0,-0.0008629879689324332,historis
KOTA DEPOK,3,2024,19682.0,19682.0,19682.0,0.0,historis
KOTA DEPOK,3,2024,19682.0,19682.0,19682.0,0.0,historis
KOTA DEPOK,3,2024,19682.0,19682.0,19682.0,0.0,historis
KOTA DEPOK,3,2024,19682.0,19682.0,19682.0,0.0,historis
KOTA DEPOK,3,2024,19682.0,19682.0,19682.0,0.0,historis
KOTA DEPOK,3,2024,19682.0,19682.0,19682.0,0.0,historis
KOTA DEPOK,3,2024,19682.0,19682.0,19682.0,0.0,historis
KOTA DEPOK,3,2024,19682.0,19682.0,19682.0,0.0,historis
KOTA DEPOK,3,2024,19682.0,19682.0,19682.0,0.0,historis
KOTA DEPOK,3,2025,20114.0,19682.0,19682.0,0.0,historis
KOTA DEPOK,3,2026,20031.0,20114.0,19682.0,0.0219,prediksi
KOTA DEPOK,3,2027,20031.0,20031.0,20114.0,-0.0041,prediksi
KOTA DEPOK,3,2028,20031.0,20031.0,20031.0,0.0,prediksi
KOTA DEPOK,3,2029,20031.0,20031.0,20031.0,0.0,prediksi
KOTA DEPOK,3,2030,20031.0,20031.0,20031.0,0.0,prediksi
KOTA SUKABUMI,0,2016,0.0,0.0,0.0,0.0,historis
KOTA SUKABUMI,0,2017,0.0,0.0,0.0,0.0,historis
KOTA SUKABUMI,0,2018,19483.0,0.0,0.0,0.0,historis
KOTA SUKABUMI,0,2019,20363.0,19483.0,0.0,0.0,historis
KOTA SUKABUMI,0,2020,19241.0,20363.0,19483.0,0.04516758199455936,historis
KOTA SUKABUMI,0,2021,19138.0,19241.0,20363.0,-0.05509993615871925,historis
KOTA SUKABUMI,0,2021,19138.0,19138.0,19241.0,-0.005353152123070527,historis
KOTA SUKABUMI,0,2021,19138.0,19138.0,19138.0,0.0,historis
KOTA SUKABUMI,0,2021,19138.0,19138.0,19138.0,0.0,historis
KOTA SUKABUMI,0,2021,19138.0,19138.0,19138.0,0.0,historis
KOTA SUKABUMI,0,2021,19138.0,19138.0,19138.0,0.0,historis
KOTA SUKABUMI,0,2021,19138.0,19138.0,19138.0,0.0,historis
KOTA SUKABUMI,0,2022,19553.0,19138.0,19138.0,0.0,historis
KOTA SUKABUMI,0,2022,19553.0,19553.0,19138.0,0.021684606541958407,historis
KOTA SUKABUMI,0,2022,19553.0,19553.0,19553.0,0.0,historis
KOTA SUKABUMI,0,2022,19553.0,19553.0,19553.0,0.0,historis
KOTA SUKABUMI,0,2022,19553.0,19553.0,19553.0,0.0,historis
KOTA SUKABUMI,0,2022,19553.0,19553.0,19553.0,0.0,historis
KOTA SUKABUMI,0,2022,19553.0,19553.0,19553.0,0.0,historis
KOTA SUKABUMI,0,2022,19553.0,19553.0,19553.0,0.0,historis
KOTA SUKABUMI,0,2022,19553.0,19553.0,19553.0,0.0,historis
KOTA SUKABUMI,0,2022,19553.0,19553.0,19553.0,0.0,historis
KOTA SUKABUMI,0,2023,19900.0,19553.0,19553.0,0.0,historis
KOTA SUKABUMI,0,2023,19900.0,19900.0,19553.0,0.017746637344652993,historis
KOTA SUKABUMI,0,2023,19900.0,19900.0,19900.0,0.0,historis
KOTA SUKABUMI,0,2023,19900.0,19900.0,19900.0,0.0,historis
KOTA SUKABUMI,0,2023,19900.0,19900.0,19900.0,0.0,historis
KOTA SUKABUMI,0,2023,19900.0,19900.0,19900.0,0.0,historis
KOTA SUKABUMI,0,2023,19900.0,19900.0,19900.0,0.0,historis
KOTA SUKABUMI,0,2023,19900.0,19900.0,19900.0,0.0,historis
KOTA SUKABUMI,0,2023,19900.0,19900.0,19900.0,0.0,historis
KOTA SUKABUMI,0,2024,19741.0,19900.0,19900.0,0.0,historis
KOTA SUKABUMI,0,2024,19741.0,19741.0,19900.0,-0.007989949748743718,historis
KOTA SUKABUMI,0,2024,19741.0,19741.0,19741.0,0.0,historis
KOTA SUKABUMI,0,2024,19741.0,19741.0,19741.0,0.0,historis
KOTA SUKABUMI,0,2024,19741.0,19741.0,19741.0,0.0,historis
KOTA SUKABUMI,0,2024,19741.0,19741.0,19741.0,0.0,historis
KOTA SUKABUMI,0,2024,19741.0,19741.0,19741.0,0.0,historis
KOTA SUKABUMI,0,2024,19741.0,19741.0,19741.0,0.0,historis
KOTA SUKABUMI,0,2024,19741.0,19741.0,19741.0,0.0,historis
KOTA SUKABUMI,0,2024,19741.0,19741.0,19741.0,0.0,historis
KOTA SUKABUMI,0,2024,19741.0,19741.0,19741.0,0.0,historis
KOTA SUKABUMI,0,2024,19741.0,19741.0,19741.0,0.0,historis
KOTA SUKABUMI,0,2024,19741.0,19741.0,19741.0,0.0,historis
KOTA SUKABUMI,0,2024,19741.0,19741.0,19741.0,0.0,historis
KOTA SUKABUMI,0,2024,19741.0,19741.0,19741.0,0.0,historis
KOTA SUKABUMI,0,2025,20030.0,19741.0,19741.0,0.0,historis
KOTA SUKABUMI,0,2026,12003.0,20030.0,19741.0,0.0146,prediksi
KOTA SUKABUMI,0,2027,12003.0,12003.0,20030.0,-0.4008,prediksi
KOTA SUKABUMI,0,2028,12003.0,12003.0,12003.0,0.0,prediksi
KOTA SUKABUMI,0,2029,12003.0,12003.0,12003.0,0.0,prediksi
KOTA SUKABUMI,0,2030,12003.0,12003.0,12003.0,0.0,prediksi
KOTA SUKABUMI,1,2016,0.0,0.0,0.0,0.0,historis
KOTA SUKABUMI,1,2017,0.0,0.0,0.0,0.0,historis
KOTA SUKABUMI,1,2018,100486.0,0.0,0.0,0.0,historis
KOTA SUKABUMI,1,2019,102602.0,100486.0,0.0,0.0,historis
KOTA SUKABUMI,1,2020,94484.0,102602.0,100486.0,0.021057659773500787,historis
KOTA SUKABUMI,1,2021,94263.0,94484.0,102602.0,-0.07912126469269605,historis
KOTA SUKABUMI,1,2021,94263.0,94263.0,94484.0,-0.0023390203632361033,historis
KOTA SUKABUMI,1,2021,94263.0,94263.0,94263.0,0.0,historis
KOTA SUKABUMI,1,2021,94263.0,94263.0,94263.0,0.0,historis
KOTA SUKABUMI,1,2021,94263.0,94263.0,94263.0,0.0,historis
KOTA SUKABUMI,1,2021,94263.0,94263.0,94263.0,0.0,historis
KOTA SUKABUMI,1,2021,94263.0,94263.0,94263.0,0.0,historis
KOTA SUKABUMI,1,2022,95566.0,94263.0,94263.0,0.0,historis
KOTA SUKABUMI,1,2022,95566.0,95566.0,94263.0,0.013823027062580227,historis
KOTA SUKABUMI,1,2022,95566.0,95566.0,95566.0,0.0,historis
KOTA SUKABUMI,1,2022,95566.0,95566.0,95566.0,0.0,historis
KOTA SUKABUMI,1,2022,95566.0,95566.0,95566.0,0.0,historis
KOTA SUKABUMI,1,2022,95566.0,95566.0,95566.0,0.0,historis
KOTA SUKABUMI,1,2022,95566.0,95566.0,95566.0,0.0,historis
KOTA SUKABUMI,1,2022,95566.0,95566.0,95566.0,0.0,historis
KOTA SUKABUMI,1,2022,95566.0,95566.0,95566.0,0.0,historis
KOTA SUKABUMI,1,2022,95566.0,95566.0,95566.0,0.0,historis
KOTA SUKABUMI,1,2023,97322.0,95566.0,95566.0,0.0,historis
KOTA SUKABUMI,1,2023,97322.0,97322.0,95566.0,0.0183747357846933,historis
KOTA SUKABUMI,1,2023,97322.0,97322.0,97322.0,0.0,historis
KOTA SUKABUMI,1,2023,97322.0,97322.0,97322.0,0.0,historis
KOTA SUKABUMI,1,2023,97322.0,97322.0,97322.0,0.0,historis
KOTA SUKABUMI,1,2023,97322.0,97322.0,97322.0,0.0,historis
KOTA SUKABUMI,1,2023,97322.0,97322.0,97322.0,0.0,historis
KOTA SUKABUMI,1,2023,97322.0,97322.0,97322.0,0.0,historis
KOTA SUKABUMI,1,2023,97322.0,97322.0,97322.0,0.0,historis
KOTA SUKABUMI,1,2024,97853.0,97322.0,97322.0,0.0,historis
KOTA SUKABUMI,1,2024,97853.0,97853.0,97322.0,0.005456114753087688,historis
KOTA SUKABUMI,1,2024,97853.0,97853.0,97853.0,0.0,historis
KOTA SUKABUMI,1,2024,97853.0,97853.0,97853.0,0.0,historis
KOTA SUKABUMI,1,2024,97853.0,97853.0,97853.0,0.0,historis
KOTA SUKABUMI,1,2024,97853.0,97853.0,97853.0,0.0,historis
KOTA SUKABUMI,1,2024,97853.0,97853.0,97853.0,0.0,historis
KOTA SUKABUMI,1,2024,97853.0,97853.0,97853.0,0.0,historis
KOTA SUKABUMI,1,2024,97853.0,97853.0,97853.0,0.0,historis
KOTA SUKABUMI,1,2024,97853.0,97853.0,97853.0,0.0,historis
KOTA SUKABUMI,1,2024,97853.0,97853.0,97853.0,0.0,historis
KOTA SUKABUMI,1,2024,97853.0,97853.0,97853.0,0.0,historis
KOTA SUKABUMI,1,2024,97853.0,97853.0,97853.0,0.0,historis
KOTA SUKABUMI,1,2024,97853.0,97853.0,97853.0,0.0,historis
KOTA SUKABUMI,1,2024,97853.0,97853.0,97853.0,0.0,historis
KOTA SUKABUMI,1,2025,98481.0,97853.0,97853.0,0.0,historis
KOTA SUKABUMI,1,2026,97662.0,98481.0,97853.0,0.0064,prediksi
KOTA SUKABUMI,1,2027,97662.0,97662.0,98481.0,-0.0083,prediksi
KOTA SUKABUMI,1,2028,97662.0,97662.0,97662.0,0.0,prediksi
KOTA SUKABUMI,1,2029,97662.0,97662.0,97662.0,0.0,prediksi
KOTA SUKABUMI,1,2030,97662.0,97662.0,97662.0,0.0,prediksi
KOTA SUKABUMI,2,2016,0.0,0.0,0.0,0.0,historis
KOTA SUKABUMI,2,2017,0.0,0.0,0.0,0.0,historis
KOTA SUKABUMI,2,2018,714.0,0.0,0.0,0.0,historis
KOTA SUKABUMI,2,2019,696.0,714.0,0.0,0.0,historis
KOTA SUKABUMI,2,2020,642.0,696.0,714.0,-0.025210084033613446,historis
KOTA SUKABUMI,2,2021,565.0,642.0,696.0,-0.07758620689655173,historis
KOTA SUKABUMI,2,2021,565.0,565.0,642.0,-0.11993769470404984,historis
KOTA SUKABUMI,2,2021,565.0,565.0,565.0,0.0,historis
KOTA SUKABUMI,2,2021,565.0,565.0,565.0,0.0,historis
KOTA SUKABUMI,2,2021,565.0,565.0,565.0,0.0,historis
KOTA SUKABUMI,2,2021,565.0,565.0,565.0,0.0,historis
KOTA SUKABUMI,2,2021,565.0,565.0,565.0,0.0,historis
KOTA SUKABUMI,2,2022,515.0,565.0,565.0,0.0,historis
KOTA SUKABUMI,2,2022,515.0,515.0,565.0,-0.08849557522123894,historis
KOTA SUKABUMI,2,2022,515.0,515.0,515.0,0.0,historis
KOTA SUKABUMI,2,2022,515.0,515.0,515.0,0.0,historis
KOTA SUKABUMI,2,2022,515.0,515.0,515.0,0.0,historis
KOTA SUKABUMI,2,2022,515.0,515.0,515.0,0.0,historis
KOTA SUKABUMI,2,2022,515.0,515.0,515.0,0.0,historis
KOTA SUKABUMI,2,2022,515.0,515.0,515.0,0.0,historis
KOTA SUKABUMI,2,2022,515.0,515.0,515.0,0.0,historis
KOTA SUKABUMI,2,2022,515.0,515.0,515.0,0.0,historis
KOTA SUKABUMI,2,2023,479.0,515.0,515.0,0.0,historis
KOTA SUKABUMI,2,2023,479.0,479.0,515.0,-0.06990291262135923,historis
KOTA SUKABUMI,2,2023,479.0,479.0,479.0,0.0,historis
KOTA SUKABUMI,2,2023,479.0,479.0,479.0,0.0,historis
KOTA SUKABUMI,2,2023,479.0,479.0,479.0,0.0,historis
KOTA SUKABUMI,2,2023,479.0,479.0,479.0,0.0,historis
KOTA SUKABUMI,2,2023,479.0,479.0,479.0,0.0,historis
KOTA SUKABUMI,2,2023,479.0,479.0,479.0,0.0,historis
KOTA SUKABUMI,2,2023,479.0,479.0,479.0,0.0,historis
KOTA SUKABUMI,2,2024,439.0,479.0,479.0,0.0,historis
KOTA SUKABUMI,2,2024,439.0,439.0,479.0,-0.08350730688935282,historis
KOTA SUKABUMI,2,2024,439.0,439.0,439.0,0.0,historis
KOTA SUKABUMI,2,2024,439.0,439.0,439.0,0.0,historis
KOTA SUKABUMI,2,2024,439.0,439.0,439.0,0.0,historis
KOTA SUKABUMI,2,2024,439.0,439.0,439.0,0.0,historis
KOTA SUKABUMI,2,2024,439.0,439.0,439.0,0.0,historis
KOTA SUKABUMI,2,2024,439.0,439.0,439.0,0.0,historis
KOTA SUKABUMI,2,2024,439.0,439.0,439.0,0.0,historis
KOTA SUKABUMI,2,2024,439.0,439.0,439.0,0.0,historis
KOTA SUKABUMI,2,2024,439.0,439.0,439.0,0.0,historis
KOTA SUKABUMI,2,2024,439.0,439.0,439.0,0.0,historis
KOTA SUKABUMI,2,2024,439.0,439.0,439.0,0.0,historis
KOTA SUKABUMI,2,2024,439.0,439.0,439.0,0.0,historis
KOTA SUKABUMI,2,2024,439.0,439.0,439.0,0.0,historis
KOTA SUKABUMI,2,2025,403.0,439.0,439.0,0.0,historis
KOTA SUKABUMI,2,2026,282.0,403.0,439.0,-0.082,prediksi
KOTA SUKABUMI,2,2027,282.0,282.0,403.0,-0.3004,prediksi
KOTA SUKABUMI,2,2028,282.0,282.0,282.0,0.0,prediksi
KOTA SUKABUMI,2,2029,282.0,282.0,282.0,0.0,prediksi
KOTA SUKABUMI,2,2030,282.0,282.0,282.0,0.0,prediksi
KOTA SUKABUMI,3,2016,0.0,0.0,0.0,0.0,historis
KOTA SUKABUMI,3,2017,0.0,0.0,0.0,0.0,historis
KOTA SUKABUMI,3,2018,5644.0,0.0,0.0,0.0,historis
KOTA SUKABUMI,3,2019,5565.0,5644.0,0.0,0.0,historis
KOTA SUKABUMI,3,2020,5077.0,5565.0,5644.0,-0.013997165131112686,historis
KOTA SUKABUMI,3,2021,4966.0,5077.0,5565.0,-0.08769092542677448,historis
KOTA SUKABUMI,3,2021,4966.0,4966.0,5077.0,-0.021863305101437858,historis
KOTA SUKABUMI,3,2021,4966.0,4966.0,4966.0,0.0,historis
KOTA SUKABUMI,3,2021,4966.0,4966.0,4966.0,0.0,historis
KOTA SUKABUMI,3,2021,4966.0,4966.0,4966.0,0.0,historis
KOTA SUKABUMI,3,2021,4966.0,4966.0,4966.0,0.0,historis
KOTA SUKABUMI,3,2021,4966.0,4966.0,4966.0,0.0,historis
KOTA SUKABUMI,3,2022,5073.0,4966.0,4966.0,0.0,historis
KOTA SUKABUMI,3,2022,5073.0,5073.0,4966.0,0.021546516310914216,historis
KOTA SUKABUMI,3,2022,5073.0,5073.0,5073.0,0.0,historis
KOTA SUKABUMI,3,2022,5073.0,5073.0,5073.0,0.0,historis
KOTA SUKABUMI,3,2022,5073.0,5073.0,5073.0,0.0,historis
KOTA SUKABUMI,3,2022,5073.0,5073.0,5073.0,0.0,historis
KOTA SUKABUMI,3,2022,5073.0,5073.0,5073.0,0.0,historis
KOTA SUKABUMI,3,2022,5073.0,5073.0,5073.0,0.0,historis
KOTA SUKABUMI,3,2022,5073.0,5073.0,5073.0,0.0,historis
KOTA SUKABUMI,3,2022,5073.0,5073.0,5073.0,0.0,historis
KOTA SUKABUMI,3,2023,5041.0,5073.0,5073.0,0.0,historis
KOTA SUKABUMI,3,2023,5041.0,5041.0,5073.0,-0.006307904592943032,historis
KOTA SUKABUMI,3,2023,5041.0,5041.0,5041.0,0.0,historis
KOTA SUKABUMI,3,2023,5041.0,5041.0,5041.0,0.0,historis
KOTA SUKABUMI,3,2023,5041.0,5041.0,5041.0,0.0,historis
KOTA SUKABUMI,3,2023,5041.0,5041.0,5041.0,0.0,historis
KOTA SUKABUMI,3,2023,5041.0,5041.0,5041.0,0.0,historis
KOTA SUKABUMI,3,2023,5041.0,5041.0,5041.0,0.0,historis
KOTA SUKABUMI,3,2023,5041.0,5041.0,5041.0,0.0,historis
KOTA SUKABUMI,3,2024,4920.0,5041.0,5041.0,0.0,historis
KOTA SUKABUMI,3,2024,4920.0,4920.0,5041.0,-0.024003173973417974,historis
KOTA SUKABUMI,3,2024,4920.0,4920.0,4920.0,0.0,historis
KOTA SUKABUMI,3,2024,4920.0,4920.0,4920.0,0.0,historis
KOTA SUKABUMI,3,2024,4920.0,4920.0,4920.0,0.0,historis
KOTA SUKABUMI,3,2024,4920.0,4920.0,4920.0,0.0,historis
KOTA SUKABUMI,3,2024,4920.0,4920.0,4920.0,0.0,historis
KOTA SUKABUMI,3,2024,4920.0,4920.0,4920.0,0.0,historis
KOTA SUKABUMI,3,2024,4920.0,4920.0,4920.0,0.0,historis
KOTA SUKABUMI,3,2024,4920.0,4920.0,4920.0,0.0,historis
KOTA SUKABUMI,3,2024,4920.0,4920.0,4920.0,0.0,historis
KOTA SUKABUMI,3,2024,4920.0,4920.0,4920.0,0.0,historis
KOTA SUKABUMI,3,2024,4920.0,4920.0,4920.0,0.0,historis
KOTA SUKABUMI,3,2024,4920.0,4920.0,4920.0,0.0,historis
KOTA SUKABUMI,3,2024,4920.0,4920.0,4920.0,0.0,historis
KOTA SUKABUMI,3,2025,4995.0,4920.0,4920.0,0.0,historis
KOTA SUKABUMI,3,2026,5646.0,4995.0,4920.0,0.0152,prediksi
KOTA SUKABUMI,3,2027,5646.0,5646.0,4995.0,0.1303,prediksi
KOTA SUKABUMI,3,2028,5646.0,5646.0,5646.0,0.0,prediksi
KOTA SUKABUMI,3,2029,5646.0,5646.0,5646.0,0.0,prediksi
KOTA SUKABUMI,3,2030,5646.0,5646.0,5646.0,0.0,prediksi
KOTA TASIKMALAYA,0,2016,0.0,0.0,0.0,0.0,historis
KOTA TASIKMALAYA,0,2017,0.0,0.0,0.0,0.0,historis
KOTA TASIKMALAYA,0,2018,26358.0,0.0,0.0,0.0,historis
KOTA TASIKMALAYA,0,2019,27858.0,26358.0,0.0,0.0,historis
KOTA TASIKMALAYA,0,2020,27484.0,27858.0,26358.0,0.05690871841566128,historis
KOTA TASIKMALAYA,0,2021,27319.0,27484.0,27858.0,-0.013425227941704358,historis
KOTA TASIKMALAYA,0,2021,27319.0,27319.0,27484.0,-0.006003492941347693,historis
KOTA TASIKMALAYA,0,2021,27319.0,27319.0,27319.0,0.0,historis
KOTA TASIKMALAYA,0,2021,27319.0,27319.0,27319.0,0.0,historis
KOTA TASIKMALAYA,0,2021,27319.0,27319.0,27319.0,0.0,historis
KOTA TASIKMALAYA,0,2021,27319.0,27319.0,27319.0,0.0,historis
KOTA TASIKMALAYA,0,2022,28825.0,27319.0,27319.0,0.0,historis
KOTA TASIKMALAYA,0,2022,28825.0,28825.0,27319.0,0.055126468758007245,historis
KOTA TASIKMALAYA,0,2022,28825.0,28825.0,28825.0,0.0,historis
KOTA TASIKMALAYA,0,2022,28825.0,28825.0,28825.0,0.0,historis
KOTA TASIKMALAYA,0,2022,28825.0,28825.0,28825.0,0.0,historis
KOTA TASIKMALAYA,0,2022,28825.0,28825.0,28825.0,0.0,historis
KOTA TASIKMALAYA,0,2022,28825.0,28825.0,28825.0,0.0,historis
KOTA TASIKMALAYA,0,2022,28825.0,28825.0,28825.0,0.0,historis
KOTA TASIKMALAYA,0,2022,28825.0,28825.0,28825.0,0.0,historis
KOTA TASIKMALAYA,0,2022,28825.0,28825.0,28825.0,0.0,historis
KOTA TASIKMALAYA,0,2022,28825.0,28825.0,28825.0,0.0,historis
KOTA TASIKMALAYA,0,2023,29958.0,28825.0,28825.0,0.0,historis
KOTA TASIKMALAYA,0,2023,29958.0,29958.0,28825.0,0.039306157849089335,historis
KOTA TASIKMALAYA,0,2023,29958.0,29958.0,29958.0,0.0,historis
KOTA TASIKMALAYA,0,2023,29958.0,29958.0,29958.0,0.0,historis
KOTA TASIKMALAYA,0,2023,29958.0,29958.0,29958.0,0.0,historis
KOTA TASIKMALAYA,0,2023,29958.0,29958.0,29958.0,0.0,historis
KOTA TASIKMALAYA,0,2023,29958.0,29958.0,29958.0,0.0,historis
KOTA TASIKMALAYA,0,2023,29958.0,29958.0,29958.0,0.0,historis
KOTA TASIKMALAYA,0,2024,30412.0,29958.0,29958.0,0.0,historis
KOTA TASIKMALAYA,0,2024,30412.0,30412.0,29958.0,0.015154549702917419,historis
KOTA TASIKMALAYA,0,2024,30412.0,30412.0,30412.0,0.0,historis
KOTA TASIKMALAYA,0,2024,30412.0,30412.0,30412.0,0.0,historis
KOTA TASIKMALAYA,0,2025,31429.0,30412.0,30412.0,0.0,historis
KOTA TASIKMALAYA,0,2026,30430.0,31429.0,30412.0,0.0334,prediksi
KOTA TASIKMALAYA,0,2027,30430.0,30430.0,31429.0,-0.0318,prediksi
KOTA TASIKMALAYA,0,2028,30430.0,30430.0,30430.0,0.0,prediksi
KOTA TASIKMALAYA,0,2029,30430.0,30430.0,30430.0,0.0,prediksi
KOTA TASIKMALAYA,0,2030,30430.0,30430.0,30430.0,0.0,prediksi
KOTA TASIKMALAYA,1,2016,0.0,0.0,0.0,0.0,historis
KOTA TASIKMALAYA,1,2017,0.0,0.0,0.0,0.0,historis
KOTA TASIKMALAYA,1,2018,207147.0,0.0,0.0,0.0,historis
KOTA TASIKMALAYA,1,2019,212465.0,207147.0,0.0,0.0,historis
KOTA TASIKMALAYA,1,2020,200263.0,212465.0,207147.0,0.025672589996475932,historis
KOTA TASIKMALAYA,1,2021,199579.0,200263.0,212465.0,-0.05743063563410444,historis
KOTA TASIKMALAYA,1,2021,199579.0,199579.0,200263.0,-0.0034155086061828694,historis
KOTA TASIKMALAYA,1,2021,199579.0,199579.0,199579.0,0.0,historis
KOTA TASIKMALAYA,1,2021,199579.0,199579.0,199579.0,0.0,historis
KOTA TASIKMALAYA,1,2021,199579.0,199579.0,199579.0,0.0,historis
KOTA TASIKMALAYA,1,2021,199579.0,199579.0,199579.0,0.0,historis
KOTA TASIKMALAYA,1,2022,201379.0,199579.0,199579.0,0.0,historis
KOTA TASIKMALAYA,1,2022,201379.0,201379.0,199579.0,0.009018984963347847,historis
KOTA TASIKMALAYA,1,2022,201379.0,201379.0,201379.0,0.0,historis
KOTA TASIKMALAYA,1,2022,201379.0,201379.0,201379.0,0.0,historis
KOTA TASIKMALAYA,1,2022,201379.0,201379.0,201379.0,0.0,historis
KOTA TASIKMALAYA,1,2022,201379.0,201379.0,201379.0,0.0,historis
KOTA TASIKMALAYA,1,2022,201379.0,201379.0,201379.0,0.0,historis
KOTA TASIKMALAYA,1,2022,201379.0,201379.0,201379.0,0.0,historis
KOTA TASIKMALAYA,1,2022,201379.0,201379.0,201379.0,0.0,historis
KOTA TASIKMALAYA,1,2022,201379.0,201379.0,201379.0,0.0,historis
KOTA TASIKMALAYA,1,2022,201379.0,201379.0,201379.0,0.0,historis
KOTA TASIKMALAYA,1,2023,204669.0,201379.0,201379.0,0.0,historis
KOTA TASIKMALAYA,1,2023,204669.0,204669.0,201379.0,0.01633735394455231,historis
KOTA TASIKMALAYA,1,2023,204669.0,204669.0,204669.0,0.0,historis
KOTA TASIKMALAYA,1,2023,204669.0,204669.0,204669.0,0.0,historis
KOTA TASIKMALAYA,1,2023,204669.0,204669.0,204669.0,0.0,historis
KOTA TASIKMALAYA,1,2023,204669.0,204669.0,204669.0,0.0,historis
KOTA TASIKMALAYA,1,2023,204669.0,204669.0,204669.0,0.0,historis
KOTA TASIKMALAYA,1,2023,204669.0,204669.0,204669.0,0.0,historis
KOTA TASIKMALAYA,1,2024,205759.0,204669.0,204669.0,0.0,historis
KOTA TASIKMALAYA,1,2024,205759.0,205759.0,204669.0,0.005325672182890423,historis
KOTA TASIKMALAYA,1,2024,205759.0,205759.0,205759.0,0.0,historis
KOTA TASIKMALAYA,1,2024,205759.0,205759.0,205759.0,0.0,historis
KOTA TASIKMALAYA,1,2025,206376.0,205759.0,205759.0,0.0,historis
KOTA TASIKMALAYA,1,2026,206376.0,206376.0,205759.0,0.003,prediksi
KOTA TASIKMALAYA,1,2027,206376.0,206376.0,206376.0,0.0,prediksi
KOTA TASIKMALAYA,1,2028,206376.0,206376.0,206376.0,0.0,prediksi
KOTA TASIKMALAYA,1,2029,206376.0,206376.0,206376.0,0.0,prediksi
KOTA TASIKMALAYA,1,2030,206376.0,206376.0,206376.0,0.0,prediksi
KOTA TASIKMALAYA,2,2016,0.0,0.0,0.0,0.0,historis
KOTA TASIKMALAYA,2,2017,0.0,0.0,0.0,0.0,historis
KOTA TASIKMALAYA,2,2018,1390.0,0.0,0.0,0.0,historis
KOTA TASIKMALAYA,2,2019,1415.0,1390.0,0.0,0.0,historis
KOTA TASIKMALAYA,2,2020,1402.0,1415.0,1390.0,0.017985611510791366,historis
KOTA TASIKMALAYA,2,2021,1264.0,1402.0,1415.0,-0.009187279151943463,historis
KOTA TASIKMALAYA,2,2021,1264.0,1264.0,1402.0,-0.09843081312410841,historis
KOTA TASIKMALAYA,2,2021,1264.0,1264.0,1264.0,0.0,historis
KOTA TASIKMALAYA,2,2021,1264.0,1264.0,1264.0,0.0,historis
KOTA TASIKMALAYA,2,2021,1264.0,1264.0,1264.0,0.0,historis
KOTA TASIKMALAYA,2,2021,1264.0,1264.0,1264.0,0.0,historis
KOTA TASIKMALAYA,2,2022,1302.0,1264.0,1264.0,0.0,historis
KOTA TASIKMALAYA,2,2022,1302.0,1302.0,1264.0,0.030063291139240507,historis
KOTA TASIKMALAYA,2,2022,1302.0,1302.0,1302.0,0.0,historis
KOTA TASIKMALAYA,2,2022,1302.0,1302.0,1302.0,0.0,historis
KOTA TASIKMALAYA,2,2022,1302.0,1302.0,1302.0,0.0,historis
KOTA TASIKMALAYA,2,2022,1302.0,1302.0,1302.0,0.0,historis
KOTA TASIKMALAYA,2,2022,1302.0,1302.0,1302.0,0.0,historis
KOTA TASIKMALAYA,2,2022,1302.0,1302.0,1302.0,0.0,historis
KOTA TASIKMALAYA,2,2022,1302.0,1302.0,1302.0,0.0,historis
KOTA TASIKMALAYA,2,2022,1302.0,1302.0,1302.0,0.0,historis
KOTA TASIKMALAYA,2,2022,1302.0,1302.0,1302.0,0.0,historis
KOTA TASIKMALAYA,2,2023,1300.0,1302.0,1302.0,0.0,historis
KOTA TASIKMALAYA,2,2023,1300.0,1300.0,1302.0,-0.0015360983102918587,historis
KOTA TASIKMALAYA,2,2023,1300.0,1300.0,1300.0,0.0,historis
KOTA TASIKMALAYA,2,2023,1300.0,1300.0,1300.0,0.0,historis
KOTA TASIKMALAYA,2,2023,1300.0,1300.0,1300.0,0.0,historis
KOTA TASIKMALAYA,2,2023,1300.0,1300.0,1300.0,0.0,historis
KOTA TASIKMALAYA,2,2023,1300.0,1300.0,1300.0,0.0,historis
KOTA TASIKMALAYA,2,2023,1300.0,1300.0,1300.0,0.0,historis
KOTA TASIKMALAYA,2,2024,1227.0,1300.0,1300.0,0.0,historis
KOTA TASIKMALAYA,2,2024,1227.0,1227.0,1300.0,-0.05615384615384615,historis
KOTA TASIKMALAYA,2,2024,1227.0,1227.0,1227.0,0.0,historis
KOTA TASIKMALAYA,2,2024,1227.0,1227.0,1227.0,0.0,historis
KOTA TASIKMALAYA,2,2025,1206.0,1227.0,1227.0,0.0,historis
KOTA TASIKMALAYA,2,2026,1275.0,1206.0,1227.0,-0.0171,prediksi
KOTA TASIKMALAYA,2,2027,1275.0,1275.0,1206.0,0.0573,prediksi
KOTA TASIKMALAYA,2,2028,1275.0,1275.0,1275.0,0.0,prediksi
KOTA TASIKMALAYA,2,2029,1275.0,1275.0,1275.0,0.0,prediksi
KOTA TASIKMALAYA,2,2030,1275.0,1275.0,1275.0,0.0,prediksi
KOTA TASIKMALAYA,3,2016,0.0,0.0,0.0,0.0,historis
KOTA TASIKMALAYA,3,2017,0.0,0.0,0.0,0.0,historis
KOTA TASIKMALAYA,3,2018,11945.0,0.0,0.0,0.0,historis
KOTA TASIKMALAYA,3,2019,12320.0,11945.0,0.0,0.0,historis
KOTA TASIKMALAYA,3,2020,12039.0,12320.0,11945.0,0.031393888656341566,historis
KOTA TASIKMALAYA,3,2021,11676.0,12039.0,12320.0,-0.02280844155844156,historis
KOTA TASIKMALAYA,3,2021,11676.0,11676.0,12039.0,-0.03015200598056317,historis
KOTA TASIKMALAYA,3,2021,11676.0,11676.0,11676.0,0.0,historis
KOTA TASIKMALAYA,3,2021,11676.0,11676.0,11676.0,0.0,historis
KOTA TASIKMALAYA,3,2021,11676.0,11676.0,11676.0,0.0,historis
KOTA TASIKMALAYA,3,2021,11676.0,11676.0,11676.0,0.0,historis
KOTA TASIKMALAYA,3,2022,12231.0,11676.0,11676.0,0.0,historis
KOTA TASIKMALAYA,3,2022,12231.0,12231.0,11676.0,0.047533401849948614,historis
KOTA TASIKMALAYA,3,2022,12231.0,12231.0,12231.0,0.0,historis
KOTA TASIKMALAYA,3,2022,12231.0,12231.0,12231.0,0.0,historis
KOTA TASIKMALAYA,3,2022,12231.0,12231.0,12231.0,0.0,historis
KOTA TASIKMALAYA,3,2022,12231.0,12231.0,12231.0,0.0,historis
KOTA TASIKMALAYA,3,2022,12231.0,12231.0,12231.0,0.0,historis
KOTA TASIKMALAYA,3,2022,12231.0,12231.0,12231.0,0.0,historis
KOTA TASIKMALAYA,3,2022,12231.0,12231.0,12231.0,0.0,historis
KOTA TASIKMALAYA,3,2022,12231.0,12231.0,12231.0,0.0,historis
KOTA TASIKMALAYA,3,2022,12231.0,12231.0,12231.0,0.0,historis
KOTA TASIKMALAYA,3,2023,12514.0,12231.0,12231.0,0.0,historis
KOTA TASIKMALAYA,3,2023,12514.0,12514.0,12231.0,0.02313792821519091,historis
KOTA TASIKMALAYA,3,2023,12514.0,12514.0,12514.0,0.0,historis
KOTA TASIKMALAYA,3,2023,12514.0,12514.0,12514.0,0.0,historis
KOTA TASIKMALAYA,3,2023,12514.0,12514.0,12514.0,0.0,historis
KOTA TASIKMALAYA,3,2023,12514.0,12514.0,12514.0,0.0,historis
KOTA TASIKMALAYA,3,2023,12514.0,12514.0,12514.0,0.0,historis
KOTA TASIKMALAYA,3,2023,12514.0,12514.0,12514.0,0.0,historis
KOTA TASIKMALAYA,3,2024,12614.0,12514.0,12514.0,0.0,historis
KOTA TASIKMALAYA,3,2024,12614.0,12614.0,12514.0,0.00799105002397315,historis
KOTA TASIKMALAYA,3,2024,12614.0,12614.0,12614.0,0.0,historis
KOTA TASIKMALAYA,3,2024,12614.0,12614.0,12614.0,0.0,historis
KOTA TASIKMALAYA,3,2025,12866.0,12614.0,12614.0,0.0,historis
KOTA TASIKMALAYA,3,2026,12458.0,12866.0,12614.0,0.02,prediksi
KOTA TASIKMALAYA,3,2027,12458.0,12458.0,12866.0,-0.0317,prediksi
KOTA TASIKMALAYA,3,2028,12458.0,12458.0,12458.0,0.0,prediksi
KOTA TASIKMALAYA,3,2029,12458.0,12458.0,12458.0,0.0,prediksi
KOTA TASIKMALAYA,3,2030,12458.0,12458.0,12458.0,0.0,prediksi
